Date,Title,Sentiment
2022-09-29,My favorite climate change fact that will blow liberal’s minds.,Negative
2022-12-03,Climate Change - A Timeline,Neutral
2024-05-23,"Realistically, how screwed are we by climate change?",Negative
2022-11-25,Over 70 Per Cent of Children Aged 7-12 Now Afraid of Climate Change – Survey,Negative
2022-07-20,Climate Change,Neutral
2024-10-24,Conservative thoughts on climate change?,Neutral
2023-04-17,Explain like I'm 5. What are the actual implications of climate change?,Neutral
2025-03-10,BREAKING: Supreme Court rejects Republican states' bid to kill Democrat climate change accountability cases,Negative
2025-01-08,climate change denier james woods loses his home to climate change boosted wildfire,Negative
2025-01-11,MMW: The LA Fires will not change a single thing about the discussion on Climate Change (if anything it will just get worse),Neutral
2025-01-10,I never expected climate change would cause *my* house to burn down!,Negative
2024-07-22,"Climate change is an issue, Mr Clarkson",Neutral
2025-01-13,We’ve Crossed a Key Threshold for Climate Change. There’s No Going Back Now.,Negative
2024-07-01,"""Climate change is a hoax""",Negative
2025-02-04,"Climate change target of 2C is ‘dead’, says renowned climate scientist",Negative
2024-10-04,"Scientists Simulate Alien Civilizations, Find They Keep Dying From Climate Change",Negative
2025-02-04,"Climate change target of 2C is ‘dead’, says renowned climate scientist",Negative
2025-01-31,USDA orders removal of climate change mentions from public websites,Negative
2024-06-19,“This should convince them of climate change”,Neutral
2025-03-24,"I’m Chris Bowen, Minister for Climate Change and Energy. AMA about climate change, energy, what the Government is doing and the upcoming election.",Neutral
2024-08-26,"At least 97% of climate scientists agree that climate change is happening, and research suggests that talking to the public about that consensus can help change misconceptions, and lead to small shifts in beliefs about climate change. The study looked at more than 10,000 people across 27 countries.",Positive
2024-05-31,Vermont becomes 1st state to require oil companies pay for damage from climate change,Positive
2024-11-06,Trump victory has sweeping climate change consequences,Negative
2024-05-21,TV meteorologist blasts Florida’s new ‘Don’t Say Climate Change’ law amid oppressive heat,Negative
2024-09-30,Just a friendly reminder that the climate change deniers don't care about the victims of climate change,Negative
2024-05-25,Holy shit! Climate change is so bad that palm trees now grow in the Bronx!,Negative
2024-11-05,"Trump would be an ""Extinction-Level Event"" for the Planet, Turbocharging Climate Change. Vote Accordingly.",Negative
2024-10-10,Study by Exxon in the 70's on Climate Change.,Neutral
2024-11-05,"Trump would be an ""Extinction-Level Event"" for the Planet, Turbocharging Climate Change. Vote Accordingly.",Negative
2024-06-09,France switching to nuclear power was the fastest and most efficient way to fight climate change,Positive
2024-06-09,France switching to nuclear power was the fastest and most efficient way to fight climate change,Positive
2024-10-10,Alexandria Ocasio-Cortez Explains Climate Change and Hurricanes Amid Misinformation Epidemic,Neutral
2024-10-12,JD Vance says it’s ‘deranged’ for women not to have children due to climate change,Negative
2024-05-17,State with the most risk of climate change elects climate denier who passes law removing references from state law,Negative
2025-01-11,Mel Gibson & Joe Rogan denying climate change while Gibson's house burns to the ground is...,Negative
2024-12-23,Venezuela is the first country to lose all of its glaciers due to climate change,Negative
2025-02-07,Conservative parties positions on climate change for the last 20 years,Neutral
2023-05-25,"DeSantis dismisses climate change, calling it ‘politicisation of weather’",Negative
2023-07-25,Still think climate change isn't real?,Negative
2024-11-05,"Trump would be an ""Extinction-Level Event"" for the Planet, Turbocharging Climate Change. Vote Accordingly.",Negative
2024-11-08,The Democrats Can’t Afford to Ignore Climate Change Ever Again,Neutral
2023-11-12,Carl Sagan on Man made Climate Change - 1990,Neutral
2024-06-28,"Trump Won’t Commit to Doing Anything About Climate Change: During the presidential debate, Trump twice refused to name anything he would do to slow the climate crisis",Negative
2024-10-13,JD Vance says it’s ‘deranged’ for women not to have children due to climate change,Negative
2023-12-09,USA Will Invest in High-Speed ​​Train to Fight Climate Change,Positive
2023-04-23,"Most people feel 'psychologically close' to climate change. Research showed that over 50% of participants actually believe that climate change is happening either now or in the near future and that it will impact their local areas, not just faraway places.",Negative
2024-05-23,Study says Europeans fear migration more than climate change,Negative
2024-09-21,Why didn't you people tell me that enabling the GOP to worsen climate change would harm ME? ,Negative
2025-02-18,When the climate change,Neutral
2025-01-31,USDA Orders Removal of Climate Change Mentions from Public Websites,Negative
2025-03-15,Bill Gates Gives Up on Climate Change,Negative
2025-01-11,Climate Change Will Never Be Taken Seriously-Move To Survive It,Negative
2024-04-07,Climate change in NA ,Neutral
2023-09-20,"Biden is unveiling the Climate Corps, a jobs program to address climate change : NPR",Neutral
2022-08-30,An attempt to embarrass a climate change activist backfires,Negative
2024-09-20,Evangelical climate change denial is killing our planet: A new working paper finds that the belief that God “has a secret timeline involving Jesus’ return and the world’s decline and destruction” is the strongest religious predictor of reluctance to endorse policies to combat climate change. ,Negative
2025-02-19,"Will Southern Florida Still Be Livable in 50 Years, or Will Climate Change Force Mass Migration?",Negative
2023-08-30,Scientists Warn 1 Billion People on Track to Die From Climate Change : ScienceAlert,Negative
2023-05-25,"DeSantis dismisses climate change, calling it ‘politicisation of weather’",Negative
2024-08-28,Oh climate change ,Neutral
2023-05-04,NASA made an animation to clearly illustrate how startling climate change really is,Positive
2022-07-20,Climate Change Denier Gets Demolished,Negative
2022-09-14,"Patagonia founder just donated the entire company, worth $3 billion, to fight climate change",Positive
2025-02-03,Have you personally noticed climate change?,Neutral
2022-06-30,"Supreme Court rules for coal-producing states, limits EPA's power to fight climate change",Negative
2022-07-21,"Trudeau: Conservatives' unwillingness to prioritize climate change policy ""boggles my mind""",Negative
2023-02-07,Bill Gates on why he’ll carry on using private jets and campaigning on climate change,Neutral
2022-09-21,"Connecticut to Require Schools to Teach Climate Change, Becomes One of the First States to Mandate Climate Education",Positive
2023-11-20,CEO of the UAE’s national oil company wins presidency of Global Climate Change COP28.,Positive
2023-08-24,Vivek Ramaswamy calls climate change a 'hoax' during debate,Negative
2023-06-17,Priceless artworks should be destroyed for the sake of climate change awareness,Negative
2022-04-04,Climate change: IPCC scientists say it's 'now or never' to limit warming,Negative
2025-02-20,The Pentagon Has Decided Climate Change Security Risks Are ‘Woke’,Negative
2022-12-18,Young people feel like they have no future due to climate change; we need to change the narrative,Negative
2025-03-14,Sunderland to wear altered iconic coastal themed crest against Coventry to raise awareness on climate change,Positive
2024-10-05,"Alien civilizations are probably killing themselves from climate change, bleak study suggests
",Negative
2022-07-04,Bill Nye says the main thing you can do about climate change isn't recycling—it's voting,Positive
2024-10-17,"Peter, what does a bipedal shark have to do with climate change?",Neutral
2023-10-08,"After decades of climate deception, Shell uses Fortnite to court demographic most concerned about climate change",Negative
2025-01-28,"'Doomsday Clock' moves closer to midnight amid threats of climate change, nuclear war, pandemics, AI",Negative
2025-02-20,The Pentagon Has Decided That Climate Change Security Risks Are ‘Woke’,Negative
2022-09-22,China urges Europe to take positive steps on climate change,Positive
2023-08-31,"DeSantis Rejected $350 Million in Climate Funding Before Hurricane Idalia: The Florida governor rejected millions in climate funding. Now, his state is suffering from a storm fueled by climate change.",Negative
2023-10-25,Y'all laugh at me but I can't make this stuff up (climate change & electric cars),Neutral
2022-04-23,Twitter bans ads that contradict science on climate change,Negative
2022-03-29,Tucker Carlson talks to Bill Nye about climate change,Neutral
2023-05-02,Biden proposes 30% climate change tax on cryptocurrency mining,Negative
2024-11-27,Climate Change !!!!!,Neutral
2024-05-15,DeSantis signs bill scrubbing ‘climate change’ from Florida law,Negative
2022-06-21,"Canada banning single-use plastics to combat pollution, climate change",Positive
2022-10-05,Biden says Hurricane Ian ‘ends discussion’ over climate change as DeSantis looks on,Negative
2024-04-14,Climate Change People S2E3,Neutral
2025-03-12,Eight-mile stretch of protected Amazon forest is destroyed... to build four-lane highway for Climate Change summit.,Negative
2021-10-19,More than 99.9% of studies agree: Humans caused climate change,Positive
2022-07-26,US to plant 1 billion trees as climate change kills forests,Positive
2021-09-23,Boris Johnson says the world needs to 'grow up' and deal with climate change,Positive
2022-02-04,"US household air conditioning use could exceed electric capacity in next decade due to climate change. Average U.S. households can expect up to 8 days without air conditioning during summer heat if steps are not taken to expand capacity, increase efficiency and mitigate climate change.",Negative
2021-11-12,The way these 'climate change activists' have protested against climate change.,Negative
2024-11-06,Americans elect a climate change denier (again),Negative
2023-07-13,"Climate change threatens to cause 'synchronised harvest failures' across the globe, with implications for Australia's food security",Negative
2021-12-13,Russia has just vetoed a resolution admitting climate change is a threat to international peace,Negative
2023-08-16,"Global water crisis could 'spiral out of control' due to overconsumption and climate change, UN report warns",Negative
2023-07-16,"How has ""let's refuse to address climate change for decades"" worked out for you..?",Negative
2024-11-03,Bill Nye says the main thing you can do about climate change isn't recycling—it's voting,Positive
2021-09-06,"Climate change is not a political issue, it's a world issue.",Neutral
2022-07-21,"Trudeau: Conservatives' unwillingness to prioritize climate change policy ""boggles my mind""",Negative
2021-06-08,Why Lab-Grown Meat Is Emerging As The Most Impactful Step To Reverse Climate Change,Positive
2022-07-08,"UN says that overexploitation, climate change, pollution, and deforestation are pushing one million species towards extinction",Negative
2021-04-21,"Climate change is driving some to skip having kids - A new study finds that overconsumption, overpopulation and uncertainty about the future are among the top concerns of those who say climate change is affecting their reproductive decision-making.",Negative
2021-08-11,Climate change prediction from 1912,Neutral
2024-10-26,Why do some people deny climate change so passionately? ,Neutral
2023-07-04,Climate change: July 3rd World's hottest day since records began,Negative
2024-12-04,"Yes, Climate Change Is Probably Going To Kill You",Negative
2021-06-25,"'Worst is yet to come': Disastrous future ahead for millions worldwide due to climate change, UN report warns | ""Climate change will fundamentally reshape life on Earth in the coming decades, even if humans can tame planet-warming greenhouse gas emissions""",Negative
2022-06-26,Glastonbury: Greta Thunberg appears at music festival to urge society to take action against climate change crisis,Positive
2024-10-03,"Biden calls climate change deniers ‘brain dead,’ warns storms will get worse",Negative
2021-08-10,98% of economists support immediate action on climate change (and most agree it should be drastic action),Positive
2022-12-29,A ‘Once in a Generation’ Storm. What’s the Role of Climate Change?,Neutral
2023-04-21,TikTok to remove climate change denial videos and direct users to 'authoritative information',Positive
2020-12-16,"Global rich must cut their carbon footprint 97% to stave off climate change, UN says",Negative
2025-03-10,Secretary Hegseth says the DOD does not do 'climate change crap',Negative
2022-08-29,Insurance companies are leaving Florida because climate change has made the state uninsurable.,Negative
2021-11-04,TikTok shows Joe Manchin driving his Maserati through climate change protesters,Negative
2021-06-09,Gohmert asks if federal agencies can change Earth's or moon's orbits to fight climate change,Negative
2025-03-11,Supreme Court rejects Republican-led effort to halt climate change lawsuits in Democratic-led states,Negative
2021-12-28,"Chile Rewrites Its Constitution, Confronting Climate Change Head On",Positive
2022-08-03,Climate Change Is Emerging As A Mainstream Retirement Issue,Positive
2021-12-24,Climate change: Small army of volunteers keeping deniers off Wikipedia,Neutral
2021-03-09,Greta Thunberg says Biden isn’t doing ‘nearly enough’ on climate change,Negative
2021-04-13,"Citing grave threat, Scientific American replaces 'climate change' with 'climate emergency'",Negative
2024-03-17,Climate change is a burning issue,Neutral
2023-05-06,Utah State Board of Education considers removing ‘climate change’ from curriculum,Negative
2024-02-11,This is how easy it is to fix climate change,Positive
2022-09-05,"By 2080, climate change will make US cities shift to climates seen today hundreds of miles to the south",Negative
2020-09-28,"If Coronavirus Doesn't Kill Us, Climate Change Will: World Leaders Warn of Environmental Armageddon",Negative
2021-07-18,Merkel calls for climate change action as she surveys flood damage,Positive
2021-10-26,Absolutely incredible interaction between talk show host and Climate Change activist,Positive
2023-06-05,Climate change is already making parts of America uninsurable: “We’re steadily marching toward an uninsurable future.”,Negative
2025-01-03,Redditors aren't talking about climate change as much anymore,Neutral
2024-05-10,"Texas board rejects science textbooks that address climate change, why?",Negative
2024-10-30,"Climate change's fake, but they have magical powers to control the weather.",Negative
2024-05-22,Study says Europeans fear migration more than climate change – DW,Neutral
2024-11-04,Bill Nye says the main thing you can do about climate change isn't recycling—it's voting,Positive
2022-09-22,Connecticut Becomes One of the First States to Require Schools to Teach Climate Change,Positive
2021-08-10,What's up with this new report on climate change?,Neutral
2024-11-26,"Reversing climate change may cost quadruple after tipping point, warn experts",Negative
2020-02-17,Jeff Bezos: World's richest man pledges $10bn to fight climate change,Positive
2024-07-03,Boomer post. Climate change no real ,Negative
2020-10-26,"GM, Ford knew about climate change 50 years ago",Negative
2020-07-17,At A School Strike Protest For Climate Change.,Positive
2022-08-26,Climate change deniers love carbon dioxide,Negative
2024-10-14,"JD Vance says women not having children due to climate change concerns is ‘deranged’. JD Vance has once again talked about women’s reproductive autonomy, this time saying those who choose not to have children because of climate change are “deranged”.",Negative
2020-07-08,"Republicans have become more skeptical of the science on climate change since the 1990s. Evidence suggests that when Democratic politicians become more vociferously supportive of the science of climate change, there was a backlash among Republicans, increasing climate change skepticism.",Negative
2025-01-15,Climate change scepticism almost extinct from UK national press,Positive
2020-09-15,Oregon state senator who stopped climate change vote loses home to wildfire,Negative
2024-09-03,Study Says 2035 Is Climate Change Point of No Return,Negative
2024-08-07,'It made me cry': Viral photos of Swiss glacier show impact of climate change ,Negative
2023-09-23,Pete Buttigieg Explains the Difference Between Climate Change and Seasons to Republican Lawmaker,Positive
2022-07-20,Are you more worried about climate change since seeing the wild fires?,Neutral
2025-01-13,We’ve Crossed a Key Threshold for Climate Change. There’s No Going Back Now.,Negative
2024-12-10,A ‘doom loop’ of climate change and geopolitical instability is beginning,Negative
2023-12-19,These scientists want to put a massive 'sunshade' in orbit to help fight climate change,Positive
2023-03-14,Growing mushrooms alongside trees could feed millions and mitigate effects of climate change,Positive
2024-06-03,"Sad but true, there is no way to reverse climate change",Negative
2022-12-25,""" It’s getting colder and colder earlier in the season. Climate change is BS.""",Negative
2024-05-16,"As sea levels rise, DeSantis signs bill deleting climate change mentions from Florida state law",Negative
2020-12-06,Great Barrier Reef has deteriorated to 'critical' level due to climate change,Negative
2020-01-07,Australia’s leaders deny link between climate change and the country’s devastating bushfires,Negative
2025-01-21,Reversing all of the Climate change initiatives of the past 4 years on day 1,Negative
2022-02-24,UN report warns climate change could spur 50% more wildfires by 2100,Negative
2021-05-22,Your Uber and Lyft driver must go electric. California’s latest climate change mandate,Negative
2022-11-04,"If you want to stop climate change, stop buying stupid shit you don't need.",Neutral
2021-03-20,Conservative delegates reject adding 'climate change is real' to the policy book | CBC News,Negative
2024-04-29,"Rising sea levels makes flooding MUCH worse in areas that don't ""believe"" in climate change.",Negative
2023-07-24,To laugh off climate change,Neutral
2019-12-10,Badass Boomer responds to being Ok'ed by a journalist he yelled at about climate change.,Neutral
2024-07-15,Climate change feared to trigger food crisis,Negative
2025-01-19,"I think Climate Change might be real, yall",Neutral
2021-12-04,The Late Fidel On Climate Change,Neutral
2022-07-04,Bill Nye says the main thing you can do about climate change isn't recycling—it's voting,Positive
2023-05-02,Biden proposes 30% climate change tax on cryptocurrency mining,Negative
2023-05-13,Despairing about climate change? These four charts on the unstoppable growth of solar may change your mind,Positive
2023-05-01,Climate change fight should be sexy and fun.,Positive
2024-06-17,Banks Are Finally Realizing What Climate Change Will Do to Housing,Positive
2024-10-20,Al Gore thought stopping climate change would be hard. But not this hard ,Negative
2019-08-01,61% of Canadians want government to take action on climate change even if economy suffers: poll,Positive
2018-12-01,19 of 20 World Leaders Just Pledged to Fight Climate Change. Trump Was the Lone Holdout.,Positive
2019-08-04,"Republicans are more likely to believe climate change is real if they are told so by Republican Party leaders, but are more likely to believe climate change is a hoax if told it's real by Democratic Party leaders. Democrats do not alter their views on climate change depending on who communicates it.",Neutral
2022-09-25,"Really Good Article: In the End, Climate Change Is the Only Story That Matters",Positive
2024-11-14,Did Gen Z just forget about climate change when they voted?,Neutral
2019-08-25,Trump officials voice anger at G7 focus on 'niche' issues such as climate change,Negative
2019-08-17,"The media gives way too much air time to climate change deniers who don't know what they're talking about, study finds. This imbalance has created an unrealistic picture of climate change, hindering efforts to raise awareness of the problems the planet faces.",Negative
2019-06-29,French police pepper-spraying climate change protestors,Negative
2019-07-06,"A trillion new trees could be the best solution to climate change, study says",Positive
2019-11-14,Italian council is flooded immediately after rejecting measures on climate change,Negative
2020-04-21,U.N. Secretary-General Says Climate Change Devastation Will Be 'Many Times Greater' Than Coronavirus Pandemic,Negative
2019-09-20,Australia banned from speaking at UN Climate Change Summit in unprecedented rebuke,Negative
2021-08-29,[OC] How serious do EU countries think climate change is?,Neutral
2018-12-12,Climate Change Conference Erupts Into Laughter As US Rep Promotes Coal,Negative
2023-08-20,LOLing at deaths from extreme weather caused by climate change,Neutral
2019-08-14,"""Climate change contrarians"" are getting 49 per cent more media coverage than scientists who support the consensus view that climate change is man-made, a new study has found.",Negative
2019-03-10,Resurfaced Video Shows Bernie Sanders Criticizing Media for Not Covering Climate Change in 1989,Positive
2021-04-13,Climate change ain't our fault,Negative
2021-08-12,Climate change is making people think twice about having children,Negative
2019-08-26,Meteorologist has had enough of climate change deniers.,Negative
2021-10-21,Australia's third-richest person to invest $1.5b in fight against climate change,Positive
2025-03-19,"Ben & Jerry's boss 'ousted over political activism' - including Gaza support, climate change, LGBTQ+ rights",Negative
2019-03-12,Trump repeats false claim there is no climate change crisis as he brands science 'fake',Negative
2019-06-22,Police searching for Oregon Republicans who skipped town to dodge vote on climate change bill,Negative
2024-11-13,We Study Climate Change. We Can’t Explain What We’re Seeing.,Neutral
2019-05-08,Proposal to spend 25% of European Union budget on climate change,Positive
2024-04-27,Taliban Government joins climate change talks for the first time ,Positive
2020-04-14,"Climate change: The rich are to blame, international study finds",Negative
2022-06-04,Climate change is forcing some US schools to close early for ‘heat days’,Negative
2019-12-20,"Sanders: Instead of weapons funding we should pool resources to fight climate change - “Maybe, just maybe, instead of spending $1.8 trillion a year globally on weapons of destruction... maybe we pool our resources and fight our common enemy, which is climate change.”",Positive
2025-02-04,"Climate change target of 2C is ‘dead’, says renowned climate scientist",Negative
2024-05-20,Economic damage from climate change six times worse than thought ,Negative
2023-05-22,"Climate activists blacken Trevi Fountain over Italy floods: Activists poured charcoal into the waters of Rome's most famous fountain, calling for action against climate change",Negative
2022-02-10,Ocean begins to swallow vacation homes after legislators make climate change illegal,Negative
2019-11-26,"‘Are We Going To Talk About It?’ Australians Wonder When Climate Change Will Come Up | Six people have died and a thousand koalas were burned alive in unprecedented wildfires, but Australia’s leader has refused to talk about climate change.",Negative
2019-09-20,"Science Discussion Series: Climate Change is in the news so let’s talk about it! We’re experts in climate science and science communication, let’s discuss!",Neutral
2019-12-11,'Sydney is angry': Protesters march to demand urgent action on climate change,Positive
2019-09-20,Broward student suspended for handing out climate change flyers. He can’t attend prom now.,Negative
2023-12-11,Nearly half of Canadians think carbon tax is ineffective at fighting climate change: Nanos,Negative
2019-11-01,Greta Thunberg: Meeting to help Trump understand climate change 'would be a waste of time',Negative
2023-08-31,"A mere 12% of Americans eat half the nation’s beef, creating significant health and environmental impacts. The global food system emits a third of all greenhouse gases produced by human activity. The beef industry produces 8-10 times more emissions than chicken, and over 50 times more than beans.",Negative
2021-08-09,"Permafrost Thaw in Siberia Creates a Ticking ‘Methane Bomb’ of Greenhouse Gases, Scientists Warn",Negative
2021-04-01,The Amazon Rainforest Now Emits More Greenhouse Gases Than It Absorbs. Climate change and deforestation have transformed the ecosystem into a net source of planet-warming gases instead of a carbon sink,Negative
2021-03-10,Cannabis production is generating large amounts of gases that heat up Earth’s physical climate. Moving weed production from indoor facilities to greenhouses and the great outdoors would help to shrink the carbon footprint of the nation’s legal cannabis industry.,Negative
2021-08-19,"The powerful greenhouse gases tetrafluoromethane & hexafluoroethane have been building up in the atmosphere from unknown sources. Now, modelling suggests that China’s aluminium industry is a major culprit. The gases are thousands of times more effective than carbon dioxide at warming the atmosphere.",Negative
2021-02-16,Scientists have found that permafrost buried beneath the Arctic Ocean holds 60 billion tons of methane and 560 billion tons of organic carbon — making it a major source of greenhouse gases not currently included in climate projections that could have a significant impact on climate change,Negative
2021-05-03,"Greenhouse gases are slowly shrinking the middle atmosphere - Rising concentrations of carbon dioxide and other greenhouse gases are cooling and shrinking the stratosphere and mesosphere, a phenomenon observed for the first time in a new analysis of satellite data.",Negative
2019-06-06,"'Single Most Important Stat on the Planet': Alarm as Atmospheric CO2 Soars to 'Legit Scary' Record High: ""We should no longer measure our wealth and success in the graph that shows economic growth, but in the curve that shows the emissions of greenhouse gases.""",Negative
2022-08-23,"Democrats Designed the Climate Law to Be a Game Changer. Here’s How. In a first, the measure legally defines greenhouse gases as pollution. ...explicitly gives the EPA the authority to regulate greenhouse gases. “A total end run” around the Supreme Court decision limiting the EPA.",Neutral
2019-04-18,"A wave of satellites set to orbit the Earth will be able to pinpoint producers of greenhouse gases, right down to an individual leak at an oil rig. They are looking to track nations, industries, companies and even individual facilities",Neutral
2021-03-13,"First study of all Amazon greenhouse gases suggests the damaged forest is now worsening climate change: Thanks to human disturbance, the Amazon rainforest appears now to be releasing more climate-warming gases than it stores.",Negative
2018-08-15,U.S. $23 trillion will be lost if temperatures rise four degrees by 2100. Economic modelling suggests this is the reality facing us if we continue emitting greenhouse gases and allowing temperatures to rise unabated.,Negative
2018-03-07,"China’s increasing demand for milk will have far-reaching consequences for the world - ""Even if the efficiency of the dairy industry in China is drastically increased, global emissions of greenhouse gases and nitrogen produced by this sector will still rise by 20 to 25%.""",Negative
2025-03-17,"Trump repeals America’s first-ever tax on greenhouse gases before it goes into effect
The methane fee would have had the same impact as taking 8 million gas-powered cars off the road.",Negative
2024-07-15,China’s emissions of two potent greenhouse gases rise 78% in decade,Negative
2016-12-13,"An aerosol to cool the Earth. Harvard researchers have identified an aerosol that in theory could be injected into the stratosphere to cool the planet from greenhouse gases, while also repairing ozone damage.",Neutral
2017-03-19,"Scientists Call Out Pruitt's False View of Climate Change: ""Just as there is no escaping gravity when one steps off a cliff, there is no escaping the warming that follows when we add extra carbon dioxide and other greenhouse gases to the atmosphere,"" the scientists wrote",Negative
2021-05-04,"Efficient manufacturing could slash cement-based greenhouse gas emissions - Brazil's cement industry can halve its CO2 emissions in next 30 years while saving $700 million, according to new analysis. The production of cement is one of the largest sources of greenhouse gases on the planet.",Positive
2018-11-22,"Warnings of 'Destructive and Irreversible Impacts' as Greenhouse Gases Hit Highest Levels in 3-5 Million Years: ""The science is clear,"" says the head of the World Meteorological Organization. ""The window of opportunity for action is almost closed.""",Negative
2022-10-27,Atmospheric levels of all three greenhouse gases hit record high,Negative
2018-08-02,Scientists Just Discovered an Entirely New Reason for Banning Plastics - Decomposing Plastics Have Been a Source of Greenhouse Gases This Whole Time,Negative
2017-09-08,"There are over 341,000 wind turbines on the planet, why they matter - The DOE's Wind Vision Report says that wind could potentially support more than 600,000 jobs by the year 2050 and help avoid 12.3 gigatonnes of greenhouse gases.",Positive
2018-07-17,Can we remove a trillion tons of carbon from the atmosphere? Ocean ecologist Russ George explains how ocean restoration will lower greenhouse gases and bring back fish stocks to levels not seen for generations,Positive
2023-01-21,Study found that the reusable take-out food containers —which initially use more energy and generate more climate-altering greenhouse gases— can break even with single-use containers after four to 13 uses,Positive
2015-05-20,"MIT study concludes solar energy has best potential for meeting the planet's long-term energy needs while reducing greenhouse gases, and federal and state governments must do more to promote its development.",Positive
2021-05-10,"China now emits more than rest of developed world combined: China’s emissions of greenhouse gases have more than tripled over the last three decades and now, for the first time, exceed those of all developed countries combined",Negative
2017-04-26,"A chemistry professor in Florida has just found a way to trigger the process of photosynthesis in a synthetic material, turning greenhouse gases into clean air and producing energy all at the same time.",Positive
2020-02-06,The Arctic is releasing a shocking amount of greenhouse gases in “abrupt thaw” of permafrost regions,Negative
2024-08-29,"In 2023, Canadian wildfires released more greenhouse gases than any country other than China, the U.S. and India",Negative
2017-05-23,Nearly 94% of Shell shareholders reject emissions reduction target in line with Paris climate agreement - Fossil fuel giant's board argues setting targets to reduce its production of greenhouse gases is 'not in the best interest of the company',Negative
2019-08-20,Scientists said Tuesday they have developed a way of extracting hydrogen from oil without releasing greenhouse gases — a breakthrough they hailed as a “silver bullet” for cleaner energy and the climate.,Positive
2020-09-12,"California Gov. Gavin Newsom offered some of his most impassioned comments on climate change, denouncing the “ideological BS” of those who deny the danger and vowing Friday to accelerate the state’s already ambitious goals for reducing greenhouse gases.",Positive
2019-06-25,U.S. military produces more greenhouse gases than up to 140 countries,Negative
2022-08-22,"Democrats Designed the Climate Law to Be a Game Changer. Here’s How: In a first, the measure legally defines greenhouse gases as pollution. That’ll make new regulations much tougher to challenge in court.",Neutral
2021-10-28,"India, the world's third-biggest emitter of greenhouse gases, rejects net zero emissions target",Negative
2016-11-09,"Climate change may be escalating so fast it could be 'game over', scientists warn: New research suggests the Earth's climate could be more sensitive to greenhouse gases than thought, raising the spectre of an 'apocalyptic side of bad' temperature rise of more than 7C within a lifetime",Negative
2025-02-21,"Fearing political retribution, NOAA scientists refuse to link warming weather to greenhouse gases | In a monthly reporting call on global climate, researchers from the US government’s climate and weather agency avoided mentioning rising levels of greenhouse gases",Negative
2022-11-08,Oxfam Study: Billionaires emit millions of times more greenhouse gases than the average person,Negative
2015-09-10,How would nuking Mars' poles create greenhouse gases?,Neutral
2018-08-01,Researchers have for the first time discovered that common plastics emit greenhouse gases as they degrade. The findings suggest that the environmental impact of plastic is more severe than previously thought.,Negative
2019-06-14,"Pope Francis has declared a global “climate emergency”, warning of the dangers of global heating and that a failure to act urgently to reduce greenhouse gases would be “a brutal act of injustice toward the poor and future generations”",Positive
2022-07-22,"Scientists have found greenhouse gases are the primary reason for increased temperatures in the past and will likely continue to be the main contributing factor, with simulations showing that extreme heatwave events will increase by more than 30% in the coming years.",Negative
2022-11-08,Billionaires emit a million times more greenhouse gases than the average person: Oxfam,Negative
2022-07-20,Will tomorrow’s trains suck carbon out of the sky? A new startup wants to turn the world’s railways into a network of mobile machines that eat up greenhouse gases,Positive
2012-07-01,"Australia introduces controversial carbon tax. The law forces the country's 500 worst-polluting firms to pay a levy for every tonne of greenhouse gases they produce.
",Negative
2022-11-22,"Large parts of Europe are warming twice as fast as the planet on average. As a consequence of human emissions of greenhouse gases, the climate across the continent has also become drier, particularly in southern Europe, leading to worse heat waves and an increased risk of fires.",Negative
2016-01-19,"TIL Manufacture and distribution of telephone directories (Yellow Pages) produces over 1,400,000 metric tons of greenhouse gases and consumes over 600,000 tons of paper annually.",Negative
2016-08-03,"2015 had hotter temperatures & higher sea levels than ever before - By several measures, the earth is cooking & getting steadily hotter. Troubling data in new report shows greenhouse gases reached new record highs last yr — at a time when countries are struggling to set limits to contain them.",Negative
2016-11-09,"New research suggests the Earth's climate could be more sensitive to greenhouse gases than thought, raising the spectre of an 'apocalyptic side of bad' temperature rise of more than 7C within a lifetime",Negative
2022-07-02,"No, Morgan, this company is not “doing good for the country” and beyond. Meat accounts for nearly 60% of all greenhouse gases from food production. So you’re grifting people well also killing the planet God gave you. Not very Christ-like at all.",Negative
2019-06-14,"The Pentagon emits more greenhouse gases than Portugal, study finds | Environment",Negative
2024-09-21,"Global temps ranged from 11-36°C over 485M years, current 15°C is cooler than most of Phanerozoic, but human-made greenhouse gases are heating the planet faster than any past warming events",Negative
2024-03-05,San Diego man is first in U.S. to be charged with smuggling greenhouse gases,Negative
2023-11-23,"Centibillionaire Jeff Bezos' $500 million Koru superyacht emits an astounding 1,500 times more greenhouse gases than an average person. Inspite of being the largest sailing yacht in the world the 417-feet long vessel will be responsible for more than 7,150 tonnes of CO2 every year.",Negative
2024-08-21,"Mars could be warmed by scattering artificial nanoparticles, which are far more effective than greenhouse gases, potentially melting ice and making the planet more habitable.",Positive
2019-05-08,"Stop letting factory farms write exemptions for farming practices in animal cruelty laws. Stop letting them create public health risks, devalue communities, spray untreated feces, and release huge amounts of greenhouse gases without paying for the costs they externalize on us.",Negative
2016-11-14,"Hydroelectric dams emit a billion tonnes of greenhouse gases a year, study finds: Impact of dams on climate change has been underestimated, researchers warn, as rotting vegetation creates 25% more methane than previously thought",Negative
2018-05-11,Trump administration cancels NASA plan to track greenhouse gases,Negative
2024-11-28,"Global climate change is not a future problem — Effects of human-caused global warming are happening now, are irreversible for people alive today, and will worsen as long as humans add greenhouse gases to the atmosphere — Some changes are irreversible over the next hundreds to thousands of years",Negative
2023-11-19,NOAA report shows climate change is worsening due to buildup of greenhouse gases,Negative
2025-02-26,"EPA tells White House to strike down ‘endangerment finding’ on climate | Trump officials are weighing whether to repeal the “endangerment finding,” which says that greenhouse gases pose a threat to public health and welfare.",Negative
2021-04-22,Japan ups greenhouse gases reduction goal to 46%,Positive
2023-09-16,"Biden to Target Industrial Pollution in a 2nd Term, if He Gets One | If the president wins re-election, his climate team is likely to try to cut greenhouse gases from steel, cement and other hard-to-clean-up manufacturing.",Neutral
2022-02-19,"A research team has shown how solar power can convert carbon dioxide into fuel, by using advanced materials and ultra-fast laser spectroscopy. The breakthrough could be an important piece of the puzzle in reducing the levels of greenhouse gases in the atmosphere in the future.",Positive
2015-02-25,"Science AMA Series: I’m Roger Aines, a geochemist who runs the Carbon Fuel Cycle Program at Lawrence Livermore National Laboratory. We’re working to capture greenhouse gases by using things found in your kitchen cabinet. AMA.",Positive
2024-06-10,"[request] Is that true?
",Neutral
2025-03-27,UK greenhouse gases fall again - as renewable electricity hits 50% for the first time,Positive
2014-05-30,"Obama is planning his biggest climate policy yet — and he doesn't need Congress. The trick is he'll be working through the Environmental Protection Agency (EPA), which already has the legal authority to regulate US greenhouse gases.",Positive
2025-02-26,"Trump’s top environmental regulator is recommending the US government scrap its formal conclusion that greenhouse gases endanger the public, a move that would sweep away the legal foundation for regulations limiting planet-warming pollution from power plants, automobiles and oil wells",Negative
2025-02-27,EPA moves to ditch finding that greenhouse gases cause harm,Negative
2021-09-13,"Meat accounts for nearly 60% of all greenhouse gases from food production, study finds",Negative
2024-06-26,"Denmark will tax livestock farmers for the greenhouse gases emitted by their cows, sheep and pigs from 2030.",Positive
2025-03-20,Trump repeals America's first-ever tax on greenhouse gases before it goes into effect | The methane fee would have had the same impact as taking 8 million gas-powered cars off the road.,Negative
2023-11-24,"Global warming on track for 2.9C as greenhouse gases keep rising, UN says | Chances of keeping within 1.5C threshold put at a low 14%",Negative
2014-05-14,"Some say temps aren't rising, but April Was 2nd Warmest Globally; Average for U.S. | That makes April the 350th month in a row — more than 29 years — with above-average temperatures, largely caused by the buildup of manmade greenhouse gases in Earth’s atmosphere.",Negative
2013-04-29,"""Greenhouse gas levels highest in 3 Million years"". Okay… So why were greenhouse gases so high 3 million years ago?",Negative
2022-10-26,Atmospheric levels of all three greenhouse gases hit record high,Negative
2024-03-05,San Diego man is first in U.S. to be charged with smuggling greenhouse gases,Negative
2021-07-01,"More greenhouse gases were produced in 2018 than any previous year, despite more than 20 countries reducing their carbon emissions since 2000, research from an international group of scientists has shown",Negative
2019-10-28,Global warming: *sweats greenhouse gases*,Neutral
2013-06-13,TIL that meat production causes 1/5 of global greenhouse gases.,Neutral
2025-01-12,How do greenhouse gases absorb so much radiation when they're so rarely found?,Neutral
2019-05-12,"A majority of British voters would support radical action to slash greenhouse gases to nearly zero by 2050 at a cost of tens of billions of pounds, a new poll has found.",Positive
2024-03-07,Argylle (2024) has a bit that they put in to appeal to the pro-environment crowd. The heroes blow up a super tanker which prevents the crude oil from being used in gas-guzzling cars that would increases greenhouse gases.,Neutral
2016-12-12,"New research suggests that in recent decades green plants have ramped up photosynthesis in response to rising carbon dioxide levels, soaking up more of the heat-trapping greenhouse gases and slowing the rate of global warming",Positive
2022-04-13,Bacteria generate electricity from methane. Generating power while purifying the environment of greenhouse gases should be achievable using bacteria. Microbiologists from Radboud University have demonstrated that it is possible to make methane-consuming bacteria generate power in the lab.,Positive
2024-01-18,Why scientists say Canada's logging industry produces far more emissions than tallied - New study suggests federal government significantly underreports greenhouse gases from forestry sector,Negative
2019-07-18,Just Koolaid with greenhouse gases,Neutral
2023-10-03,"Those of you who want to get rid of the carbon pricing scheme, what alternatives would you suggest to incentivize large polluters to emit less greenhouse gases?",Neutral
2022-11-14,"How Much Does Animal Agriculture Contribute to Climate Change? | The animal agriculture industry is currently one of the largest producers of greenhouse gases in the world, making it a serious contributor to the environmental destruction we’re now seeing unfold",Negative
2014-10-23,"New porous material strongly adsorbs greenhouse gases, or acts a carrier of hydrocarbon fuels. Just one gram contains combined surface area of 1,159 m^2. Self-assembled from a single molecule into superstructure by purely noncovalent bonds with high stability to acid, bases, and 250 °C",Positive
2017-05-14,"Edible insects could play key role in cutting harmful emissions. Replacing half of the meat eaten worldwide with crickets and mealworms would cut farmland use by a third, substantially reducing emissions of greenhouse gases, researchers say.",Positive
2025-03-13,Trump Officials to Reconsider Whether Greenhouse Gases Cause Harm,Negative
2013-03-08,"TIL kangaroos barely emit any methane. Scientists want to harvest the bacteria from their colons so they can transfer this ""skill"" to cows, thereby reducing greenhouse gases.",Positive
2023-12-15,Research sheds new light on the catastrophic changes resulting from a burst of greenhouse gases and rising temperatures that wiped out most life on Earth and paved the way for the rise of Jurassic dinosaurs,Negative
2024-02-13,"What effect do the Sun's 11-year solar cycles have on Earth’s climate? — Since 1750, the warming driven by greenhouse gases coming from the human burning of fossil fuels is over 270 times greater than the slight extra warming coming from the Sun itself over that same time interval",Positive
2024-11-03,Voting is among the highest-impact actions you can take when it comes to greenhouse gases,Positive
2018-01-13,"Stephen Hawking to Climate Deniers: Take a Trip to Venus - “This is what happens when greenhouse gases are out of control... Next time you meet a climate-change denier, tell them to take a trip to Venus; I will pay the fare.”",Positive
2024-04-03,"Africa now releases more carbon that it stores, according to a new study analyzing African regional greenhouse gases budget between 2010–2019.",Negative
2023-07-12,U.S. announces new rule to cut usage of greenhouse gases by 40%,Positive
2022-08-13,Why doesn’t Murica fix its public transportation system so more people take it and emit fewer greenhouse gases?,Neutral
2019-06-15,"Pope Francis declares 'climate emergency' and urges action | Pope Francis has declared a global “climate emergency”, warning of the dangers of global heating, and that a failure to act urgently to reduce greenhouse gases would be “a brutal act of injustice toward the poor and future generations”",Positive
2019-03-14,"3-5°C temperature rise is now ‘locked-in’ for the Arctic | Even if Paris Agreement goals met, Arctic winter temperatures will increase 3-5°C by 2050 compared to 1986-2005 levels. Thawing permafrost could wake ‘sleeping giant’ of more greenhouse gases, potentially derailing global climate goals",Negative
2015-10-13,"Bolivia's President Morales blames capitalism for climate change - Leader calls for tribunal to prosecute those who commit crimes against nature. The Paris conference will bring together 196 states, including largest emitters of greenhouse gases & those most effected.",Negative
2023-11-03,Earth Reacts to Greenhouse Gases More Strongly Than We Thought,Neutral
2021-03-12,First-ever study of all Amazon greenhouse gases suggest the forest is worsening climate change,Negative
2025-02-27,EPA moves to ditch finding that greenhouse gases cause harm,Negative
2024-11-28,"NASA Science: The Effects of Climate Change /   The effects of human-caused global warming are happening now, are irreversible for people alive today, and will worsen as long as humans add greenhouse gases to the atmosphere  
#GlobalCarbonFeeAndDividendPetition",Negative
2024-03-21,"Industrial carbon price more effective to reduce greenhouse gases than consumer policy, report says",Positive
2022-09-22,Senate reaches rare bipartisan agreement on deal to cut powerful greenhouse gases,Positive
2019-03-11,"Students strike to spur adults into climate action. As of March 6, there were 596 planned events across 64 countries. Just 100 companies across the globe are responsible for 70 percent of the greenhouse gases driving climate change",Positive
2025-02-16,"Per capita food waste increases as the age of the household head increases, attributed to older households' purchase of more fruits and vegetables. The largest life cycle greenhouse gases from food waste was 90.1 kg-CO2eq for those in their 60s while the smallest was 39.2 kg-CO2eq for 20s.",Neutral
2024-08-20,"Tech firms, oil companies and the U.S. government are investing billions of dollars in carbon capture technology to suck greenhouse gases out of the atmosphere. Can it save the warming world?",Positive
2025-03-17,Trump repeals America's first-ever tax on greenhouse gases before it goes into effect,Negative
2020-02-05,"Permafrost collapse is speeding climate change: study | Permafrost in Canada, Alaska and Siberia is abruptly crumbling in ways that could release large stores of greenhouse gases more quickly than anticipated, researchers have warned - ""Forests can become lakes in the course of a month""",Negative
2019-08-18,"Even if you don't believe in man made climate change, there is no reason, to undermine people's effort to lower greenhouse gases emission",Neutral
2022-01-11,I wish carbondioxide and other greenhouse gases that are the result of human emissions are an unnatural dark purple color so people would finally see how much damage it makes.,Negative
2017-11-11,"Meat and Dairy Greenhouse Emissions 'Could Lead Us to a Point of No Return': Three of the world's largest meat producers emitted more greenhouse gases in 2016 than France, putting them on par with oil companies such as ExxonMobil, BP and Shell, a recent study found.",Negative
2022-10-26,Atmospheric levels of all three greenhouse gases hit record high,Negative
2021-12-28,"""Don't look up"" was pretty much how it feels like trying to explain to people that animal agriculture is one of the leading causes of climate change, global greenhouse gases, species extinction, habitat destruction, ocean dead zones, Amazon deforestation, etc.",Negative
2024-08-29,Canada’s 2023 wildfires released more greenhouse gases than most countries,Negative
2024-08-04,"""The US military is the greatest emitter of greenhouse gases"" - debunking the myth",Negative
2024-03-07,How to sustain minimum good standards of living without emitting greenhouse gases in solarpunk? ,Neutral
2023-08-11,U.S. to Fund a $1.2 Billion Effort to Vacuum Greenhouse Gases From the Sky,Positive
2021-10-06,"[OC] Breakdown of worldwide greenhouse gases emissions by source, 2019",Neutral
2024-12-19,Biden pledges to cut US greenhouse gases by more than 60% | Trump vows to undo the “Green New Scam” ,Positive
2025-01-22,Microsoft signs deal to restore Amazon rainforest and offset AI emissions: 40% increase in Microsoft's carbon footprint and usage of CO₂ and other greenhouse gases in 2023.,Positive
2021-09-14,"Meat accounts for nearly 60% of all greenhouse gases from food production, study finds | Meat industry",Negative
2023-04-12,New greenwashing scheme incoming: Salting and burying biomass crops in dry landfills could economically capture greenhouse gases for thousands of years,Neutral
2024-12-04,"Yes, Climate Change Is Probably Going To Kill You",Negative
2021-09-27,U.S. hands Big Oil $20 billion a year to spew greenhouse gases. Congress needs to cut off the tap,Negative
2023-04-22,E.P.A. to Propose First Controls on Greenhouse Gases From Power Plants,Negative
2021-12-28,"'We really don't have a plan': Biden's climate promises are sunk without Build Back Better, experts say. Multiple independent analyses have found President Biden simply can't hit his goal of cutting greenhouse gases by 50% by the end of the decade without the provisions in Build Back Better.",Negative
2021-09-14,"Meat accounts for nearly 60% of all greenhouse gases from food production, study finds",Negative
2025-02-27,EPA moves to ditch finding that greenhouse gases cause harm,Negative
2018-10-06,"Fast fashion is harming the planet, UK MPs say - MPs say the fashion industry is a major source of the greenhouse gases that are overheating the planet. Discarded clothes are also piling up in landfill sites. and fibre fragments are flowing into the sea when clothes are washed.",Negative
2022-11-01,"Cambridge University researchers found that if the Pope reinstated meatless Fridays across the global church, it could mitigate millions of tonnes of greenhouse gases annually",Positive
2022-08-25,"GOLDSTEIN: Nuclear power, natural gas essential to cutting greenhouse gases",Positive
2024-11-16,"For hope on climate change, look to the 'other Washington' Washington state voters turned out in support of a law to dramatically cut greenhouse gases.",Positive
2021-04-10,Scientists found methane-eating bacteria living in a common Australian tree. It could be a game changer for curbing greenhouse gases,Positive
2023-12-07,"2023 shatters climate records, with major impacts — Global temperatures — Greenhouse gases — Sea surface temperatures — Ocean heat content — Sea level rise — Cryosphere — Extreme weather and climate events — Socio-economic impacts — Renewable energy capacity and use is booming — [WMO video]",Negative
2017-06-01,"Greenhouse gases higher than any time in 800,000 years 'shows definite human effect' - Australian climate scientists have established the clearest evidence yet of the dramatic fingerprint humans have had on the climate.",Negative
2015-06-16,Study shows climate change’s surprising toll on early dinosaurs. Exceedingly high levels of greenhouse gases appear to have rendered the Earth’s equatorial zones all but uninhabitable for the planet’s largest terrestrial beasts.,Negative
2022-12-28,"How about ""F***off Klaus Schwab and Bill Gates. We will never eat bugs for you and global warming is caused by solar activity cycles, not greenhouse gases which have near zero effect on temperature.""",Negative
2019-11-29,"Scientist created a bacteria that can eat only carbon dioxide, it may be helpful in the reduction of greenhouse gases.",Positive
2023-08-09,How does an atmosphere without greenhouse gases keep a planet warm?,Neutral
2020-06-30,"Dutch soils: depleted, polluted, compacted, salty and leaking greenhouse gases. Risks for yields, human nutrition, pollution, natural reserves. And that was before things really turned ugly.",Negative
2023-11-16,Greenhouse gases soared to another record and there’s ‘no end in sight’,Negative
2018-12-04,"Five international banks are pledging to use the billions at their disposal to steer clients away from businesses that emit large amounts of greenhouse gases. The banks, with a combined loan book of over 2.4 trillion euros (US$2.72 trillion), say they want to support the Paris accord.",Positive
2023-02-11,Solar-powered system converts plastic and greenhouse gases into sustainable fuels,Positive
2025-03-08,ELI5 Why can't we suck greenhouse gases into space,Neutral
2019-07-16,"Elephant extinction in Africa would ‘speed up climate crisis by letting more greenhouse gases escape’ - But conserving forest elephants may reverse the trend, providing a service worth $43bn (£34.3bn) in storing carbon, the academics found.",Positive
2021-10-16,"“McDonald’s will serve Beyond Meat McPlant burgers in select US locations next month” even though I don’t eat fast food I’ll still be buying these to support positive change: save lives, water, energy, land, and decrease greenhouse gases!",Positive
2025-03-23,Do any IPCC reports summarize how (physics/chemistry etc.) greenhouse gases cause global warming?,Neutral
2021-10-07,"Bay Area air district will pay you up to $9,500 to swap your old car for an electric one. Here's how. | “Clean Cars for All” program, targeted at lower income areas, aims to reduce smog and greenhouse gases",Positive
2020-02-14,"NASA flights detect millions of Arctic methane hotspots. The Arctic is one of the fastest warming places on the planet. As temperatures rise, the perpetually frozen layer of soil, called permafrost, begins to thaw, releasing methane and other greenhouse gases into the atmosphere.",Negative
2021-04-14,Six young climate activists are suing the Brazilian government for revising its commitments under the Paris Agreement in a way that allows the country to emit more greenhouse gases. The lawsuit seeks to annul the revised emissions commitments,Negative
2022-04-21,"The Montana mine that produces 240 million tons of greenhouse gases, cocaine trafficking, and money laundering",Negative
2017-04-28,"Goodbye, gasoline: Inside Toronto's strategy to wean the city off greenhouse gases",Positive
2025-03-20,"The NOAA office in Hilo that manages the site of the Mauna Loa Observatory that tracks atmospheric greenhouse gases may close in August because of DOGE, according to copy of federal document viewed by The New York Times — It is unclear what would happen to MLO operations if the office were to close",Negative
2023-09-15,Department of Energy analysis says coal carbon capture project would emit more greenhouse gases than it stores,Negative
2014-10-14,"Joe Hockey ridicules suggestion Australia is among top emitters of greenhouse gases in the OECD, despite the fact it tops the OECD rankings of greenhouse gases per capita - Treasurer emphatically rejects comment from interviewer",Negative
2020-06-21,Arctic records its hottest temperature ever,Negative
2024-12-30,Why can't we launch greenhouse gases out of the atmosphere?,Neutral
2024-03-29,"United States open landfills are emitting significant amounts of methane, one of the most important greenhouse gases causing global climate change. On average, aerial emission rates were a factor 2.7 higher than those reported to the U.S. Greenhouse Gas Reporting Program",Negative
2011-11-03,New figures for 2010 mean that levels of greenhouse gases are higher than the worst case scenario outlined by climate experts just four years ago.,Negative
2023-12-08,"How carbon removal technology is like a time machine | Sucking greenhouse gases out of the atmosphere could help address climate change. But so far, available technology is barely winding the clock back.",Positive
2021-04-02,The Amazon Rainforest Now Emits More Greenhouse Gases Than It Absorbs,Negative
2023-04-02,Dairy cows could be fed methane suppressants in bid to cut down on greenhouse gases,Positive
2024-10-28,"Greenhouse gases hit new records in 2023, while our national climate plans 'fall miles short'",Negative
2024-07-15,China’s emissions of two potent greenhouse gases rise 78% in decade,Negative
2023-05-11,Biden rule tells power plants to cut climate pollution by 90 percent — or shut down | The administration is launching Washington’s most ambitious effort in almost a decade to reduce the nation’s second-largest source of greenhouse gases — and hopes this one will survive in court.,Positive
2019-10-23,"$300 billion. That’s the money needed to stop the rise in greenhouse gases and buy up to 20 years of time to fix global warming, according to United Nations climate scientists. It’s the gross domestic product of Chile, or the world’s military spending every 60 days.",Positive
2024-01-18,The heat retention by greenhouse gases in 2022 equals the electrical output of 1.74 million 1-GigaWatt power plants – The excess heat retention by greenhouse gases in 2022 was 85 times larger than all the direct heat produced by humanity in 2022,Negative
2020-11-24,"Ivanka Trump called out for boasting about drop in greenhouse emissions: ""This is largely because of the pandemic""",Negative
2022-01-30,"The aluminium demand risk of terawatt photovoltaics for net zero emissions by 2050 | Nature Sustainability. A paradox plagues solar energy: it is key to slowing climate change, but solar installations require aluminium, the mining and processing of which releases vast amounts of greenhouse gases.",Negative
2023-03-31,"California to Require Half of All Heavy Trucks Sold by 2035 to Be Electric | The state is setting strict limits to try to eliminate carbon dioxide emissions from transportation, the sector of the American economy that generates the most greenhouse gases.",Positive
2021-09-14,"Vermont sues 4 oil companies, alleges false info on climate “They have known for decades that the Earth’s climate has been changing because of emissions of CO2 and other greenhouse gases, and that the fossil fuels they sell are the primary source of those emissions,”",Negative
2023-07-12,"The Biden administration has announced plans to continue its reduction of hydrofluorocarbons, releasing a new rule that aims to cut the United States' use of the greenhouse gases by almost half starting next year.",Positive
2021-05-10,China Emits More Greenhouse Gases Than The U.S. And Many Other Developed Countries,Neutral
2021-10-29,"[Greg Stohr] BREAKING: Supreme Court agrees to consider limiting EPA's authority to curb greenhouse gases from power plants, will hear appeals from coal-mining companies and Republican-led states",Negative
2025-03-21,Trump repeals America’s first-ever tax on greenhouse gases before it goes into effect,Negative
2021-09-13,"Meat accounts for nearly 60% of all greenhouse gases from food production, study finds | Meat industry",Negative
2024-07-26,"The Great Salt Lake isn’t just drying out. It’s warming the planet. | The Great Salt Lake released 4.1 million tons of carbon dioxide and other greenhouse gases in 2020, researchers found — more evidence that dried-out lakes are a significant source of emissions.",Negative
2024-08-29,Canada’s 2023 wildfires released more greenhouse gases than most countries,Negative
2023-06-27,"eli5: If plants and trees thrive on Carbon dioxide, and humans are producing more carbon dioxide, does that mean vegetation is benefiting from greenhouse gases? If not, how come?",Neutral
2025-03-17,Trump repeals America’s first-ever tax on greenhouse gases before it goes into effect,Negative
2024-04-02,"""the enormous vacuum will soon be sucking up vast quantities of air, stripping out carbon dioxide and then locking away those greenhouse gases deep underground""",Positive
2023-05-11,Biden rule tells power plants to cut climate pollution by 90 percent — or shut down. The administration is launching Washington’s most ambitious effort in almost a decade to reduce the nation’s second-largest source of greenhouse gases — and hopes this one will survive in court.,Positive
2024-11-16,"For hope on climate change, look to the 'other Washington' Washington state voters turned out in support of a law to dramatically cut greenhouse gases.",Positive
2023-08-21,"Role of Greenhouse Gases in Climate Change - ""The Concept Of A ‘Greenhouse Gas’ or a ‘Greenhouse Effect’ Has Not Been Demonstrated And Is Thus Without Merit.""",Negative
2024-03-06,California Man Arrested for Smuggling Potent Greenhouse Gases into the United States,Negative
2022-08-22,"Democrats Designed the Climate Law to Be a Game Changer. Here’s How: In a first, the measure legally defines greenhouse gases as pollution. That’ll make new regulations much tougher to challenge in court.",Positive
2025-03-25,"In the suburbs, you’ll emit more greenhouse gases driving to get milk than the cow does making it",Negative
2021-07-08,I doubt that the free market is adapting to climate change in time to stop catastrophic results. How can conservative ideas/policies help reduce the emissions of greenhouse gases like CO2 and methane faster?,Neutral
2024-07-15,China’s emissions of two potent greenhouse gases rise 78% in decade,Negative
2009-06-20,"""There is no convincing scientific evidence that human release of carbon dioxide, methane, or other greenhouse gases is causing or will, in the foreseeable future, cause catastrophic heating of the Earth's atmosphere and disruption of the Earth's climate."" - Ron Paul, Crackpot",Negative
2022-06-16,"Greenhouse gases must be legally phased out, US scientists argue. A petition calls on the Environmental Protection Agency to regulate emissions under the Toxic Substances Control Act",Positive
2025-01-27,"Trump first week of executive orders: Military at the border, discrimination in the workplace, and an end to clean energy",Negative
2016-06-28,"Republican Voters Evenly Split on Climate Change, Poll Finds - Most voters, including about half of Republicans, believe the climate is changing and the federal government should step in to cut greenhouse gases",Neutral
2023-11-23,Pennsylvania governor appeals decision blocking plan to make power plants pay for greenhouse gases,Negative
2024-09-29,Can things like batteries be manufactured without producing greenhouse gases?,Neutral
2025-01-31,"The UK has restated ambitious plans to reduce its emissions of planet-warming greenhouse gases by 81% by 2035, but has not explained how it will achieve the goal, with no targets for sectors like farming, aviation, or energy to address those sectors' contributions to climate change.",Neutral
2022-09-20,"The U.S. will officially phase down HFCs, gases trapping 1,000x more heat than CO2",Positive
2022-09-02,"BAMS report: Record-high greenhouse gases, sea levels in 2021",Negative
2025-03-17,Earth is ‘perilously close’ to a global warming threshold. Here’s what to know,Negative
2020-10-06,"If we keep our rate of emitting greenhouse gases, when will it be the first year of no ice caps in the north pole?",Negative
2022-06-01,Trust in climate change scientists,Neutral
2023-04-04,"Since 1998, more than 31,000 American scientists have signed a petition stating that there is no convincing evidence that CO2, methane, or other greenhouse gases are causing global warming. The entire ""unprecedented not cyclical"" global warming hoax is based on a fully debunked ""hockey stick"" chart",Negative
2024-10-17,"Controversial Idea : If the simulation theory turns out to be correct : Does the Planet still need saving ? ( greenhouse gases , carbon footprint etc ) ",Neutral
2025-01-02,"BoM data finds 2024 was Australia’s second-hottest year on record. Rise in greenhouse gases responsible for average temperatures rising to 1.46C above average, with one climate scientist saying this is ‘the norm now’.",Negative
2018-12-25,New scientific evidence strengthens case for regulating greenhouse gases,Positive
2022-07-25,97% of House Republicans vote to allow interstate abortion bans,Neutral
2017-03-01,Philippines: Duterte signs Paris Agreement to slash greenhouse gases,Positive
2024-09-10,One of the most potent greenhouse gases is rising faster than ever ,Negative
2024-07-18,China’s emissions of two potent greenhouse gases rise 78% in decade,Negative
2022-01-07,Fungus-made protein may be an eco-friendly alternative to egg whites. Egg white protein – ovalbumin – produced by precision fermentation reduced land use requirements by almost 90 per cent and greenhouse gases by 31–55 per cent compared to the production of its chicken-based counterpart.,Positive
2024-07-01,"Denmark will tax livestock farmers for the greenhouse gases their animals emit, starting in 2030. The deal was reached ""between the center-right government and representatives of farmers, the industry, unions, among others.""",Positive
2017-08-01,"Even if humans could instantly turn off all emissions of greenhouse gases, Earth would continue to heat up about 2 more degrees Fahrenheit by the turn of the century, according to a new analysis published today in the journal Nature Climate Change.",Negative
2019-09-09,The lifestyles of the 42 million richest people are emitting more greenhouse gases than the poorest 3.8 billion people,Negative
2024-12-07,Scientists in Japan have demonstrated a new method to create hydrogen fuel without emitting greenhouse gases.,Negative
2024-04-03,"Recent reductions in aerosol emissions have increased Earth’s energy imbalance and thus global warming. In upcoming years, lower aerosol emissions due to better air quality regulations will complement the impact of greenhouse gases and accelerate global warming.",Negative
2019-06-13,"The Pentagon emits more greenhouse gases than Portugal, study finds",Negative
2022-11-09,Billionaires emit a million times more greenhouse gases than the average person: Oxfam,Negative
2018-11-22,"Greenhouse gases at record levels: ""The window of opportunity for action on climate change is almost closed"" says World Meteorological Organisation Sec. Gen.",Negative
2024-10-17,The confidence some people have in their stupidity ,Negative
2018-08-03,"Earth's Carbon Concentrations Have Soared to Levels Not Seen in 800,000 Years: One NOAA oceanographer warns that even if humanity ""stopped the greenhouse gases at their current concentrations today, the atmosphere would still continue to warm for next couple decades to maybe a century.""",Negative
2024-08-29,Canada’s 2023 wildfires released more greenhouse gases than most countries,Negative
2017-07-26,Methane Seeps Out as Arctic Permafrost Starts to Resemble Swiss Cheese: Measurements over Canada's Mackenzie River Basin suggest that thawing permafrost is starting to free greenhouse gases long trapped in oil and gas deposits.,Negative
2025-01-26,"Scientists discover microbes in Amazonian peatlands that could influence climate change | Unknown family of microbes adapted to the peatlands could have a dual role in the carbon cycle, either stabilizing carbon for long-term storage or releasing it into the atmosphere as greenhouse gases",Positive
2024-11-05,"A small reduction in meat production (13%), borne by wealthier nations, could remove 125 billion tons of carbon dioxide—exceeding the total number of global fossil fuel emissions over the past 3 years—from the atmosphere",Positive
2024-06-10,Bill Gates-backed startup creates Lego-like brick that can store air pollution for centuries: 'A milestone for affordably removing carbon dioxide from the air',Positive
2022-07-30,"Taylor Swift's private jets took 170 trips this year, landing her #1 on a new report that tracks the carbon emissions of celebrity private jets",Negative
2024-10-06,"Liquefied natural gas leaves a greenhouse gas footprint that is 33% worse than coal, when processing and shipping are taken into account. Methane is more than 80 times more harmful to the atmosphere than carbon dioxide, so even small emissions can have a large climate impact",Negative
2022-06-05,Scientists urge the world to wake up as yet another dire climate record is broken carbon dioxide measured at NOAA 421 parts per million in May.,Negative
2022-06-04,NOAA reports carbon dioxide reaches levels not seen in millions of years (It is very serious),Negative
2023-03-21,Carbon dioxide (per capita) emission - World Map,Neutral
2023-05-28,ELI5: How did global carbon dioxide emissions decline only by 6.4% in 2020 despite major global lockdowns and travel restrictions? What would have to happen for them to drop by say 50%?,Neutral
2022-08-22,"“The challenge with our CO₂ emissions is that even if we get to zero, the world doesn’t cool back down."" Two companies are on a mission in Iceland to find a technological solution to the elusive problem of capturing and storing carbon dioxide",Positive
2022-08-28,Analysis challenges U.S. Postal Service electric vehicle environmental study. An all-electric fleet would reduce lifetime greenhouse gas emissions by 14.7 to 21.4 million metric tons of carbon dioxide equivalents when compared to the ICEV scenario. The USPS estimate was 10.3 million metric tons.,Positive
2024-06-29,Canada’s 2023 wildfires created four times more emissions than planes did last year or  pumped more heat-trapping carbon dioxide into the air than India did by burning fossil fuels,Negative
2019-05-14,"Exxon predicted in 1982 exactly how high global carbon emissions would be today | The company expected that, by 2020, carbon dioxide in the atmosphere would reach roughly 400-420 ppm. This month’s measurement of 415 ppm is right within the expected curve Exxon projected",Negative
2021-04-08,Carbon dioxide levels are higher than they've been at any point in the last 3.6 million years,Negative
2021-05-03,"Greenhouse gases are slowly shrinking the middle atmosphere - Rising concentrations of carbon dioxide and other greenhouse gases are cooling and shrinking the stratosphere and mesosphere, a phenomenon observed for the first time in a new analysis of satellite data.",Negative
2020-10-05,Exxon’s Plan for Surging Carbon Emissions Revealed in Leaked Documents - Exxon has been planning to increase annual carbon-dioxide emissions by as much as the output of the entire nation of Greece,Negative
2020-09-23,President Xi Jinping said China would achieve a peak in carbon dioxide emissions before 2030 and carbon neutrality before 2060. It is the first time the world's biggest emitter of carbon dioxide has pledged to end its net contribution to climate change,Positive
2020-06-27,"Stiffening 10% of the nation's roads every year could prevent 440 megatons of carbon dioxide equivalent emissions over the next five decades. That amount equals how much CO2 you'd spare the planet by keeping a billion barrels of oil in the ground. Or by growing seven billion trees, for a decade.",Positive
2019-02-24,"Carbon Emissions Are Now 10x Higher Than When The Arctic Had Crocodiles And Palm Trees | New research has found that humans are pumping nearly 10x more carbon dioxide into the atmosphere than what was emitted during Earth's last major warming event, called the Palaeocene-Eocene Thermal Maximum",Negative
2022-06-04,"Concentrations of carbon dioxide in the atmosphere in May were 50 percent higher than during the pre-industrial era, reaching levels not seen on Earth for about four million years, the main US climate agency said on Friday",Negative
2017-03-09,EPA chief Scott Pruitt says carbon dioxide is not a primary contributor to global warming,Negative
2022-05-14,The monthly average carbon dioxide (CO2) level in Earth's atmosphere exceeds 420 parts per million (ppm) for the first time in recorded history.,Negative
2020-12-26,"Scientists have come up with an experimental process that might be able to turn carbon dioxide—a greenhouse gas emitted by all gas-burning engines—into jet fuel. If successful, the process, which uses an iron-based chemical reaction, could result in “net zero” emissions from airplanes.",Positive
2024-08-02,"Nasa posted this model showing carbon dioxide emissions moving through earths atmosphere. The video was created by Supercomputers, using insane amounts of Data from satellites.",Positive
2018-12-30,Sucking carbon dioxide from air is cheaper than scientists thought,Positive
2020-06-14,Chemical engineers from UNSW Sydney have developed new technology that helps convert harmful carbon dioxide emissions into chemical building blocks to make useful industrial products like fuel and plastics.,Positive
2018-09-17,"Paris global warming targets could be exceeded sooner than expected because of melting permafrost, study finds. Planet on brink of 'tipping point' as thawing soil and sediment releases large volumes of carbon dioxide and methane into atmosphere",Negative
2020-07-06,"If one in five Kiwis opt to work from home once a week, we’d prevent 84,000 tonnes of carbon dioxide entering the atmosphere. That’s equivalent to taking 35,000 cars off the road. If 20 per cent cut their journeys from five to four days a week, they’d save 34.6m litres of petrol",Positive
2018-01-14,"Water-saving measures in California have translated into 1,830 GWh total electricity savings, and a greenhouse gas (GHG) emissions reduction of 521,000 metric tonnes of carbon dioxide equivalents (MT CO2e), which is equivalent to taking about 111,000 cars off the road for a year.",Positive
2018-11-03,"US Supreme Court allows historic kids' climate lawsuit to go forward. The lawsuit want a plan that will ensure the level of carbon dioxide in the atmosphere falls below 350 parts per million by 2100, down from an average of 405 parts per million in 2017.",Positive
2017-04-23,"CO2 concentration has crossed 410 ppm, just 2 years after it hit 400 ppm.Carbon dioxide hasn’t reached this height in millions of years.",Negative
2022-08-24,The world’s largest solar park will produce 5 GW energy by 2030 | It was designed to reduce carbon dioxide emissions by over 6.5 million tons each year.,Positive
2019-05-16,Carbon Dioxide Emissions by country. [OC],Neutral
2021-10-26,Who emits the most carbon dioxide?,Neutral
2019-10-13,"Researchers have developed a new material that can selectively capture carbon dioxide molecules, and efficiently convert them into useful organic products -- an advance that may help develop new ways to contain global greenhouse gas emissions.",Positive
2015-09-29,Elon Musk Says Climate Change Refugees Will Dwarf Current Crisis. Tesla's CEO says the Volkswagen scandal is minor compared with carbon dioxide emissions.,Positive
2024-11-03,Alberta's ruling party votes to dump emissions reduction plans and embrace carbon dioxide,Negative
2024-09-14,Generative AI is reportedly tripling carbon dioxide emissions from data centers,Negative
2024-08-06,"Nasa posted this model showing carbon dioxide emissions moving through earths atmosphere. The video was created by Supercomputers, using insane amounts of Data from satellites.",Neutral
2019-11-11,"Engineers develop a new way to remove carbon dioxide from air The process could work on the gas at any concentrations, from power plant emissions to open air",Positive
2019-09-28,This green cement company says its product can cut carbon dioxide emissions by up to 70% - the green cement locks in carbon dioxide as it cures instead of releasing it,Positive
2022-12-17,The @ElonJet bot always documented carbon dioxide emissions of Elon Musk from private flying. Should we also do that?,Neutral
2019-10-21,"TIL of 'elysis', a new smelting process for aluminum that releases oxygen instead of carbon dioxide. This new production process both cuts operating costs by 15% and increases production by 15%. Apple has invested $11 million in the venture behind it and is offering technical support.",Positive
2024-10-15,"'ZeroCAL' cement production process takes CO2 out of the equation | With 98% less CO2 emissions than traditional methods by decomposing limestone – the key raw material involved in making cement – to access calcium oxide, aka lime, without releasing carbon dioxide in the process.",Positive
2019-10-13,The Guardian names the 20 state-owned and multinational firms that can be directly linked to more than ⅓ of all greenhouse gas emissions since 1965. New data from researchers reveals how the 20 firms have contributed to 35% of all energy-related carbon dioxide and methane worldwide since 1965.,Negative
2018-10-26,"Scientists take opposing sides in youth climate trial - In a federal courtroom, 21 young people are scheduled to face off against the U.S. government, which they accuse of endangering their future by promoting policies that have increased emissions of carbon dioxide (CO2).",Negative
2024-11-17,"Scientists create super-efficient electro-biodiesel to cut carbon emissions. For every gram of electro-biodiesel produced, the process removes 1.57 grams of carbon dioxide from the atmosphere, thanks to by-products like ethylene and biomass.",Positive
2019-10-28,"ELI5: In the phrase ""livestock are responsible for burping the methane equivalent of 3.1 gigatonnes of carbon dioxide into the atmosphere annually"" what does ""the methane equivalent of CO2"" mean?",Neutral
2020-08-06,"Turning carbon dioxide into liquid fuel. Scientists have discovered a new electrocatalyst that converts carbon dioxide (CO2) and water into ethanol with very high energy efficiency, high selectivity for the desired final product and low cost.",Positive
2015-08-12,"PLOS Science Wednesday: We're Jim Hansen, a professor at Columbia’s Earth Institute, and Paul Hearty, a professor at UNC-Wilmington, here to make the case for urgent action to reduce carbon dioxide emissions, which are on the verge of locking in highly undesirable consequences, Ask Us Anything.",Neutral
2020-04-30,"Coronavirus is driving down global carbon dioxide emissions to levels last seen 10 years ago, agency says",Positive
2022-06-22,Cement carbon dioxide emissions quietly double in 20 years,Negative
2024-11-03,Alberta's ruling party votes to dump emissions reduction plans and embrace carbon dioxide,Negative
2020-03-23,"Electric vehicles produce less carbon dioxide than petrol cars across the vast majority of the globe – contrary to the claims of some detractors, who have alleged that the CO2 emitted in the production of electricity and their manufacture outweighs the benefits.",Positive
2017-02-04,Carbon dioxide emissions rate increased at the highest observed rate in 2016 [OC],Negative
2024-11-03,Alberta's ruling party votes to dump emissions reduction plans and embrace carbon dioxide,Negative
2024-09-14,Generative AI is reportedly tripling carbon dioxide emissions from data centers,Negative
2025-03-02,"Low-cost method transforms ordinary rocks into carbon dioxide storage | It's not exactly the fastest way to hoover up CO2, but the team believes it could be a relatively inexpensive affair, and can easily scale to help sort our emissions problem worldwide.",Positive
2024-11-03,Alberta's ruling party votes to dump emissions reduction plans and embrace carbon dioxide,Negative
2018-04-16,Carbon dioxide from ships at sea to be regulated for first time | Shipping firms to halve greenhouse gas emissions by 2050 as part of historic agreement,Positive
2022-07-07,"We need to draw down carbon—not just stop emitting it. ""Even if we get carbon dioxide emissions all the way down to zero, the world will not cool back down; it will just stop warming up. The only way to permanently reverse warming is through carbon removal.""",Positive
2021-10-25,Carbon dioxide levels in 2020 reached a 3-million year high,Negative
2022-03-24,"The amount of methane – a greenhouse gas 30 times more potent at trapping heat than carbon dioxide over 100 years – leaking from a huge U.S. oil and gas producing region is several times greater than the federal government estimates, according to a new study",Negative
2020-05-19,Research has found the world cut its daily carbon dioxide emissions by 17% at the peak of the pandemic shutdown last month. The biggest global drop was from April 4-9 when the world was spewing 18.7 million tons of carbon pollution a day less than it was on New Year’s Day.,Positive
2021-05-24,Trials to suck carbon dioxide from the air to start across the UK,Positive
2017-10-12,The world’s first “negative emissions” plant has begun operation in Iceland — turning carbon dioxide into stone,Positive
2024-02-20,Carbon dioxide emissions by country (1888 - 2011),Neutral
2020-07-09,European Countries by Carbon Dioxide Emissions Per Capita 2018,Neutral
2019-11-01,Sweden's implementation of a carbon tax successfully and substantially reduced carbon dioxide emissions,Positive
2017-02-25,"Trump's Potential Science Adviser Will Happer: Carbon Dioxide Demonized Just Like ""Poor Jews Under Hitler""",Negative
2025-03-02,"A transition to a glacial state in 10,000 years’ time is very unlikely to happen because human emissions of carbon dioxide into the atmosphere have already diverted the climate from its natural course, with longer-term impacts into the future",Negative
2024-12-09,"China’s ‘Explosive’ Ironmaking Breakthrough Achieves 3,600-Fold Speed Boost /   Flash ironmaking involves injecting finely ground iron ore powder into an extremely hot furnace and could enable the steel industry to achieve “near-zero carbon dioxide emissions”  
#GlobalCarbonFeeAndDividendPetition",Positive
2023-02-19,"Scientists create carbon nanotubes out of plastic waste using an energy-efficient, low-cost, low-emissions process. Compared to commercial methods for carbon nanotube production that are being used right now, ours uses about 90% less energy and generates 90%-94% less carbon dioxide",Positive
2022-08-11,Does anyone have any scholarly articles explaining why we are still in an ice age? Did carbon dioxide emissions change the atmosphere that much to end the ice age we were in?,Neutral
2022-06-11,Nuclear energy is wildly uncompetitive without a high price on carbon dioxide emissions,Negative
2023-03-02,"Carbon dioxide emissions reached a record high in 2022: Communities around the world emitted more carbon dioxide in 2022 than in any other year on records dating to 1900, a result of air travel rebounding from the pandemic and more cities turning to coal as a low-cost source of power.",Negative
2020-09-07,A fifth of carbon dioxide emissions come from multinational companies' global supply chains. The flow of investment is typically from developed countries to developing ones - meaning that emissions are in effect outsourced to poorer parts of the world.,Negative
2012-04-10,"Solar thermal process produces cement with no carbon dioxide emissions  - For every 10 kg of cement produced, the cement industry releases a full 9 kg of CO2. Since the world consumes about 3 trillion kg of cement annually, this sector has one of the highest potentials for CO2 emission reductions. ",Positive
2017-05-15,Scientists alarmed to discover Alaska's melting tundra releasing extremely high levels of CO2. Melting tundra emitted 220 million tons of carbon dioxide gas (the figure excludes fossil fuel burning and wildfires). That’s equal to the emissions from the U.S. commercial sector in a single year.,Negative
2017-10-22,"All sea life will be affected because carbon dioxide emissions from modern society are making the oceans more acidic, a major new report will say - The eight-year study from more than 250 scientists finds that infant sea creatures will be especially harmed.",Negative
2021-01-29,Methane emissions from coal mines are approximately 50 percent higher than previously estimated. The results have important implications for Earth’s climate because methane is about 25 times more powerful than carbon dioxide when it comes to warming the planet over a long period.,Negative
2020-12-11,World carbon dioxide emissions drop 7% in pandemic-hit 2020,Negative
2017-10-12,The world’s first “negative emissions” plant has opened in Iceland—turning carbon dioxide into stone,Positive
2021-12-18,world's biggest carbon-removal plant negates 3 seconds' worth of global emissions in 1 year,Positive
2024-11-03,Alberta's ruling party votes to dump emissions reduction plans and embrace carbon dioxide,Negative
2017-03-01,"China shift to renewables transforms world's biggest polluter from 'climate bad boy' into 'true leader' - ""seek to peak its carbon dioxide emissions by 2030. To achieve this, the country has embarked on a $474 billion renewable energy program""",Positive
2016-11-14,"Declining consumption of coal in the US last year played a significant role in keeping down global emissions of carbon dioxide. CO2 emissions were almost flat for the third year in a row, despite a rise in economic growth. The slowdown in the Chinese economy since 2012 has also been key.",Positive
2023-05-20,Only 13 per cent of methane emissions are covered by global methane mitigation policies. Methane is 80 times more potent than carbon dioxide over 20 years. It is responsible for around 30 per cent of the rise in global temperatures since the Industrial Revolution,Negative
2012-04-04,"Til A forest of 100,000 ""artificial trees"" could be deployed within 10 to 20 years to help soak up the world's carbon emissions.",Positive
2024-05-07,"Why carbon credits are not useful, and why Taylor Swift's purchase of carbon credits are not offsetting her jet emissions - From the perspective of a climate scientist",Neutral
2024-12-28,NO ONE has EVER shown that Human emissions of Carbon Dioxide drive Global Warming,Negative
2024-01-05,Carbon emissions in the European Union from 1965 to 2022,Negative
2022-11-01,"Enormous emissions gap between top 1% and poorest, study highlights | ‘Polluting elite’ responsible for same amount of carbon dioxide in a year as poorest 10% are in a decade, data shows",Negative
2015-11-04,"China Burns Much More Coal Than Reported, Complicating Climate Talks - China has been using up to 17% more coal a yr than reported. By some estimates, that means almost a billion more tons of carbon dioxide released annually.",Negative
2024-02-25,Scientists develop 'nanosphere' paint that could reduce planes' carbon dioxide emissions,Positive
2019-12-16,'Any growth is more than we can afford': Carbon dioxide pollution hits record high as planet warms. Natural gas use is surging across the world and fossil fuel emissions are hitting records that are unsustainable for the planet.,Negative
2021-12-10,"Japan’s total greenhouse gas emissions dropped for the seventh consecutive year to 1.149 billion metric tons of carbon dioxide equivalent in fiscal 2020, according to the Environment Ministry. Emissions were down 5.1 percent, or 62 million metric tons of CO2 equivalent, from fiscal 2019",Positive
2013-11-27,Acidifying Oceans Alarm 540 Scientists from 37 Countries – Oceans acidifying at rates not seen for last 55 million yrs & the only way to slow it is to reduce human emissions of carbon dioxide. All oceans have experienced a 26% rise in acidity since dawn of industrial age.,Negative
2022-06-03,Sky high: Carbon dioxide levels in air spike past milestone,Negative
2024-03-02,Stop saying that nuclear is bad,Neutral
2013-08-25,"World-first pilot plant to turn carbon dioxide into rock: A research pilot plant in Newcastle, Australia will trial world-first technology that turns carbon emissions into bricks and pavers for the construction industry",Positive
2021-09-07,"The Taihang solar farm in China is built right into the local mountains and reduces 251,000 metric tons of carbon dioxide emissions every year.",Positive
2025-02-25,First-of-its-kind study finds that some trees in central L.A. absorb significantly more carbon dioxide than expected — offsetting a surprising share of fossil fuel emissions,Positive
2023-09-17,"Researchers: Most coastal communities will encounter 100-year floods annually by the end of the century, even under a moderate scenario where carbon dioxide emissions peak by 2040",Negative
2023-03-02,Carbon dioxide emissions reached a record high in 2022,Negative
2016-07-05,"Scientists from the University of York have developed an innovative new green method of capturing carbon dioxide (CO2) emissions from power stations, chemical and other large scale manufacturing plants.",Positive
2016-05-11,"The world is hurtling towards an era when global concentrations of carbon dioxide never again dip below the 400 parts per million (ppm) milestone, as two important measuring stations sit on the point of no return.",Negative
2021-10-30,"Study: ""Permafrost carbon emissions are not accounted for by models that informed the IPCC"" ""limiting warming to 1.5 °C without overshoot is likely unattainable,"" ""Scientists are aware of the risks of rapidly warming Arctic, not fully recognized by policy makers or the public."" PNAS May 2021",Negative
2014-12-23,Climate change could cost U.S. coasts $1 trillion by 2100. Future costs would be $84 billion to $140 billion lower if emissions of the greenhouse gas carbon dioxide were to level off and gradually fall,Negative
2024-10-06,"Liquefied natural gas leaves a greenhouse gas footprint that is 33% worse than coal, when processing and shipping are taken into account. Methane is more than 80 times more harmful to the atmosphere than carbon dioxide, so even small emissions can have a large climate impact",Negative
2023-08-30,"“According to the Environmental Protection Agency, gas-burning lawn tools account for 4% of US carbon dioxide emissions” which, according to this 2011 EPA study below, is approx 207,000 kilotons or 456,356,882,723 pounds of carbon annually",Negative
2024-02-18,"Significant greenhouse gas emissions resulting from conflict in Ukraine. The sum of such 'unaccounted' emissions of carbon dioxide, methane, and nitrous oxide for 18 months of the war exceeded the annual emissions of some European countries, such as Austria, Hungary, and Portugal.",Negative
2024-05-13,"Study: Meat, Eggs, and Dairy Causes 65% of all Nitrous Oxide Emissions, Which is 296 Times Worse than Carbon Dioxide",Negative
2022-07-23,"Machine That Converts Carbon Dioxide Into Oxygen: Low Cost, Builds Itself.",Positive
2024-07-31,"Global map of carbon dioxide emission trends, January through March 2020",Neutral
2019-03-14,"In a blow to the image of hydropower as a source of green energy, scientists have found that damming of tropical rivers not only damage downstream ecosystems, but can indirectly dump more carbon dioxide into the air than the electricity they generate saves in fossil fuel emissions.",Negative
2022-11-14,"Global emissions of carbon dioxide stayed at record high levels in 2022, giving the planet less than a decade to meet the goals of the landmark Paris Agreement, according to a report released Thursday",Negative
2022-02-13,"To Counter Global Warming, Focus Far More on Methane, a New Study Recommends. Over a 100-year period, methane is 28 times more potent than carbon dioxide as a greenhouse gas. However, over a 20-year period methane is 81 times more potent. The EPA is drastically undervaluing the potency of methane.",Negative
2022-05-23,New study says world must cut short-lived climate pollutants as well as carbon dioxide to meet limits,Negative
2021-10-28,ALP (54%) increases lead over the L-NP (46%) as the Federal Government discusses “Net Zero” carbon dioxide emissions,Neutral
2021-12-07,"A new report shows wealth is directly correlated with the climate crisis, and the people who tend to own the most financial assets are also the people contributing the most to carbon emissions across the globe.",Negative
2023-07-24,"If you accept global warming theories, and think this summer is unusually warm because of it, maybe ask Joe Biden why he blew up the Nord Stream Pipeline, which released 32 billion pounds of Carbon dioxide into the atmosphere? (thats 2 years of cars on the roads in US worth of emissions)",Negative
2023-12-05,"World carbon dioxide emissions increase again, driven by China, India and aviation",Negative
2024-11-14,How dare Germany Decarbonize without Nukes?!?!?!?¿?¿?,Negative
2020-12-07,The carbon dioxide output of China per capita is greater than the carbon dioxide output of the European Union per capita. The big population argument is no longer valid.,Neutral
2025-03-26,"How the planet stores our excess carbon emissions: « Over the last 150 years, humans have emitted over 2,000 gigatons of carbon dioxide (CO2) into the atmosphere, increasing the CO2 concentration by 50 percent from pre-Industrial Revolution levels. »",Neutral
2022-04-23,How much carbon dioxide have different countries/continents released into the atmosphere since 1750?,Neutral
2025-03-04,Plants Are Losing Their Ability to Absorb Carbon Dioxide as Emissions Rise,Negative
2019-12-13,Technology that captures carbon dioxide emissions needs way more subsidies — reaching well into the billions of dollars — to thrive. It comes as quite a surprise that essentially the entire oil industry — via this below-the-radar committee — is telling Washington they want a price on carbon of $110.,Negative
2024-07-03,GM to pay $146M in federal penalties over older vehicles' carbon dioxide emissions,Negative
2024-08-03,Utah’s Great Salt Lake rings climate alarm bells over release of 4.1m tons of carbon dioxide,Negative
2024-07-31,"Global map of carbon dioxide emission trends, January through March 2020",Neutral
2023-02-01,"US Emissions of the World’s Most Potent Greenhouse Gas Are 56 Percent Higher Than EPA Estimates. Electric utilities are likely responsible for the nation’s higher than expected emissions of sulfur hexafluoride, a greenhouse gas 25,000 times worse for the climate than carbon dioxide.",Negative
2023-11-08,Texas could spend federal funds meant to cut carbon emissions on highway projects,Negative
2020-01-22,"The historic wildfires in Australia likely unleashed about 900 million tons of carbon dioxide into atmosphere, nearly double country’s total yearly fossil fuel emissions, according to scientists. Researchers concerned. “If these runaway fires become more normal, we’re in for a very different world.”",Negative
2024-10-15,"'ZeroCAL' cement production process takes CO2 out of the equation | With 98% less CO2 emissions than traditional methods by decomposing limestone – the key raw material involved in making cement – to access calcium oxide, aka lime, without releasing carbon dioxide in the process.",Positive
2020-12-02,[OC] Carbon dioxide emissions from fossil fuel in the Korean Peninsula,Neutral
2019-09-02,"The 100,000 flights a day that now crisscross the skies pump almost as much carbon dioxide into the atmosphere as the 28 member states of the European Union combined",Negative
2018-01-14,"Water-saving measures in California have translated into 1,830 GWh total electricity savings, and a greenhouse gas (GHG) emissions reduction of 521,000 metric tonnes of carbon dioxide equivalents (MT CO2e), which is equivalent to taking about 111,000 cars off the road for a year.",Positive
2019-11-28,Europe will press ahead with a network of satellites to track carbon dioxide emissions across the globe: Research ministers approved proposals worth €14.4bn over the next five years that will also include funds to pave the way for missions to the Moon and Mars.,Positive
2020-06-04,"Earth’s carbon dioxide levels hit record high, despite coronavirus-related emissions drop",Negative
2024-08-02,Nasa's model showing carbon dioxide emissions moving through earths atmosphere. The video was created by supercomputers using insane amounts of satellite data.,Neutral
2023-10-28,A cool guide to the environmental impact of foods,Neutral
2021-11-12,"I guess we can call this a silver sea. The Taihang solar farm in China is built right into the local mountains and reduces 251,000 metric tons of carbon dioxide emissions every year.",Positive
2022-09-07,Spotted on a midsized (reasonably fuel efficient) car in bruntsfield. Yes tyres were deflated.,Neutral
2025-03-12,Luxembourg is now one of five countries in Europe which has made a commitment to reduce carbon dioxide emissions by 2030. The commitment will include the reduction of the country's existing coal production by 2070.,Positive
2020-09-25,Norway funds massive project to trap and store carbon dioxide at sea,Positive
2025-01-20,All the world’s carbon emissions (from September 2024) ,Neutral
2025-01-20,All the world’s carbon emissions (from September 2024) ,Neutral
2015-12-18,"Obama just released the biggest energy efficiency rule in U.S. history - translate into $ 167 billion in saved costs for businesses over the life of the standard, as well as 885 million tons fewer carbon dioxide emissions. (That’s just shy of a gigaton, or a billion tons.)",Positive
2014-10-06,Solar power could generate 27% of the world’s electricity needs and prevent the emission of more than 6 billion tonnes of carbon dioxide per year by 2050,Positive
2024-10-21,Real-Time Methane & Carbon Dioxide Emissions Mapping ,Neutral
2023-03-31,"California to Require Half of All Heavy Trucks Sold by 2035 to Be Electric | The state is setting strict limits to try to eliminate carbon dioxide emissions from transportation, the sector of the American economy that generates the most greenhouse gases.",Positive
2020-07-16,Carbon Dioxide Emissions of Europe by Production (2018) and by Consumption (2016),Neutral
2024-10-23,"A major new study reveals that carbon dioxide (CO2) emissions from forest fires have surged by 60% globally since 2001, and almost tripled in some of the most climate-sensitive northern boreal forests. 

",Negative
2024-06-30,"Canadian wildfires released more carbon emissions than burning fossil fuels, study shows",Negative
2024-04-09,The world ended 40+ years ago,Negative
2024-11-21,The flyer from “The Tyre Extinguisher” that was caught for deflating tires in woodlands,Neutral
2024-07-26,"The Great Salt Lake isn’t just drying out. It’s warming the planet. | The Great Salt Lake released 4.1 million tons of carbon dioxide and other greenhouse gases in 2020, researchers found — more evidence that dried-out lakes are a significant source of emissions.",Negative
2013-06-29,Carbon emissions by nation (total & per capita),Neutral
2023-09-18,California Governor to Sign Landmark Climate Disclosure Bill | The first-in-the-nation law will compel major companies to publicly disclose their carbon dioxide emissions and could have national repercussions.,Positive
2024-08-06,"Nasa posted this model showing carbon dioxide emissions moving through earths atmosphere. The video was created by Supercomputers, using insane amounts of Data from satellites.",Neutral
2025-01-27,A record surge of clean energy kept China’s carbon dioxide emissions below the previous year’s levels in the last 10 months of 2024.,Positive
2019-11-14,Sweden’s central bank will no longer hold bonds issued by local authorities in Canada and Australia with high carbon-dioxide emissions after yielding to critics who say it’s not doing enough to tackle climate change.,Negative
2016-08-26,"Biofuels not as ""green"" as many think - America's biofuel use to date has led to a net increase in carbon dioxide emissions",Negative
2025-02-16,"Using carbon dioxide removal (CDR) for easily decarbonised sectors may make net zero unachievable. Nearly all 1.5°C pathways require CDR for hard-to-abate emissions, so misallocating it risks failure.",Negative
2021-11-04,"Global CO2 emissions rebound to near pre-pandemic levels: After a dramatic drop during the pandemic lockdowns, carbon dioxide emissions are back to near-record levels. China's share has increased to almost a third of the total",Negative
2020-12-11,World carbon dioxide emissions drop 7% in pandemic-hit 2020,Positive
2018-04-23,"The veggie burger that bleeds when you cut it - The meat industry is a major contributor to carbon dioxide emissions and deforestation, and a huge consumer of water. But can lab-grown veggie alternatives wean us off our addiction to red meat? Silicon Valley tech companies are betting on it.",Negative
2024-10-23,"A major new study reveals that carbon dioxide emissions from forest fires have surged by 60 percent globally since 2001, and almost tripled in some of the most climate-sensitive northern boreal forests.",Negative
2022-02-21,"Engineered Bacteria Convert Captured Carbon Dioxide Into Valuable Chemicals for Fuels, Fabric, and Cosmetics",Positive
2023-07-05,"Per capita carbon emissions, 2021",Neutral
2022-05-30,Carbon Dioxide Emission by Different Countries/Continents since 1750 compared to their present Population,Neutral
2024-08-16,"Global wildfires in 2023 released 8.6 billion tons of carbon dioxide, 16% above average. Climate change has already increased frequency of extreme wildfires by 3.3 times in Canada and 24 times in Amazonia. Current emissions trajectory could make such extreme events 6-10 times more likely by 2100.",Negative
2025-03-04,Plants Are Losing Their Ability to Absorb Carbon Dioxide as Emissions Rise,Negative
2025-01-13,Paper Showing Earth’s Atmosphere Has Become ‘Saturated’ With Carbon Dioxide and More Carbon Emissions Won’t Make Any Difference Is Retracted Following Positive Coverage in the Daily Sceptic,Negative
2025-01-15,Why is climate change so underestimated???,Negative
2024-01-18,"Seabed trawling found to be a major source of global CO2 emissions | Bottom trawling, a controversial and destructive fishing technique, releases large amounts of carbon dioxide from the seabed – and much of this gas gets into the atmosphere",Negative
2019-07-09,"Reminder: Leaving the pc on during night time is safe for the components, but NOT for the environment",Negative
2019-10-13,"Researchers have developed a new material that can selectively capture carbon dioxide molecules, and efficiently convert them into useful organic products -- an advance that may help develop new ways to contain global greenhouse gas emissions.",Positive
2025-01-30,Why do people leave these stickers on their cars?,Neutral
2023-06-05,"Wealthy, industrialised nations of the global North, such as the United States and Germany, are responsible for 90% of excessive levels of carbon dioxide emissions, and could be liable to pay a total of $170 trillion in compensation or reparations to ensure climate change targets are met by 2050.",Negative
2024-10-17,"SCOTUS DENIES application for a stay in WV v. EPA, a challenge to rule regulating power-plant emissions of carbon dioxide ; allowing rule to stand pending litigation. J. Thomas dissents. J. Alito did not participate. J. Kavanaugh, joined by J. Gorsuch writes stmt a respecting the denial of the stay",Neutral
2019-06-13,"Bitcoin is responsible for the same amount of carbon dioxide emissions as a city like Las Vegas or Hamburg, and it's time to consider how to reduce its climate footprint, researchers said Thursday",Negative
2018-12-31,Sucking carbon dioxide from air is cheaper than scientists thought,Positive
2025-02-19,Rising carbon dioxide is making the world's plants more water-wise,Positive
2025-03-26,"How the planet stores our excess carbon emissions: « Over the last 150 years, humans have emitted over 2,000 gigatons of carbon dioxide (CO2) into the atmosphere, increasing the CO2 concentration by 50 percent from pre-Industrial Revolution levels. »",Neutral
2019-10-27,"MIT engineers develop ""revolutionary"" new method of removing carbon dioxide from the air",Positive
2024-11-19,Carbon Dioxide Emissions ,Neutral
2021-12-09,"Plants Buy Us Time to Slow Climate Change – But Not Enough to Stop It. A new study finds that plants are photosynthesizing more in response to more carbon dioxide in the atmosphere, but nowhere near enough to remove all emissions.",Negative
2024-06-12,Has the US cut carbon emissions in the last 25 or so years?,Neutral
2019-05-19,"How can we, as individuals help reduce carbon emissions in Australia?",Negative
2025-01-31,NOx/Carbon dioxide emissions report,Neutral
2022-04-12,"Hydrogen will be one of humanity's key weapons in the war against carbon dioxide emissions, but it must be treated with care. New reports show how fugitive hydrogen emissions can indirectly produce warming effects 11 times worse than those of CO2.",Positive
2021-02-13,"""Climate change is a much, much worse problem than is widely believed: Unless we achieve net zero emissions AND withdraw several hundred gigatons of carbon dioxide from the atmosphere and oceans by mid-century, catastrophic impacts are inevitable""",Negative
2024-07-03,GM to pay $146M in federal penalties over older vehicles' carbon dioxide emissions,Negative
2022-11-11,"Carbon dioxide emissions rising globally, but drop in China",Negative
2024-12-10,"After storing carbon dioxide in frozen soil for millennia, Arctic tundra has become a source of carbon dioxide emissions",Negative
2017-07-14,"Pruitt mentioned Merkel by name, urging the public to press her on the issue. If reducing carbon dioxide emissions ""is so important to you, Madam Chancellor, why are you getting rid of nuclear? Because last time I checked, it’s pretty clean on CO2""",Negative
2021-07-02,"Liebreich: Capturing only 90% of CO2 emissions in blue hydrogen production ‘ain’t good enough’. Still means that about a tonne of carbon dioxide would be released for every tonne of blue hydrogen. ""I've got nothing against blue hydrogen, as long as there are no fugitive emissions and 100% capture.""",Negative
2023-03-31,"California to Require Half of All Heavy Trucks Sold by 2035 to Be Electric | The state is setting strict limits to try to eliminate carbon dioxide emissions from transportation, the sector of the American economy that generates the most greenhouse gases.",Positive
2024-12-11,Arctic tundra becoming source of carbon dioxide emissions,Negative
2023-06-02,Actually the Bitcoin mining carbon emissions have fallen by 50% over the past three years. This is incredibly good.,Positive
2025-03-15,"How London’s ultra-low emission zone is successfully cleaning up the air - According to a new report reviewed by independent air quality experts, the initiative has significantly reduced nitrogen dioxide, fine particulate matter, and carbon emissions across the city.",Positive
2022-07-26,"If your carbon footprint is 1.91(for example) and everyone on planet lived like you, then world average temperature will increase by 1.91 in 35 years. Carbon Dioxide emissions in tons per person country wise. By Overall emissions, Lowest and Highest.",Negative
2025-03-05,Plants Are Losing Their Ability to Absorb Carbon Dioxide as Emissions Rise,Negative
2023-05-09,Created using chatgpt,Neutral
2018-08-10,"Brazil Surpasses 2020 Target to Cut Deforestation Emissions. The Amazon, the world’s largest tropical rainforest, and the Cerrado, South America’s biggest savanna, soak up vast amounts of carbon dioxide, and their preservation is seen as vital to the fight against climate change.",Positive
2024-11-22,"Reality shock - China's carbon emissions doubled in the past decade, while the US went into debt to subsidize renewable energy.",Negative
2025-01-20,All the world’s carbon emissions (from September 2024) ,Neutral
2024-04-24,[OC] Annual & Per Capita CO2 Emissions,Neutral
2025-03-02,"A transition to a glacial state in 10,000 years’ time is very unlikely to happen because human emissions of carbon dioxide into the atmosphere have already diverted the climate from its natural course, with longer-term impacts into the future",Negative
2020-05-12,"""Global carbon dioxide levels at record high despite coronavirus lockdown"": Remember when it was OUR fault that the world was warming up? And the government and ""global warming experts"" pushed for lowering OUR carbon footprint in order to reduce CO2 levels.",Negative
2021-05-05,"Volkswagen throws down the emissions gauntlet: VW has softened its stance on tough new European carbon dioxide emissions targets for automakers, betting it can absorb more stringent cuts than its rivals",Neutral
2025-03-10,Car emission datasset based on not just carbon dioxide but other emissions as well,Neutral
2024-10-07,"Liquefied natural gas leaves a greenhouse gas footprint that is 33% worse than coal, when processing and shipping are taken into account. Methane is more than 80 times more harmful to the atmosphere than carbon dioxide, so even small emissions can have a large climate impact",Negative
2018-10-29,Carbon dioxide emissions from the U.S. power sector have declined 28% since 2005,Positive
2024-07-06,"A study finds that the world's remaining carbon budget for 1.5 °C of global warming is only half that of previous estimates, at less than 250 gigatonnes of carbon dioxide, or around six years of annual worldwide emissions.",Negative
2025-03-03,"A transition to a glacial state in 10,000 years’ time is very unlikely to happen because human emissions of carbon dioxide into the atmosphere have already diverted the climate from its natural course, with longer-term impacts into the future",Negative
2025-02-20,Carbon dioxide removal,Neutral
2025-03-03,"Low-cost method transforms ordinary rocks into carbon dioxide storage | It's not exactly the fastest way to hoover up CO2, but the team believes it could be a relatively inexpensive affair, and can easily scale to help sort our emissions problem worldwide.",Positive
2017-10-13,The world’s first “negative emissions” plant has opened in Iceland—turning carbon dioxide into stone,Positive
2023-03-13,"The European Union has suspended all exports of coal to China in the face of a huge environmental crisis caused by rising temperatures and carbon dioxide emissions, it says",Negative
2024-11-13,Amj Most carbon emission countries yearly per person ,Negative
2025-01-20,Carbon emissions 2023.,Neutral
2024-12-10,"After storing carbon dioxide in frozen soil for millennia, Arctic tundra has now become a source of carbon dioxide emissions",Negative
2024-06-02,Panama prepares to evacuate first island in face of rising sea levels,Negative
2023-08-25,I 3D scanned my hometown and used unreal engine to see what it looks like if the sea level rises.,Neutral
2022-11-19,NASA Study: Rising Sea Level Could Exceed Estimates for U.S. Coasts,Negative
2024-05-21,"Ocean water is rushing miles underneath the ‘Doomsday Glacier’ with potentially dire impacts on sea level rise , according to new research which used radar data from space to perform an X-ray of the crucial glacier.",Negative
2024-11-05,"Posting memes of Greece being superior to the Netherlands, until sea levels rise. Day 3, going hiking.",Neutral
2022-08-29,Major sea-level rise caused by melting of Greenland ice cap is ‘now inevitable’,Negative
2024-12-26,[Request] - Total melt of all ice on our planet = xSeaRise?,Negative
2021-03-17,[OC] The Lost State of Florida: Worst Case Scenario for Rising Sea Level,Negative
2024-11-22,Antarctic researchers warn of possible 'catastrophic' sea level rise within our lifetime in group statement,Negative
2022-09-18,Scientists warn South Florida coastal cities will be affected by sea level rise -,Negative
2025-01-17,Netherlands if sea levels rises by 2 meters,Neutral
2024-11-04,"Posting memes of Greece being superior to the Netherlands, until sea levels rise. Day 2, diplomacy with candidate countries.",Neutral
2024-05-16,"As sea levels rise, DeSantis signs bill deleting climate change mentions from Florida state law",Negative
2021-02-02,Sea Levels Are Rising Faster Than Most Pessimistic Forecasts - Bloomberg,Negative
2024-04-29,"Rising sea levels makes flooding MUCH worse in areas that don't ""believe"" in climate change.",Negative
2024-08-21,"Trump, For Some Reason, Thinks Rising Sea Levels Will Create More Oceanfront Land",Negative
2023-01-31,Proceeds to show a graph proving sea level rise...,Neutral
2019-08-01,Greenland's ice sheet melting so fast it has caused global sea levels to rise 0.5mm in just a month,Negative
2024-07-09,"Rising seas cause 1st US plant extinction, rare 20-foot tall cactus gone | Experts have documented the “first local extinction” of plant species driven by rising sea levels in the United States.",Negative
2024-01-18,Right wing snobs from deep red Jersey Shore communities say they can't keep up with beach replenishment due to rising sea levels and frequent storms,Negative
2020-02-11,Potential Dutch solution for rising sea levels: the Northern European Enclosure Dam (NEED),Positive
2019-10-22,"If climate change is a serious threat and sea levels are going to rise or are rising, why don’t we see real-estate prices drastically decreasing around coastal areas?",Neutral
2020-07-04,"Newport Beach is flooding at high tide, 6/3/20. Sea levels rising in real time. What a year.",Negative
2020-01-25,Climate change-driven sea-level rise could trigger mass migration of Americans to inland cities. A new study uses machine learning to project migration patterns resulting from sea-level rise.,Negative
2025-01-18,Greenland ice sheet could completely melt at global warming of +3.4 C and cause 7 m (23 ft) of sea level rise.,Negative
2022-05-01,Sea levels rising twice as fast as thought in New Zealand,Negative
2022-08-29,Major sea-level rise caused by melting of Greenland ice cap is ‘now inevitable’ | Sea level,Negative
2018-10-06,Sea level rise since 1880 [OC],Neutral
2024-07-20,"Rising the sea level to 115 m, any pros and cons?",Neutral
2024-07-17,"This was captioned ""Be careful of rising sea levels 🤣""",Neutral
2024-07-29,"In The Road (2009), the father checks the map. It shows Corpus Christi TX, albeit after sea level rise buries the outlying islands",Negative
2023-10-23,"New study suggests collapse of West Antarctica ice sheet, and up to 5 m of sea level rise, unavoidable even under most ambitious GHG mitigatation scenarios",Negative
2020-09-30,"America's year of fire and tempests means climate crisis just got very real. If emissions aren’t tamed, 13 million Americans face being displaced by sea level rise, US economy activity could plunge by half a trillion dollars",Negative
2022-01-04,Realignment of MLB divisions but the year is 2100 and global warming has caused the icebergs to melt and sea levels to rise. There are only 17 teams remaining.,Neutral
2020-03-11,"Hawaii has officially joined the fight to hold fossil fuel companies accountable for the climate crisis. On Monday the City of Honolulu filed a lawsuit against 10 oil and gas companies, seeking monetary damages to help pay for costs associated with climate impacts like sea level rise and flooding.",Positive
2015-08-31,"Obama: Climate change threatens US 'right now'. “Already, rising sea levels are beginning to swallow one island community.” “Think about that,” Obama added. “If another country threatened to wipe out an American town, we’d do everything in our power to protect ourselves.”",Negative
2023-08-25,I 3D scanned my hometown and used unreal engine to see what it looks like if the sea level rises.,Negative
2024-12-04,"Reform UK's Tice claims rising sea levels can be dealt with by ""a bit of steel and cement""",Negative
2017-12-18,"A new NASA sea level simulator lets you bury Alaska's Columbia glacier in snow, and, year by year, watch how it responds. Or you can melt the Greenland and Antarctic ice sheets and trace rising seas as they inundate the Florida coast.",Neutral
2025-03-15,"NASA study confirms sea level rise doubled in 2024, sends out alarm bells across coastal regions",Negative
2021-07-14,The Sentinel 6 satellite is now tracking Earth's rising sea levels with unprecedented accuracy,Positive
2022-08-30,Greenland is melting; 27cm is the minimum the sea levels will rise in the coming years.,Negative
2019-09-29,"Rising Sea Levels Will Make It Harder for 60 Million People in U.S. to Flush Their Toilets, U.N. Report Says",Negative
2024-08-13,Donald Trump Mocks Climate Change: 'Sea-Level Rise Means More Ocean Front Property',Negative
2024-11-03,"Posting memes of Greece being superior to the Netherlands, until sea levels rise. Day 1, today's topic is economy.",Neutral
2020-11-12,Senator David Perdue lives in elite beachfront community that is reinforcing for sea-level rise – while voting against climate crisis action,Negative
2025-01-21,Areas in England that will likely be underwater by 2100 if global sea levels continue rising at their current rates (this is worst case scenario but still likely),Negative
2017-01-20,"Sea level in the Northeast and in some other US regions will rise significantly faster than the global average, according to a new report. In a worst-case scenario, global sea level could rise by about 8 feet by 2100. The report lays out 6 scenarios intended to inform national and regional planning.",Negative
2015-09-12,"Climate change talks in Paris our 'last chance', say Pacific islands: 'This is not politics, it's survival'.The Pacific island nations whose very existence is threatened by rising sea levels have issued a desperate plea to Australia and New Zealand.",Negative
2017-09-13,"A new study pins damages from sea level rise and climate change on select large oil, gas and coal companies",Negative
2024-05-18,Rising Sea levels don't care about your backyards ,Negative
2025-01-18,Netherlands if sea levels rises by 2 meters. Are we ready for this? ,Neutral
2018-07-17,"Honolulu's mayor issues directive on climate change. ""The sea is rising, we see it all around our island, everyday everyone in this room, when you go to the beach everyone sees the erosion. ""There's $12.9 billion of property at risk from the 3.2 foot of sea level rise,""",Negative
2024-06-04,“The Sea Levels are rising!!!”,Neutral
2023-12-04,"If Doggerland wasn't flooded by rising sea levels 8,500 years ago, would that area today just be one massive agricultural field? If the beautiful black soil of East Anglia and parts of Northwestern Continental Europe are any indication, I feel like it would be the most productive place on Earth? No?",Negative
2022-11-15,"A super-pressurized, 290-mile-long river is running under the Antarctic ice sheet. That could be bad news for sea-level rise",Negative
2018-01-01,"In Antarctica, a fleet of seven drones will embark on a year-long mission under the ice. If they survive, the data they collect could drastically improve predictions of future ice melting and sea level rises.",Negative
2020-05-15,New research by Rutgers scientists reaffirms that modern sea-level rise is linked to human activities and not to changes in Earth's orbit.,Positive
2019-08-31,"Even if atmospheric CO2 stabilizes around current levels, the global mean sea level would still rise 16.2 meters above current levels, new Nature study finds",Negative
2024-03-16,"Greenland Cascading 30 Million Tons Per Hour | Paul Beckwith says James Hansen's Prediction of 5 Meters of Sea Level Rise by 2100 is an Underestimate, 'Sea Level Rise has Hit Mach 1'",Negative
2023-11-10,[request] could you negate rising sea levels with canals?,Neutral
2014-10-19,Pacific islanders on canoes blockade Australia coal export terminal saying fossil fuels are contributing to rising sea levels that threaten their countries' very existence,Negative
2022-06-13,“It hasn’t sunk in even in the science community that we have lost the ice sheets. It is just a matter of time before we see many metres of sea-level rise. Society has to now brace itself for a catastrophe…” Professor Jason Box,Negative
2023-09-29,Europe if sea levels rise by 500 meters,Neutral
2020-08-25,TIL: In 2010 a land dispute between India and Bangladesh was solved by rising sea levels. The New Moore Island/South Talpatti in the Sunderbans was completely submerged by water and vanished thus solving the dispute.,Neutral
2023-08-31,"The Seattle islands, if the ice caps melt and sea levels rise 215 feet",Neutral
2022-06-26,Death Valley is 282’ below sea level. Would it offset the rising ocean to build a canal and create the Death Valley Sea?,Negative
2024-12-16,"Dozens of High Rise Towers in Miami are Sinking at ‘Unexpected’ Rates, Study Reveals | Salt Water Intrusion, Sea Level Rise, and Extreme Rainfall Events are Eroding the Limestone Bedrock Beneath the City",Negative
2024-11-21,"New study estimates that a 1-meter sea level rise by 2100 would affect over 14 million people and $1 trillion worth of property along the Southeast Atlantic coast, from Norfolk, Virginia, to Miami, Florida. The scale of these interconnected hazards is much greater than anticipated",Negative
2023-02-09,"In the year 2000 Al Gore said the sea levels would rise 40 ft and the whole world would be flooded by 2010 if we didn't reduce CO2 now. Since then, we've increased CO2 20% and sea levels have risen 2 in, temperature is in a normal cyclical range, and the Earth is 5% greener because of CO2. Fuck Gore",Negative
2019-10-01,In Maryland Sea Level Rise Is Happening Now (2018),Negative
2021-11-21,"The melting of the Antarctic Ice Sheet may have already passed a point of no return, a new study has found, and scientists say it could contribute to sea level rise over coming centuries and possibly millennia.",Negative
2025-02-26,How high would the sea level have to rise to cover US counties?,Neutral
2022-02-15,U.S. coastline to see up to a foot of sea level rise by 2050,Negative
2025-01-04,"Rising sea levels driven by the climate crisis will overwhelm many of the world’s biggest oil ports, study shows. Thirteen of the ports with the highest supertanker traffic will be seriously damaged by just 1 metre of sea level rise, the analysis found. ",Negative
2022-12-06,If the sea level were to rise 5000m (5km),Neutral
2021-10-16,"Pro-Trump candidate suggests taking all boats out of the water to lower sea levels: ‘When you take things out of bath water, the bath water decreases, does it not?’",Negative
2022-11-18,"Tuvalu starts to digitise their nation as rising seas threaten existence | Tuvalu said on Thursday that it plans to build a digital version of itself, replicating islands and landmarks and preserving its history and culture as rising sea levels threaten to submerge the tiny Pacific nation",Positive
2022-06-07,Europe if sea level rises 100 meters,Neutral
2024-05-16,"As sea levels rise, DeSantis signs bill deleting climate change mentions from Florida state law",Negative
2021-06-18,"Well from 7000 BC preserved by rising sea levels, at Atlit-Yam, cyprus.",Neutral
2020-03-02,"Climate change and sea level rise are currently on track to wipe out half the world's sandy beaches by 2100, researchers warned in a new study",Negative
2024-08-13,"Does Donald Trump understand how the ocean works? Once again Monday night, he claimed that rising sea levels would create “more oceanfront property.”",Negative
2022-01-03,"When a huge piece of ice calves off a glacier/ice sheet into the sea, once the initial ‘wave’ settles is the sea level rise around the world instant or does it take a long period of time to take effect?",Neutral
2018-05-17,Republican Member of Congress Tells Scientists Rising Sea Level Caused by More Dirt on Ocean Floor,Negative
2023-07-20,Long-lost Greenland ice core suggests potential for disastrous sea level rise,Negative
2024-05-15,"As sea levels rise, DeSantis signs bill deleting climate change mentions from Florida state law",Negative
2017-09-30,"If the sea level rises, does the altitude of everything decreases ?",Neutral
2024-01-24,Rising sea levels aren't the only thing you have to worry about...,Neutral
2022-05-01,Sea levels rising twice as fast as thought in New Zealand,Negative
2024-05-05,"Europe in 2100, if sea levels keep rising at the current rate. It certainly cleans the place up nicely. ",Neutral
2017-02-08,"Who's Still Fighting Climate Change? The U.S. Military: Despite political gridlock over global warming, the Pentagon is pushing ahead with plans to protect its assets from sea-level rise and other impacts.",Positive
2023-04-12,"Scientists find ""unprecedented"" rates of sea level rise along some U.S. coasts that's 3 times higher than global average",Negative
2023-04-18,"Vikings abandoned Greenland about 600 years ago, in part driven by pervasive flooding from progressive sea-level rise",Negative
2024-12-18,Miami’s beachfront condos are singing at almost a 1/2 inch per year due to global sea level rise.,Negative
2024-04-26,"Atlanta's population could boom as people flee sea level rise, wildfires, and hurricanes",Negative
2024-05-18,[request] how much would the sea level rise from this?,Neutral
2021-09-04,Komodo dragon in danger of extinction as sea levels rise,Negative
2023-03-02,"There is no indication of sea level rise at Santa Monica, California over the last three decades",Neutral
2024-11-22,Antarctic researchers warn of possible &#x27;catastrophic&#x27; sea level rise within our lifetime in group statement,Negative
2021-02-15,"Sea level data confirms climate modeling projections were right | Projections of rising sea levels this century are on the money when tested against satellite and tide-gauge observations, scientists find. The finding does not bode well for sea level impacts over coming decades",Positive
2017-05-14,"Lorenzo Quinn's sculpture titled ""Support"" just revealed at the 2017 Venice Biennale - it depicts the affects of climate change and the rising sea level in the city.",Positive
2023-07-18,"House Republicans propose planting a trillion trees as they move away from climate change denial. Despite weather disasters and rising sea levels, the plan doesn’t involve abandoning their enthusiastic support for American-produced energy from burning oil, coal and gas.",Neutral
2024-06-13,"Tampa Bay Times Editorial Board: ""Sea levels in Florida are rising fast. Tough decisions ahead"" ",Neutral
2023-08-26,Extreme sea level rise is going to make a lot of awesome scuba diving sites...,Neutral
2021-08-06,Singapore in 2042 with rising sea levels and ocean dam (concept art),Neutral
2021-05-18,The tropical paradise of Westmeath Island has been lost to rising sea levels. Who will make headlines in [ROUND 22]? Most upvoted county in the comments gets deleted.,Negative
2020-03-17,A map of the eastern US if sea levels would rise 200m,Neutral
2013-08-22,TIL NC banned the use of scientific predictions of sea-level rise in determining coastal policies,Negative
2020-02-02,"Unprecedented data confirms that Antarctica’s most dangerous glacier is melting from below, with the potential to unleash more than 10 feet of sea-level rise.",Negative
2020-04-26,If the sea levels are rising just dig out the ocean to make it deeper dumb the stuff dug out on land to make the land taller,Negative
2014-04-23,"Increasing Storm Tides in New York Harbor, 1844-2013. Sea level rise has increased the annual odds of flooding Manhattan from 1% to 20-25%",Negative
2024-10-22,Swiss Alps vs. Colorado Rockies: Rise Above Sea Level (Elevation) vs. Rise Above Surroundings (Jut),Neutral
2020-04-16,Alarms ring as Greenland ice loss causes 40% of 2019 sea level rise,Negative
2022-06-07,UN prediction in 1989: “Entire nations could be wiped off the face of the Earth by rising sea levels if global warming trend is not reversed by the year 2000.” 🤡,Negative
2018-09-14,The Carolinas Ignored Warnings That Rising Sea Levels Would Make Hurricanes Stronger,Negative
2012-10-05,"TIL the first country that will be entirely lost to rising sea levels (Kiribati) is already planning the complete, permanent evacuation of its population",Negative
2024-05-20,Sea levels are starting to rise faster. Here’s how much South Florida is expecting,Negative
2023-01-24,A map of the Earth after a sea level rise of 480m,Neutral
2023-01-11,The United States of America in 2100: How 50 Meters of Sea Level Rise Changed a Country,Negative
2023-04-10,Troubled Waters: Record-Breaking Rates of Sea-Level Rise Found Along the U.S. Southeast and Gulf Coasts,Negative
2017-10-16,What would happen if sea levels DROPPED?,Neutral
2022-09-10,How rising sea levels could create zombie towns around U.S.,Negative
2015-12-23,See how your area is affected when you change the amount of sea level rise.,Neutral
2016-12-06,Green delight as Trump's Irish wall plans withdrawn. His plan to erect a huge sea wall at his Irish golf course are withdrawn in light of stiff opposition. The original application cited rising sea levels as a result of climate change as a key reason for the protective barrier.,Positive
2022-08-29,What’s going on with the Greenland ice sheet? It's losing ice faster than forecast and now irreversibly committed to at least 10 inches of sea level rise,Negative
2024-05-15,"As sea levels rise, DeSantis signs bill deleting climate change mentions from Florida state law",Negative
2020-02-12,"Dutch* Proposal to dam the North Sea, protecting Europe from rising sea Levels. Technically feasible but est. cost €500Bn. *who else?!",Positive
2025-01-27,"NI cities that will be 'submerged by global warming': Sea levels could rise by up to 6.2 FEET by 2100, warn scientists.",Negative
2023-12-01,Sea levels are rising? Explain THIS. My ass.,Neutral
2022-03-02,How one of Florida’s most beloved animals may be close to climate extinction | Newly obtained documents show how officials pursued plans to remove protections from a beloved animal despite internal warnings about sea level rise.,Negative
2023-03-03,A detailed map of the world with a 70 meters sea-level rise (with drowned populated areas),Neutral
2024-06-25,A newly identified tipping point for the loss of ice sheets in Antarctica and elsewhere could mean future sea level rise is significantly higher than current projections. Computer models show that a “very small increase” in temperature of water could lead to a “very big increase” in loss of ice.,Negative
2024-11-12,Sea Levels Set To Rise Permanently Even if Global Warming Is Reversed,Negative
2025-01-04,"‘Ironic’: climate-driven sea level rise will overwhelm major oil ports, study shows | Oil",Negative
2025-03-13,NASA analysis shows unexpected amount of sea level rise in 2024,Negative
2019-08-31,Scientists predict 16m sea level rise even if the Earth stops warming right now,Negative
2016-02-23,"We can say with 95 percent probability that the rate of global sea level rise in the 20th-century was faster than any of the previous 27 centuries, and it's continuing to accelerate.",Negative
2024-12-20,Why sea level rise in the U.S. South is blowing past expectations,Negative
2022-11-10,"During the Eemian interglacial (130,000 to 115,000 years ago), average annual global temperatures were about 3°C higher than today. The associated rise in sea level connected the Baltic and White seas, making Scandinavia an island.",Neutral
2023-10-27,"A hidden feedback loop under Antarctica’s glaciers could accelerate sea level rise, scientists find",Negative
2020-02-25,"Well from 7000 BC preserved by rising sea levels, at Atlit-Yam, cyprus.",Neutral
2025-03-26,Sea Level Rise - By How Much,Neutral
2025-03-17,"Following the end of the last ice age, the Baltic Sea did not yet exist and was instead a freshwater lake. Rising sea levels eventually connected it to the Atlantic Ocean",Neutral
2023-03-16,This is what catastrophic sea level rise actually looks like.,Negative
2021-11-09,"TIL: The Grand Canyon was formed not by the Colorado River cutting down into the landscape, but the landscape rising up and the river roughly maintaining its altitude above sea level",Neutral
2024-05-25,"Antartica's Thwaites Glacier is also known as the ""Doomsday Glacier"" because it could greatly contribute to sea level rise if it collapses. And new evidence suggests that's exactly what's happening.",Negative
2023-04-11,"TIL if everyone on Earth sat down in the ocean at once, sea level would rise by 0.00012 of an inch",Neutral
2024-01-31,"[Request] In Magmell the anime, a new continent appears, by how much would the sea level rise?",Neutral
2024-05-17,"As sea levels rise, DeSantis signs bill deleting mentions of ‘climate change’ from state law | CNN Politics",Negative
2019-02-05,"A hole opens up under Antarctic glacier — big enough to fit two-thirds of Manhattan: ""Scientists say if Thwaites collapses, it could trigger a catastrophic rise in global sea levels, flooding coastal cities around the world.""",Negative
2023-06-30,"UN Predicts Disaster if Global Warming Not Checked - June 29, 1989 - entire nations could be wiped off the face of the Earth by rising sea levels if global warming trend is not reversed by the year 2000 -",Negative
2014-09-05,"Hillary Clinton: US Should Lead on Clean Energy - ""No matter what the deniers try to assert. Sea levels are rising. Ice caps are melting. Storms, droughts and wildfires are wreaking havoc."" ""The threat is real, but so is the opportunity,"" she said.",Positive
2022-08-29,Major sea-level rise caused by melting of Greenland ice cap is ‘now inevitable’,Negative
2022-09-27,PSA: City centers cannot be flooded by rising sea levels,Neutral
2020-09-21,Model 3 just doesnt care about sea level rises,Neutral
2022-03-31,Saw this on another group on Facebook (London Urban Oddities). Just imagine rising sea levels due to climate change.,Negative
2019-08-20,Frightening sea level rise in Maryland,Negative
2024-05-16,"As sea levels rise, DeSantis signs bill deleting mentions of ‘climate change’ from state law | CNN Politics",Negative
2023-11-16,"Scattering sunlight-reflecting particles in the atmosphere could slow rapid melting in West Antarctica and reduce the risk of catastrophic sea-level rise, according to a study",Positive
2020-01-28,Map of US after the sea levels rise to about 200 Meters above current levels,Neutral
2024-05-09,ABC and Ken Sim voted today to use $16 million to: 1. Rip out the Beach Ave. bike lane. 2. Remove funding to protect Stanley Park from rising sea levels. 3. Turn green space into more car lanes in the park.,Negative
2024-06-25,"Scientists identify new Antarctic ice sheet ‘tipping point,’ warning future sea level rise may be underestimated",Negative
2024-12-15,The Dutch are raising the sea level 😱,Neutral
2023-12-14,The sea level rises for every new ship put into it.,Neutral
2023-02-08,"Turkey moved 3 meters towards Europe, but is it also sinking? or the sea levels rising?",Neutral
2023-02-14,New study shows Acceleration of global sea level rise imminent past 1.8℃ planetary warming,Negative
2024-09-23,Sea level rise in NH,Negative
2024-12-11,France – If all the ice melted sea level would rise by 70m – animated,Neutral
2024-10-18,The rate of global sea level rise doubled during the past three decades,Negative
2023-03-30,We’re halfway to a tipping point that would trigger 6 feet of sea level rise from melting of the Greenland Ice Sheet,Negative
2024-08-13,Donald Trump Mocks Climate Change: 'Sea-Level Rise Means More Ocean Front Property',Negative
2019-09-14,Map of a flooded Northern Sea (sea level rise of 50m ),Neutral
2017-08-30,"If Donald Trump won't tackle climate change, then Chicago will. Something is wrong when a president will do anything to protect every Confederate statue in every city and town, but not one thing to protect those cities and towns from rising sea levels, severe storms and other climate change impacts",Negative
2025-03-14,NASA Analysis Shows Unexpected Amount of Sea Level Rise in 2024,Negative
2024-04-09,Texas map shows where state will become underwater from sea level rise,Neutral
2015-08-26,"According to the 23-year record of satellite data from NASA and its partners, the sea level is rising a few millimeters a year -- a fraction of an inch. If you live on the U.S. East Coast, though, your sea level is rising two or three times faster than average.",Negative
2012-07-02,"Rising sea levels cannot be stopped over the next several hundred years, even if deep emissions cuts lower global average temperatures, but they can be slowed down, climate scientists said in a study on Sunday.",Neutral
2023-11-16,"2 degrees, 40 feet: Scientists who study Earth’s ice say we could be committed to disastrous sea level rise",Negative
2024-10-22,Petition to rise the sea level by 100 Meters so the French have less land ,Negative
2024-07-01,"Older coastal US cities, like Philadelphia, New York and Boston are at risk of being inundated by untreated sewage during floods. Due to the design of their combined sewer systems and sea level rise, these cities could be facing a growing public health crisis from climate change.",Negative
2024-05-25,Sea levels are starting to rise faster: Here's how much South Florida is expecting,Neutral
2019-03-26,"This map of the world if sea levels rise 100,000ft",Neutral
2024-05-18,Sea levels are rising faster. Here’s what South Florida can expect,Neutral
2023-11-18,"2 degrees, 40 feet: Scientists who study Earth’s ice say we could be committed to disastrous sea level rise",Negative
2021-07-14,u/Loki-L explains how a wobbly moon both conceals and amplifies Earth's rising sea levels,Neutral
2024-05-16,"As sea levels rise, DeSantis signs bill deleting climate change mentions from Florida state law",Negative
2025-03-31,"Antarctica is bigger than Europe and holds 60% of Earth’s freshwater. If it melts, sea levels would rise 190 feet, drowning entire cities. And this picture from space shows how vast it is.",Negative
2024-05-18,Sea levels are rising faster. Here’s what South Florida can expect,Neutral
2019-01-24,The climate models can't keep up with the accelerating pace of climate change. Melt water is pouring into the ocean at record levels from Greenland from an area scientists once thought was stable. Sea level rise will likely be adjusted upward as more glacier melt points continually are uncovered.,Negative
2020-12-28,the real cause of rising sea levels,Negative
2018-11-25,"How Extreme Weather Is Shrinking the Planet With wildfires, heat waves, and rising sea levels, large tracts of the earth are at risk of becoming uninhabitable. But the fossil-fuel industry continues its assault on the facts.",Negative
2019-09-25,"'Don't buy coastal properties': UN scientists issue stark warning on climate | IPCC warns one billion people will be affected as soon as 2050 because of rising sea levels, water shortages and food insecurity",Negative
2024-11-23,Australian Antarctic Research Conference warns of catastrophic sea level rise in our lifetimes,Negative
2021-08-17,"Europe if the sea level would rise by one trillion meters, which would add so much mass to earth that it would collapse into a black hole.",Neutral
2025-03-11,[Fifth Element] What's going on with the sea level on Earth?,Neutral
2014-06-27,Dealing with sea level rise,Neutral
2024-11-23,Antarctic researchers warn of possible catastrophic sea level rise within our lifetime in group statement,Negative
2021-10-13,[RDTM] How much we would lower sea levels by removing all of the boats. (credit: u/JoshHutchins),Neutral
2024-04-29,"Supposed ""proof"" of sea levels...",Neutral
2024-11-14,"In Your Opinion, What City Do You Think is Geographically in the Worst Location?",Neutral
2024-02-09,Modern problems require modern solutions,Neutral
2024-12-10,"Amazon - if all the fresh water ice melted, sea levels would rise by 70m. A hypothetical map ",Neutral
2024-04-29,"Where seas are rising at alarming speed | One of the most rapid sea level surges on Earth is besieging the American South, forcing a reckoning for coastal communities across eight U.S. states, a Washington Post analysis has found.",Negative
2021-12-15,"Antarctic Ice Shelf Could Collapse Within Five Years, Causing Dangerous Sea Level Rise",Negative
2024-12-01,"Rising sea levels could put Vancouver’s airport underwater | YVR — the second-busiest airport in Canada — sits on an island that could be flooded due to climate change, a new Senate committee report warns",Negative
2024-03-14,"It's not just coastal areas affected by sea level rises, rivers are too. ",Neutral
2023-10-23,"Rapid melting in West Antarctica is 'unavoidable,' with potentially disastrous consequences for sea level rise, study finds",Negative
2024-11-30,"[60 Minutes on Sunday] ""Rising sea levels and erosion are reshaping Maryland's Smith Island, putting residents at risk of becoming some of the country’s first climate refugees. Jon Wertheim reports, Sunday.""",Negative
2022-11-29,"Sea levels are expected to rise around the contiguous U.S. faster than previously thought, a new NASA study finds: By 2050, sea levels along the coastlines of the contiguous U.S. could rise as much as 12 inches.",Negative
2018-05-17,Republican lawmaker: Rocks tumbling into ocean causing sea level rise,Negative
2020-09-13,"Antarctica and Greenland on Track for Worst-Case Climate Scenario | Alarmingly, the study authors say that since sea level rise is already meeting scientists’ worst-case projections, the actual worst case could be even more severe",Negative
2023-11-16,"2 degrees, 40 feet: Scientists who study Earth’s ice say we could be committed to disastrous sea level rise: A new report details that ice sheets are melting quicker than expected, and that the world will need to ramp up its climate efforts to avert disastrous sea level rise.",Negative
2017-12-16,"New ice-collapse science suggests sea level rise will be much, much worse than we thought — Quartz",Negative
2024-06-02,Panama prepares to evacuate first island in face of rising sea levels,Negative
2016-11-28,"Prepare for 'surprise' as global warming stokes Arctic shifts - scientists | ""Arctic ecosystems are changing in dramatic ways: the ice is melting, sea levels are rising, coastal areas are eroding, permafrost is thawing, and the areas where plants and animals live are shifting,"" said the report.",Negative
2022-08-15,"[OC] Simulation: rising sea levels. ""Reach the higher ground""",Neutral
2024-12-09,Bengal. If All the Ice Melted Sea Level Would Rise by about 70m,Neutral
2024-11-25,If All the Ice Melted - part of Northern Europe animated - 70m sea level rise,Neutral
2017-09-14,A new study says that more than a quarter of global sea level rise and about half the global warming from 1880 to 2010 can be traced back to just 90 corporations,Negative
2024-06-25,"Rising sea levels will disrupt millions of Americans’ lives by 2050, study finds | Sea level",Negative
2014-05-12,Scientists decades-long fears are now here: The collapse of the ice sheet in West Antarctica have begun and is almost certainly unstoppable. A rise in global sea level of at least 10 feet may now be inevitable.,Negative
2025-02-08,The climate is warming and sea levels rising way faster than governments are acting,Negative
2025-01-12,help my sea level is rising (356k population),Negative
2021-04-29,'Impossible to adapt': Surprisingly fast ice-melts in past raise fears about sea level rise,Negative
2023-05-29,World Economic Forum: “90% of all coastal areas will be affected by rising sea-levels due to climate change.”,Negative
2024-09-19,MFW I learn 100+ nuclear power plants are threatened by flooding from rising sea levels,Negative
2016-11-08,"Why scientists are so worried about sea-level rise in the second half of this century - The study finds that by 2100, New York could see a sea level rise of more than 3.5 feet.",Negative
2017-07-14,"Earth could become ‘practically ungovernable’ if sea levels keep rising, says former Nasa climate chief",Negative
2019-09-25,Senior U.N. Environmental Official: Entire Nations Could Be Wiped off the Face of the Earth by rising Sea Level....by the Year 2000,Negative
2023-10-27,"Rapid melting in West Antarctica is 'unavoidable,' with potentially disastrous consequences for sea level rise, study finds",Negative
2025-02-24,"Which mountains rise most impressively above their surroundings, rather than just above sea level? Curious to hear your takes—and here's an interactive map!",Neutral
2016-03-14,"Anywhere from 4.3 to 13.1 million people in the coastal United States will be at risk of inundation due to sea level rise by 2100, according to a new study that combines population growth projections with sea level rise forecasts.",Negative
2024-01-23,"California just released a major new report on sea level rise. Here’s how bad it could get — The sea level is expected to rise 1.2 feet by 2050 in Humboldt Bay, the fastest rate on the West Coast.",Negative
2025-03-22,TIL Sten Gustaf Thulin invented the plastic bag as a reusable and sustainable alternative to the deforestation caused by paper bags. He'd always carry his plastic bag in his pocket and envisioned everyone would carry and re-use their plastic bags wherever they'd go.,Positive
2024-06-14,An Orangutan tries to prevent the deforestation of their home ,Positive
2024-02-19,Lula da Silva keeps his promise: Amazon deforestation reduced by 64%,Positive
2022-09-26,"Generation Z – those born after 1995 – overwhelmingly believe that climate change is being caused by humans and activities like the burning of fossil fuels, deforestation and waste. But only a third understand how livestock and meat consumption are contributing to emissions, a new study revealed.",Neutral
2023-09-27,"TIL DeForest Kelley, who played Dr McCoy in Star Trek, wanted to become a doctor, but couldn't afford medical school. He regularly received letters from fans who went into medicine because of him and said ""to influence the youth of the country ... is an award that is not handed out by the industry""",Neutral
2024-11-30,Skydiver Luigi Cani has carried out a unique act by dropping 100 million seeds over the deforested Amazon rainforest.,Positive
2024-06-14,An Orangutan tries to prevent the deforestation of their home ,Positive
2023-06-11,Brazilian Amazon deforestation falls 31% under Lula,Positive
2022-05-05,Eating one-fifth less beef could halve deforestation,Positive
2023-02-22,"In 1925 Percy Fawcett vanished in the amazon jungle, in his 3rd attempt to find ""Z"", a lost ancient city deep in the jungle, commonly believed to be a myth. Recent technological advances have made it possible to digitally deforest part of the amazon, revealing an extensive urban settlement",Neutral
2025-03-06,Trump Executive Order Calls for Mass Deforestation,Negative
2025-03-20,YSK: “No-stir” peanut butter contains a lot of palm oil. Palm oil plantations are a huge driver of rainforest deforestation.,Negative
2023-07-06,Deforestation in Brazil's Amazon drops 34% in first half 2023,Positive
2022-07-08,"UN says that overexploitation, climate change, pollution, and deforestation are pushing one million species towards extinction",Negative
2025-01-29,Deforestation in the Amazon has halved in the last few years,Positive
2021-04-01,The Amazon Rainforest Now Emits More Greenhouse Gases Than It Absorbs. Climate change and deforestation have transformed the ecosystem into a net source of planet-warming gases instead of a carbon sink,Negative
2022-05-05,"These seed-firing drones are planting 40,000 trees every day to fight deforestation",Positive
2021-12-12,[OC] 20 years of deforestation in the Amazon,Neutral
2022-11-09,brazil's new president Lula vows to halt Deforestation.,Positive
2023-01-20,Exclusive: Brazil launches first anti-deforestation raids under Lula bid to protect Amazon,Positive
2022-05-06,Meat Alternatives Made From Fungi Could Cut Deforestation by 50%,Positive
2021-06-24,"Major supplier for Nestle and Pepsi breaks its 'no deforestation' pledge to provide these companies with palm oil from orangutan habitat, report shows",Negative
2021-12-17,"European supermarkets pull beef products linked to Brazil deforestation: Supermarkets across Europe have withdrawn beef products linked to deforestation in Brazil. Corned beef, beef jerky and fresh prime cuts are among the products that won't be on some shelves much longer",Negative
2020-05-09,"With world distracted, the Amazon rainforest continues to burn. Deforestation in the Brazilian Amazon hit a new high in the first four months of this year, with 1,202 square kilometres of forest wiped out.",Negative
2019-06-06,'We Are Literally Sawing Off the Branch We All Live On': Amazon Deforestation Increasing Under Bolsonaro,Negative
2022-01-09,"Brazil will stop monitoring deforestation in the Cerrado, the world's most species-rich savanna, a government researcher said on Thursday, days after data showed destruction hitting a 6-year high in 2021.",Negative
2019-04-01,"In the 90s, we were taught to use plastic instead of paper to save the rainforest from deforestation. Now we're taught to use paper instead of plastic to save the ocean from pollution.",Neutral
2020-08-20,"Armed with spears and bows, dozens of indigenous protesters in Brazil vowed to maintain a roadblock on a key highway through the Amazon until the authorities help them fight against COVID-19 and deforestation. Members of the Kayapo Mekranoti ethnic group have been blocking the road",Positive
2021-08-22,"'Out of Control': Brazilian Amazon Deforestation Hits Highest Level in a Decade. From August 2020 to July 2021, 10,476 square kilometers of Amazon rainforest were destroyed, a 57% increase over the previous 12-month period.",Negative
2021-03-24,"A new study shows that deforestation is heavily linked to pandemic outbreaks, and our reliance on substances like palm oil could be making viruses like COVID worse.",Negative
2020-10-24,Amazon Tribes Are Excited to Use Drones to Detect Illegal Deforestation in Brazilian Rainforest,Positive
2017-06-22,"Norway has issued a threat to Brazil that if rising deforestation in the Amazon rainforest is not reversed, its billion-dollar financial assistance to Brazil’s Amazon fund will fall to zero.",Negative
2020-11-11,"British companies will be forced to reveal the sources of their raw materials, under new laws to end deforestation",Positive
2020-02-05,"If sound traveled through space, the Sun would be deafening. The Sun has about a million convection cells, each about the size of Texas, that violently rise and sink over the course of just 5 minutes. “Imagine 10,000 Earths covered in police sirens, all screaming,” says heliophysicist Craig DeForest",Neutral
2019-09-02,A global team of scientists including researchers from Australia and the United States has found deforestation in the Brazilian Amazaon-Cerrado region is causing temperatures to rise in areas as far as 50km away from deforestation sites.,Negative
2019-12-22,"‘The tipping point is here, it is now,’ top Amazon scientists warn. “Current deforestation is substantial and frightening: 17% across the entire Amazon basin and approaching 20% in the Brazilian Amazon,”",Negative
2017-04-20,"The Most Powerful Plant on Earth? (2017) - ""What if there was a plant that had over 60 thousand industrial uses, could heal deadly diseases and help save endangered species threatened by deforestation? Meet Cannabis.""",Positive
2021-07-12,"Indigenous peoples patrolling the Peruvian Amazon equipped with smartphones and satellite data were able to drastically reduce illegal deforestation, according to the results of an experiment published Monday",Positive
2019-06-01,"Norway bans biofuel from palm oil to fight deforestation - The entire European Union has agreed to ban palm oil’s use in motor fuels from 2021. If the other countries follow suit, we may have a chance of seeing a greener earth.",Positive
2023-06-01,Deforestation: Before and After Pictures,Neutral
2019-07-02,Real time speed of deforestation of the Amazon Rain forest shown over a football pitch [OC],Neutral
2021-04-01,"The Pacific Northwest tree octopus (Octopus paxarbolis) spawns in rivers and preys on bird eggs. This species is rare due to deforestation and poaching, and is now only found in the Olympic National Forest.",Negative
2021-03-31,"Study finds that consumption of products like beef, soy, coffee, cocoa, palm oil and timber by wealthy nations is directly linked to deforestation in threatened tropical biomes",Negative
2025-03-04,"Trump signed an executive order to bypass the Endangered Species Act, starting with plans to allow deforestation in national parks in Washington. How can we prevent this from happening in Alaska as well?",Negative
2020-08-20,"""The main reason the Amazon is being deforested is because of human consumption of meat. 90% of the fires started in the Amazon are to clear space to raise cattle and 70% of the fires are happening right next to areas already cleared for cattle grazing by large meat companies"".",Negative
2016-05-17,The new Brazilian president’s first pick for science minister was a creationist. He chose a soybean tycoon who has deforested large tracts of the Amazon rain forest to be his agriculture minister. And he is the first leader in decades to have no women in his Cabinet.,Negative
2021-01-05,Deforestation dropped by 18 percent in two years in African countries where organizations subscribed to receive warnings from a new service using satellites to detect decreases in forest cover in the tropics. The carbon emissions avoided were worth between $149 million and $696 million,Positive
2019-08-23,"Bellator MMA fighter Alejandra Lara uses the public platform of the Bellator 225 weigh-ins to shine light on the burning of the Amazon, #SOSAmazonia and the deforestation of the planet.",Positive
2019-06-05,"Costa Rica Doubled Its Forest Cover In Just 30 Years: ‘After decades of deforestation, Costa Rica has reforested to the point that half of the country’s land surface is covered with trees again.’",Positive
2022-11-16,Lula vows to undo Brazil’s environmental degradation and halt deforestation | Cop27,Positive
2020-09-09,TIL Deforestation is leading to more infectious diseases in humans due to native animals migrating for survival,Negative
2022-11-01,Deforestation In The Amazon Has Increased Significantly Over the Past Decade [OC],Negative
2019-08-21,Bolsonaro declares 'the Amazon is ours' and calls deforestation data 'lies' | World news,Negative
2024-11-07,Deforestation in Brazil’s Amazon drops by nearly 31% compared to previous year,Positive
2017-11-12,"TIL that the entire US-Canada border is defined by a 20 ft. deforested area called ""The Slash"".",Neutral
2025-02-17,The Brazilian skydiver Luigi Cani executed one of the most important jumps of his life in the Amazon.He released more than 100 million seeds - from 27 species of trees native to the local biome - to a remote deforested area in the heart of the Amazon region.,Positive
2023-06-05,"Brazil's Lula lays out plan to halt Amazon deforestation, make country ""global reference"" on climate",Positive
2020-05-12,Deforestation of the Amazon has soared under cover of the coronavirus,Negative
2019-12-08,"YSK that palm oil is in many products such as Nutella and Peanut Butter, and palm oil is a reason for deforestation",Negative
2022-05-07,"‘Record after record’: Brazil’s Amazon deforestation hits April high, nearly double previous peak",Negative
2019-08-23,"Bellator MMA fighter Alejandra Lara uses the public platform of the Bellator 225 weigh-ins to shine light on the burning of the Amazon, #SOSAmazonia and the Deforestation of the planet.",Negative
2019-07-27,"Amazon Deforestation Is Fast Approaching a 'Tipping Point,' Studies Show | The Weather Channel",Negative
2014-09-23,Liberia to become 1st nation in Africa to completely stop cutting down its trees in return for development aid - Norway will pay the impoverished country $150m to stop deforestation by 2020.,Positive
2023-01-20,Brazil launches first anti-deforestation raids under Lula bid to protect Amazon,Positive
2019-03-24,"When more women involved in decisions of land management, the group conserves more, particularly when offered financial incentives to do so. Study shows how gender quotas for local governing bodies could reduce global deforestation and greenhouse gas emissions while also curbing local inequalities",Positive
2016-06-04,Norway becomes first country in the world to commit to zero deforestation,Positive
2021-06-14,Ghana plants 5 million trees in a single day to combat deforestation,Positive
2020-03-16,"[Schefter] Trade AND deal: Colts trade first-round pick (13th overall) to 49ers for All-Pro DT DeForest Buckner, who already has agreed to a massive contract that pays him $21 million a year and makes him the second-highest paid DT in NFL history behind only Aaron Donald, sources tell ESPN.",Neutral
2018-05-24,"Brazil backs 'Guardians of the Amazon': In a rare move, Brazil is providing armed back-up to indigenous people protecting the world's most threatened tribe from illegal loggers, a decision that campaigners lauded as a ""landmark"" in efforts to halt deforestation in the Amazon.",Positive
2024-05-08,Buy a tree. Leave it to itself in it's will. Deforestation solved,Positive
2025-02-16,What happened in DeForest with fluoride?,Neutral
2023-01-24,Brazil's Lula appoints Indigenous ministers to reverse Amazon deforestation,Positive
2025-02-16,Hope you’re proud DeForest (courtesy of Phil Hands),Neutral
2025-03-09,Skydiver Luigi Cani scattered over 100 million tree seeds over deforested areas of the Amazon,Positive
2023-08-21,To prevent deforestation,Neutral
2018-06-27,"World lost more than one football pitch of forest every second in 2017 adding up to area equivalent to whole of Italy over year. Global deforestation is on upward trend, jeopardising efforts to tackle climate change and massive decline in wildlife.",Negative
2023-12-20,deforestation wunk,Neutral
2020-06-19,14 straight months of rising Amazon deforestation in Brazil: Deforestation in the Brazilian Amazon is currently pacing 83% ahead of where it was a year ago.,Negative
2023-08-12,Brazil police arrest Amazon deforestation gang leader,Negative
2022-02-11,Same country: 1) 2021 - indigenous protesting to protect their land from deforestation 2) 2022 - anti-vaxxers taking over the capital and closing borders,Negative
2024-11-09,"Spix’s Macaw, a Brazilian parrot declared extinct in the wild in 2024. Main causes of extinction: deforestation, invasive species and the pet trade. There an estimated 60-80 individuals left in captivity.",Negative
2021-09-04,OP suggests war on Brazil to combat climate change through deforestation,Negative
2017-04-08,European Parliament calls for strict rules for palm oil entering the EU market to tackle deforestation and unsustainable palm oil production,Positive
2020-01-21,"The tyre giant Michelin and the green group WWF are criticised by researchers over a rubber plantation in Indonesia that was billed as protecting the environment, but which has caused deforestation, destroyed elephant habitat, resulted in land grabs and limited development opportunities.",Negative
2018-10-05,Scientists say halting deforestation 'just as urgent' as reducing emissions: Protecting and restoring forests would reduce 18% of emissions by 2030 and help to avoid global temperature rise beyond 1.5C.,Positive
2020-05-02,"The Brazilian government is seeking to use coronavirus as cover to usher in laws which could lead to increased occupation of indigenous lands and deforestation in the Amazon, campaigners and experts allege, amid warnings that further environmental disruption may lead to new pandemics.",Negative
2022-05-04,"Swapping 20% of beef for microbial protein, like Quorn, could halve deforestation and climate emissions, scientists estimate",Positive
2019-05-06,Who says that deforestation isn’t a major problem?,Neutral
2023-10-17,"TIL Dutch sailors were responsible for the extinction of the dodo, They hunted the dodo for food and sport, introduced invasive predators like rats and cats that ate the dodo eggs and chicks, and destroyed the dodo’s habitat by deforestation and farming.",Negative
2018-09-27,"Demonstrating the consequences of deforestation, and the importance of trees",Positive
2019-08-20,Peru has committed to ending palm oil-driven deforestation by 2021. The National Wildlife Federation named the move a “momentous win” for wildlife and sustainable agriculture. .,Positive
2019-06-11,"Brazil guts environmental agencies, clears way for unchecked deforestation",Negative
2019-08-11,"Germany will suspend 35 million euros in Amazon preservation funds sent to Brazil citing increasing deforestation which surged 67% in the first seven months of the year, Brazilian media outlets reported on Saturday.",Negative
2021-06-13,From Aldi to Waitrose: UK food giants threaten to boycott Brazilian suppliers over deforestation,Negative
2021-05-01,When i deforest a word i create another to get more wood,Neutral
2018-11-06,"Deforestation in Malaysia has brought humans and mosquitoes closer together, making it ""ground zero for the next malaria menace""",Negative
2020-11-17,"Bolsonaro: Brazil to unveil list with illegal wood importers. ""We’ll be revealing the names of the countries that import this illegal wood from the Amazon, because then we’ll be showing these countries—some of them rather critical of us—that they’re partly to blame for this issue [deforestation]""",Negative
2018-03-09,A horrifying look at deforestation,Negative
2021-11-24,"[Holder] Deforest Buckner, asked about Brady playing at 44... ""If I'm playing football at 44, it means I'm broke.""",Neutral
2019-05-28,"Amazon deforestation up 20% in past year, environmental watchdog says | CBC News",Negative
2022-08-19,"Rainforest Connection uses Swarm’s IoT satellite constellation network to connect simple acoustic sensors deployed in the Brazilian rainforest, the sensor hears a chainsaw, and then calls in the people that will stop the deforestation",Positive
2022-10-19,"I present to you, the COMPLETE deforestation and gentrification of Cindersap Forest >:)",Negative
2019-03-14,The European Commission has concluded that palm oil cultivation results in excessive deforestation and its use in transport fuel should be phased out.,Negative
2016-05-26,TIL China has deforested most of its historically wooded areas. A law promulgated in 1981 requires that every school student over the age of 11 plants at least one tree per year.,Negative
2019-08-03,Brazil space research chief to leave job after Bolsonaro rejects data showing huge jump in Amazon deforestation: Preliminary data showed an 88 per cent jump in deforestation in the Amazon rainforest in June compared to the same month a year ago.,Negative
2021-02-23,"Colt’s GM Chris Ballard turned Indianapolis’ last three first-round picks into: DeForest Buckner, Quenton Nelson, Bradon Smith, Kemoko Turay, Rock Ya-Sin, Michael Pittman Jr., Marvell Tell III and Ben Banogu. That‘s A+.",Positive
2021-06-13,Ghana plants 5 million trees in a single day to combat deforestation,Positive
2019-07-07,"Huge rise in Amazon destruction under Bolsonaro, figures show - monthly deforestation up 88.4% compared with a year ago | Brazil is home to 60% of the Amazon, which is the world’s largest tropical rainforest and is seen as vital to the global fight against climate change",Negative
2023-08-05,Amazon deforestation rate falls to lowest levels since 2017,Positive
2020-01-17,"DeForest Buckner on Aaron Rodgers: “We used to call it the wrist flick from hell. He would get that kind of like avoiding rushers and just, you see that wrist flick, and you’re like, ‘Oh, Lord.’ Know what I mean? You know somebody is going to come down with it. Yeah, he’s just a special player.”",Neutral
2023-08-02,"Amazon deforestation falls over 60% compared with last July, says Brazilian minister",Positive
2019-08-30,"Axeman, the father of deforestation",Negative
2024-06-08,"TIL about “The Slash”, a man-made 6.1m wide and 2,171km long track of deforestation that demarcates portions of the border between Canada and the U.S.",Negative
2019-05-13,Deforestation differences between Belize and Guatemala create a straight line along their border visible from space,Negative
2020-06-10,"Brazil deforested 10,000 square km of Amazon rainforest in 2019, up 34% on year",Negative
2018-11-24,Brazil Says Deforestation In The Amazon Is At Its Worst Level In A Decade,Negative
2015-08-26,"Nearly a billion monarch butterflies have vanished. Now their haven in Mexico is also disappearing: More than 52 acres of a haven where the butterflies hibernate over winter has been degraded, mostly by deforestation from illegal logging, with drought helping the decline.",Negative
2019-07-04,Brazil deforestation exceeds 88% in June under Bolsonaro,Negative
2018-03-27,"Meat industry driving 'astounding' levels of deforestation, report finds",Negative
2021-08-16,Study links most Amazon deforestation to 128 slaughterhouses,Negative
2020-12-10,Side-by-side models demonstrate the negative effects of deforestation.,Negative
2025-02-13,Amazon deforestation declines to lowest level in a decade - TDY News,Positive
2023-10-24,‘‘Twas the night of deforestation…,Neutral
2019-01-16,Indian villagers hurl firebombs at elephant and calf 'for damaging their crops' - Deforestation has left elephants’ habitats smaller and more fractured,Negative
2019-07-26,"Brazil's Bolsonaro blamed as illegal deforestation pushes Amazon Rainforest to 'tipping Point,' Expert warns.",Negative
2017-07-22,"Pepsico, Unilever and Nestlé accused of complicity in illegal rainforest destruction | Palm oil plantations on illegally deforested land in Sumatra – home to elephants, orangutans and tigers – have allegedly been used to supply scores of household brands, says new report",Negative
2022-01-07,Proposal could redefine palm oil-driven deforestation as 'reforestation' in Indonesia,Negative
2015-09-29,Deforestation in the Amazon has plummeted 80% since 2004,Positive
2018-02-08,TIL junk mail destroys 100 million trees a year. The equivalent of deforesting all of Rocky Mountain National Park every four months.,Negative
2018-11-15,"France sets out plan to end 'imported deforestation' - France set out plans on Wednesday to tackle deforestation around the world, saying it would look to curb imports of products such as palm oil, soy and beef that contribute to the destruction of forest areas.",Negative
2019-10-15,Studies have shown that the main cause of deforestation is Link,Neutral
2021-08-16,"The Amazon is burning again. ""The federal government continues incentivizing organized crime in the Amazon that is responsible for the theft of timber, illegal deforestation and fires""",Negative
2022-10-31,"""Lula"" da Silva elected Brazil's President; pledges end to hunger and Amazon deforestation",Positive
2024-12-25,Deforest Kelley getting his Hollywood star in 1991,Neutral
2023-01-07,Brazilian Amazon deforestation up 150% in Bolsonaro's last month,Negative
2018-12-05,"Norway to heavily restrict palm oils linked to devastating deforestation - The parliamentary decision, which is set to come into force from 2020, has been welcomed as a victory in the fight to save rainforests, prevent climate change and protect endangered orangutans.",Positive
2021-11-16,"Everyday up to 10,000 acres of forests are bulldozed for meat production, you can put an end to the deforestation, if you simply go vegan. If you vegan you will also save other forests around the world, up to 50,000 acres of forests are cleared a day for livestock production. So please go vegan!",Negative
2023-08-05,"Amazon deforestation continues to fall under Lula: Rate plunged sharply in July, continuing a downward trend since Lula took office at the beginning of the year",Positive
2022-04-03,(Rant) So fed up with the gentrification and deforestation.,Negative
2020-06-19,When there's another post about deforestation of the Amazon on the front page,Neutral
2025-01-06,"[Boyd] DeForest Buckner said this was the #Colts’ worst defense since he’s been here. The main reason? “Ego. There’s time where our ego gets in the way. And I feel like, especially in our business, playing in the NFL at a high level as a team, everybody needs to check their ego…”",Neutral
2021-11-19,Elon Musk's Starlink to help monitor illegal deforestation in the Amazon rainforest,Positive
2023-08-03,Deforestation in Brazil's Amazon fell 66% in July,Positive
2022-04-16,"The Amazon Rainforest Can’t Survive 4 More Years Of Brazil's Far-Right President. Jair Bolsonaro has presided over record deforestation of the Amazon. As his reelection campaign begins, the fate of a critical global ecosystem is on the ballot.",Negative
2014-06-30,"Rate of deforestation in Indonesia overtakes Brazil, says study. Indonesia lost 840,000 hectares of forest in 2012 compared to 460,000 hectares in Brazil, despite its forest being a quarter the size of the Amazon rainforest",Negative
2024-07-10,It is totally great against deforestation and ocean destruction you guys!! ,Positive
2015-06-17,"Stop eating Nutella & save the forests, urges French ecology minister - Ségolène Royal says Nutella is made using palm oil, which is contributing to deforestation, & urges Ferrero to make the spread with ""other ingredients""",Negative
2021-01-23,Extent of deforestation in Borneo (1950-2020),Neutral
2019-08-28,A Top Financier of Trump and McConnell Is a Driving Force Behind Amazon Deforestation,Negative
2017-05-31,"Smoking kills 7 million people a year, and it scars the planet through deforestation, pollution and littering, details of the environmental cost of tobacco are revealed in a study released Wednesday by the World Health Organization",Negative
2024-12-05,excuse me while I deforest your property ,Neutral
2017-03-01,"Burger King animal feed sourced from deforested lands in Brazil and Bolivia: Campaign group Mighty Earth says aerial drones, satellite imaging and field research show farmers carried out forest-burning for fast food giant’s soy suppliers",Negative
2022-02-14,John Deere and Brazilian bank team up to equip farmers deforesting the Amazon: new details reveal that farmers in the program have outstanding fines for such environmental violations received $2.1 million in loans,Negative
2019-10-27,Amazon Deforestation Is Fast Nearing Tipping Point When Rainforest Cannot Sustain Itself,Negative
2023-04-26,Obyn becomes a casualty of deforestation. Who will be voted off next?,Negative
2022-03-15,"Putin is planning a total deforestation of the occupied Ukrainian territories, according to the Defence Intelligence of Ukraine",Negative
2020-08-05,"Tesco urged to ditch meat company over alleged links to Amazon deforestation - Responding to Greenpeace campaign to cut links to Brazilian meat giant JBS, supermarket calls on government to ensure all UK food is deforestation-free",Negative
2025-03-26,Why are we still deforesting land to build suburban houses when our metro population has been shrinking for decades?,Negative
2023-04-09,"Despite Lula's promises, deforestation still rampant in Brazil",Negative
2019-06-02,Norway bans biofuel from palm oil to fight deforestation,Positive
2022-07-24,"Industrial soy drives deforestation spike in southeastern Brazil, satellite images show",Negative
2025-03-14,The deforestation post hurricane is insane,Negative
2024-07-16,Imagine financially supporting the leading cause of rainforest deforestation and still calling yourself an environmentalist ,Negative
2019-07-29,"Deforestation in the Amazon is shooting up, but Brazil's president calls the data 'a lie'",Negative
2018-08-14,IAmA palm oil researcher exploring how companies’ commitments to ‘zero deforestation’ can be carried out better. AMA!,Neutral
2024-04-15,"[Schefter] Colts and three-time Pro-Bowl DT DeForest Buckner reached agreement today on a two-year, $46 million contract extension that ties him to Indianapolis through the 2026 season, per sources.",Neutral
2025-01-20,Remembering Jackson DeForest Kelley (B- 20 Jan 1920 D- 11 June 1999) 😇,Neutral
2015-08-11,Devastating Effects of Deforestation,Negative
2019-08-12,"Deforestation kills an estimated 6,000 orangutans a year. This orangutan was attempting to fight deforestation in Indonesia. Orangutans are cute, and r/awwducational material. This particular scene isn't great, but it absolutely warrants being learned about and I argue still fits this sub.",Negative
2024-12-30,what's your take on gringos (mostly europeans) talking about deforestation in the Amazon rainforest?,Neutral
2015-03-01,"NASA satellite imagery shows that rain forest deforestation is speeding up, not slowing down as previously thought",Negative
2017-06-30,"Beef (and Burger King) still eating away at forests: Burger King has pledged to stop deforestation by 2030 - that's just greenwashing, environmental activists say. Suppliers for the fast food chain are still responsible for deforestation in South America.",Negative
2025-02-20,"Pinseekers, the top golf-style facility next to the interstate in Deforest has filed for bankruptcy",Neutral
2025-03-20,How these guys survive in the wild is anyone's guess... 🐼,Neutral
2019-12-31,The Amazon lost the equivalent of 8.4 million soccer fields this decade due to deforestation,Negative
2021-11-19,"Amazon deforestation unexpectedly surges 22% to its highest level since 2006: 5,110 square miles of rainforest was cleared in the Brazilian Amazon between August 1, 2020 and July 31, 2021",Negative
2019-09-04,"The world’s biggest producers of meat, dairy and seafood are failing to tackle the enormous impact they are having on the planet through deforestation, the routine use of antibiotics and greenhouse gas emissions, a report warns.",Negative
2019-11-03,Anti-deforestation protests in Romania,Neutral
2022-12-29,Brazil´s President-elect Luiz Inácio Lula da Silva announced Thursday that Amazon activist Marina Silva will be the country´s next minister of environment. The announcement indicates the new administration will prioritize cracking down on illegal deforestation in the forest,Positive
2021-07-16,My friend was shot dead yesterday. Her name was Joanna Stutchbury. She was murdered for defending the Kiambu forest against threats of deforestation. She was a fierce force in the world fighting the good fight. This earth is a darker place without her. Please help me spread outrage over her murder.,Negative
2022-03-16,[Darius Leonard] Chandler Jones hear me out man! Last year you had 5 sacks against Tennessee 👀! We play them twice a year 😊! So if you got 5 sacks in one game imagine facing them twice a year 👀! Boy that would be amazing! DeForest Buckner help me out here 😂😂,Neutral
2020-03-03,More than 60 per cent of Myanmar’s mangroves have been deforested in the last 20 years,Negative
2017-07-27,"TIL that DeForest Kelley (Dr. McCoy on 'Star Trek') had wanted to become a doctor, but could not afford medical school. He received many letters from fans who went into medicine because of his character: ""To influence the youth of the country ... is an award that is not handed out by the industry"".",Neutral
2024-06-24,🌳 Deforestation in the Amazon reaches lowest level since 2018,Positive
2025-01-21,Isn't it funny that the left liberal media doesn't report the massive hill deforestation done by Kukis because it goes against their victim narrative? The fake environmentalist liberal media.,Negative
2018-10-30,"Animal species becoming extinct in Haiti as deforestation nearly complete: Species of reptiles, amphibians and other vertebrates are becoming extinct in Haiti as deforestation has claimed more than 99% of the country's original wooded areas.",Negative
2023-04-28,Deforestation speedrun,Negative
2019-08-21,Smoke From The Burning Amazon Rainforest Plunged Brazil's Largest City Into Darkness In The Middle Of The Day- A record number of wildfires have torched the Amazon rainforest this year as deforestation soars under Brazil’s far-right president.,Negative
2025-03-17,"500KG’s don’t work on forest planets people, can’t stress this enough",Neutral
2022-10-31,Norway to resume aid halted to Brazil over deforestation after Lula's victory in Brazil,Positive
2013-11-10,Amazonian deforestation may lead to 50% reduction in Sierra Nevada snowpack and reduced rainfall in the Pacific NW - new modeling work out of Princeton and published in Journal of Climate this week,Negative
2023-05-12,Amazon Deforestation Down 40 Percent So Far This Year,Positive
2019-08-21,"The Brazilian president has fired the head of the country’s space agency over data that shows deforestation up 40% year-over-year. He called the report ""a lie"" even though it's based on high resolution satellite images that have a 95% accuracy rate.",Negative
2019-07-25,Amazon deforestation accelerating to unrecoverable 'tipping point',Negative
2022-11-16,Brazil’s Lula pledges ‘big fight’ against deforestation at COP27,Positive
2025-01-29,Deforestation in the Amazon has halved in the last few years,Positive
2022-10-29,Companies’ ‘deforestation-free’ supply chain pledges have barely impacted forest clearance in the Amazon,Negative
2018-08-25,WWF Deforestation Design [2560 × 1440],Neutral
2022-11-23,Deforestation in Brazil caught via Google Earth,Negative
2019-02-22,Norway to pay Indonesia for emission cuts after big drop in deforestation in 2017. The payments are part of a US$1 billion (S$1.35 billion) scheme Indonesia and Norway signed in 2010 that aims to reward Indonesia for efforts that reduce deforestation,Positive
2015-02-04,Farming Now Worse For Climate Than Deforestation. Recent climate-protecting gains in forests are being nearly canceled out by efforts to satisfy the world’s growing appetite — particularly its appetite for meat.,Negative
2020-06-22,"TIL A couple in Brazil planted 2 million trees over 20 years in order to bring back a rainforest that was destroyed due to deforestation. Now the area has status as a Private Natural Heritage Reserve and is home to 172 types of birds, 33 varieties of mammals, and 15 kinds of reptiles and amphibians.",Positive
2020-07-27,Revealed: new evidence links Brazil meat giant JBS to Amazon deforestation - Photographs by employee appear to show company trucks being used to transport cattle from allegedly prohibited cattle farm,Negative
2024-09-18,"r/anticonsumption? Uh actually consoom as you wish, deforestation is the producers fault sweaty 💅 time for Argentinian steak 😋",Negative
2019-11-08,Palm oil production effect on Animal and Plant Life - Deforestation in Sumatra! (2019): Forests aroud the world are disappearing and it's all for the palm oil!,Negative
2021-03-19,Wales on the path to be the 'first deforestation-free nation' - Climate Change Blogger,Positive
2025-02-10,"Exclusive: Colombia deforestation in 2024 among lowest levels in 23 years, minister says",Positive
2020-08-18,"Brandishing bows and arrows, dozens of indigenous protesters blocked a main highway through the Brazilian Amazon Monday, demanding help against the new coronavirus and an end to illegal mining and deforestation",Positive
2024-09-27,Fixit encourages industrial deforestation,Negative
2021-06-11,Brazil's Amazon deforestation surges 67% in May as Bolsonaro pledges fall flat,Negative
2018-12-09,"TIL that DeForest Kelley actually wanted to become a doctor, but could not afford medical school. He regularly received letters from fans who went into medicine because of Dr. McCoy and said ""to influence the youth of the country ... is an award that is not handed out by the industry""",Neutral
2019-08-21,Peru has committed to ending palm oil-driven deforestation by 2021. The National Wildlife Federation named the move a “momentous win” for wildlife and sustainable agriculture.,Positive
2016-12-18,"Amazon deforestation ticks tragically up: The rate of deforestation in the Amazon rainforest has increased again in 2016, for the fourth consecutive year - loss of rainforest this year has been the greatest since 2008.",Negative
2019-09-17,"UK supermarkets selling beef from firm linked to illegal destruction of Amazon rainforest | Co-Op, Iceland, Lidl, Morrisons, Sainsbury’s and Waitrose all stock corned beef from Brazilian company JBS – which has been fined millions of dollars for buying cattle raised on deforested land",Negative
2025-02-28,Deforestation is ruining the Earth.. so why did producers of Star Trek hire DeForest Kelley to star in the show?,Negative
2025-03-01,Characters who are surprisingly popular in places you wouldn’t normally expect:,Neutral
2015-04-27,China is building a Great Wall of Trees to fight climate change and the encroaching Gobi Desert - Reforestation efforts in China have helped offset about 85% of the loss in above-ground biomass carbon lost to tropical deforestation since 2003,Positive
2023-10-09,"Switching 50% of Global Meat and Dairy to Plant-Based Alternatives Could Slash Agricultural Emissions by 31% and Nearly Halt Deforestation by 2050, Offering a Massive Boost to Biodiversity and Climate Mitigation Efforts, New Study Finds",Positive
2024-04-15,"Colts and three-time Pro-Bowl DT DeForest Buckner reached agreement today on a two-year, $46 million contract extension that ties him to Indianapolis through the 2026 season, per sources.",Neutral
2025-03-28,Drivers of Deforestation Globally,Neutral
2025-01-30,Deforest and shatner on smoke break,Neutral
2022-10-31,Lula vows to end Amazon deforestation,Positive
2024-08-25,Watching paranormal files and a historian said in the 1800s in Gettysburg  people would sleep with oil pans  surrounding their beds so insects wouldn't crawl in. Made me wonder what happened. ,Negative
2025-01-07,[Holder] DeForest Buckner nailed this: An unintended consequence of Colts GM Chris Ballard re-signing so many in-house FAs and running it back was that no one had to earn their jobs. “I think there's definitely some comfortability… in the building. We’ve got to have more competition.”,Neutral
2025-02-21,"Following vote to remove fluoride, Alicia Williams launches write-in bid for DeForest Village Board",Neutral
2018-11-26,"Amazon rainforest deforestation 'worst in 10 years', says Brazil: Brazil has released its worst annual deforestation figures in a decade amid fears that the situation might worsen when the avowedly anti-environmentalist president-elect Jair Bolsonaro takes power.",Negative
2019-12-31,The Amazon lost the equivalent of 8.4 million soccer fields this decade due to deforestation,Negative
2018-09-19,"Mars Wrigley Confectionery launched a new sustainability strategy on Wednesday with the aim of combating deforestation, child labor and poverty in what it called the “broken” cocoa supply chain.",Positive
2023-05-12,"Deforestation in Brazil's Amazon falls 68% in April, first major drop under Lula",Positive
2024-07-26,Brazilian rancher ordered to pay $50m for damage to Amazon: Brazil court freezes assets of Dirceu Kruger to pay climate compensation for illegal deforestation,Negative
2024-10-06,"Liquefied natural gas leaves a greenhouse gas footprint that is 33% worse than coal, when processing and shipping are taken into account. Methane is more than 80 times more harmful to the atmosphere than carbon dioxide, so even small emissions can have a large climate impact",Negative
2021-05-28,"Adopting a plant-based diet can help shrink a person’s carbon footprint. However, improving efficiency of livestock production will be a more effective strategy for reducing emissions, as advances in farming have made it possible to produce meat, eggs and milk with a smaller methane footprint.",Neutral
2019-06-06,"Industrial methane emissions are 100 times higher than reported, and have been vastly underestimated, finds a new study using a Google Street View car equipped with a high-precision methane sensor. They also were substantially higher than the EPA estimate for all industrial processes in the US.",Negative
2019-08-30,"Just two days after Trump called himself an ""environmentalist,"" his administration announced a rollback of methane gas emissions regulations so large that even oil companies are objecting to the change.",Negative
2019-07-04,"Livestock are responsible for 14.5% of global greenhouse gas emissions, with the majority from beef and milk production because cattle emit so much methane. A new study has found that changing the cow’s microbiome could cut methane by 50%, through selective breeding, or using probiotics in calves.",Neutral
2020-10-13,"New Study Casts Doubt On The Climate Benefits Of Natural Gas Power Plants | The emissions and methane leaks from new gas plants zero out the CO2 cuts achieved from closing coal plants, a peer-reviewed analysis found.",Negative
2022-02-06,"Cracking down on methane ‘ultra emitters’ is a quick way to combat climate change, researchers find. Latest study underscores how satellites are exposing emission sources around the globe. ‘It’s a harbinger of what’s to come,’ one expert says.",Positive
2021-08-16,"To Put the Brakes on Global Warming, Slash Methane Emissions First",Positive
2019-12-17,"A Methane Leak, Seen From Space, Proves to Be Far Larger Than Thought - The Ohio blowout released more methane than the reported emissions of the oil and gas industries of countries like Norway and France",Negative
2020-11-12,"Canada’s methane emissions from the oil and gas sector in Alberta and Saskatchewan are almost twice as high as had been previously reported, according to a new study by federal government scientists.",Negative
2024-10-20,Trump has vowed to gut climate rules. Oil lobbyists have a plan ready. An influential oil and gas industry group whose members were aggressively pursued for campaign cash by Trump has drafted detailed plans. The lobbying blueprint takes particular aim at a new tax on emissions of methane.,Negative
2020-03-28,"Coal mines emit more methane than oil-and-gas sector, study finds, with emissions set to grow considerably in the coming years.",Negative
2021-03-18,"Feeding cows seaweed could cut their methane emissions by 82%, scientists say",Positive
2016-10-19,"Feeding cows seaweed could slash global greenhouse gas emissions, researchers say: ""They discovered adding a small amount of dried seaweed to a cow's diet can reduce the amount of methane a cow produces by up to 99 per cent.""",Positive
2016-12-12,While the world is fighting to reduce CO2 emission to combat global warming there's a dangerous spike in Methane gas which has 28 times greater impact on global warming than CO2,Negative
2023-05-09,‘Mind-boggling’ methane emissions from Turkmenistan revealed | Turkmenistan,Negative
2023-05-21,Scientists urge crackdown on unregulated methane emissions causing much of global heating,Negative
2021-12-19,One farmer's seaweed discovery could help slow methane emissions — and change the world!,Positive
2020-02-19,"The oil and gas industry has had a far worse impact on the climate than previously believed, according to a study indicating that human emissions of fossil methane have been underestimated by up to 40%.",Negative
2019-08-14,Scientists show that shale-gas production (fracking) in North America is responsible for up to one-third of the global increase in methane emissions over the past decade.,Negative
2021-05-17,AskScience AMA Series: We're the scientists who figured out cutting methane emissions can avoid 0.3°C of global warming by 2045. Ask us anything!,Positive
2021-12-02,"Satellites have discovered huge cloud of undisclosed methane emissions over Australia, experts say",Negative
2017-08-22,"Sea the possibilities: to fight climate change, put seaweed in the mix - giant kelp farms that de-acidify oceans, or feeding algae to cattle and sheep to dramatically reduce their methane emissions.",Positive
2019-10-13,The Guardian names the 20 state-owned and multinational firms that can be directly linked to more than ⅓ of all greenhouse gas emissions since 1965. New data from researchers reveals how the 20 firms have contributed to 35% of all energy-related carbon dioxide and methane worldwide since 1965.,Negative
2025-02-06,U.K. firm cracks the code to convert harmful methane emissions into useful hydrogen and graphene,Positive
2021-08-20,"Almost 1/3rd of the warming expected in the next few decades could be avoided by reducing human-caused methane emissions, without having to invent new tech or average Americans cutting consumption.",Positive
2021-09-28,"Removal of atmospheric methane could mitigate climate change even faster than CO₂ removal. Removing three years' worth of human-caused methane emissions would offset 0.21 °C of global warming. As an added benefit, it would also reduce surface ozone, preventing 50,000 premature deaths per year.",Positive
2019-07-04,"Livestock are responsible for 14.5% of global greenhouse gas emissions, with the majority from beef and milk production because cattle emit so much methane. A new study has found that changing the cow’s microbiome could cut methane by 50%, through selective breeding, or using probiotics in calves.",Neutral
2021-11-02,Australia refuses to join global pledge led by US and EU to cut methane emissions,Negative
2019-08-29,'Sociopathic Disregard for Our Future' - Trump EPA Set to Gut Restrictions on Planet-Warming Methane Emissions,Negative
2024-10-24,"'Terrifying': Leak shows industry plot to worsen methane emissions — if Trump wins. 
“They want to take climate out of the policy process entirely.”",Negative
2025-01-29,"WTF!? ""Cows alone account for about 6% of global emissions, so we need to change cows."" - According to Bill Gates, since cows emit methane, and methane is ""a very powerful greenhouse gas"", we must all eat artificial meat -made by companies he has invested in - instead of real meat.",Negative
2024-10-04,Supreme Court declines to block Biden rules on planet-warming methane and toxic mercury emissions,Positive
2021-12-02,"Satellites have discovered huge cloud of undisclosed methane emissions over Australia, experts say",Negative
2022-11-12,Cop27: Biden says leaders ‘can no longer plead ignorance’ over climate crisis | US president announces plan to cut methane emissions as he urges major economies to ‘step up’ efforts to keep global heating to 1.5C,Positive
2023-11-18,A study from one of Canada's premiere climate labs says methane emissions from Alberta's natural gas industry are underestimated by almost 50 per cent.,Negative
2024-09-10,Researchers warn methane emissions ‘rising faster than ever’,Negative
2022-02-06,"Cracking down on methane ‘ultra emitters’ is a quick way to combat climate change, researchers find. Latest study underscores how satellites are exposing emission sources around the globe. ‘It’s a harbinger of what’s to come,’ one expert says.",Positive
2024-12-19,Your food scraps create too many methane emissions so now Washington law requires you to separate food waste into yard waste. ,Negative
2024-11-17,Massive Surge in Methane From Tropical Wetlands is Undercounted in Scientific Models and Unaccounted for by National Emissions Plans,Negative
2024-07-30,"Global methane emissions rising at fastest rate in decades, scientists warn",Negative
2021-03-18,"Study finds that red seaweed dramatically reduces the amount of methane that cows emit, with emissions from cow belches decreasing by 80%. Supplementing cow diets with small amounts of the food would be an effective way to cut down the livestock industry's carbon footprint",Positive
2023-05-09,‘Mind-boggling’ methane emissions from Turkmenistan revealed,Negative
2025-02-24,Massive new source of leaking methane gas emissions discovered.,Negative
2024-09-19,U.S. methane emissions keep climbing,Negative
2023-05-20,"Only 13 per cent of methane emissions are covered by global methane mitigation policies, according to a new study. Methane is responsible for around 30 per cent of the rise in global temperatures since the Industrial Revolution",Negative
2025-03-11,"""Why I'm Quitting Tillamook Cheese""",Neutral
2021-02-06,Methane emissions noticeably accelerated in 2020,Negative
2023-12-04,Canada's proposal to cut methane emissions by 75% 'dangerous and unconstitutional': Alberta premier,Negative
2023-12-04,Canada's proposal to cut methane emissions by 75% 'dangerous and unconstitutional': Alta. premier,Negative
2021-01-29,Methane emissions from coal mines are approximately 50 percent higher than previously estimated. The results have important implications for Earth’s climate because methane is about 25 times more powerful than carbon dioxide when it comes to warming the planet over a long period.,Negative
2024-11-21,Methane emissions are at new highs. It could put us on a dangerous climate path,Negative
2025-03-27,AskScience AMA Series: We are experts in exploring ways to reduce methane emissions from livestock (i.e. cow burps and farts). Ask us anything!,Neutral
2023-10-06,"Feeding seaweed to cows can cut methane emissions, says Swedish report",Positive
2021-11-16,Satellites discover huge amounts of undeclared methane emissions,Positive
2021-03-18,Scientists claim feeding cows seaweed could slash their methane emissions by a staggering 82 percent,Positive
2023-05-20,Only 13 per cent of methane emissions are covered by global methane mitigation policies. Methane is 80 times more potent than carbon dioxide over 20 years. It is responsible for around 30 per cent of the rise in global temperatures since the Industrial Revolution,Negative
2024-10-05,Supreme Court declines to block Biden rules on planet-warming methane and toxic mercury emissions,Positive
2024-11-04,"Source of doubling of Methane emission rate that started  in 2020 looks to be from anaerobic decomposition sources - wetlands, permafrost thaw, cow guts.  ",Neutral
2013-11-26,"Study using a new 'top down' methodology finds U.S. has greatly underestimated methane emissions. Results are higher by a factor of 2.7 over the south-central United States, a key region for fossil-fuel extraction and refining.",Negative
2022-01-10,"Scientists have found common clay materials may help curb methane emissions. With special treatment, minerals called zeolites — commonly found in cat litter — can efficiently remove the greenhouse gas from the air",Positive
2024-11-28,"The main ingredient in Bovaer® 10, which is now being used as a feed additive for cows, in order to ""reduce methane emissions"", ""may damage male fertility and reproductive organs"". Link to the pdf file is in the comments below",Negative
2025-01-19,CSU is getting over $300 million in federal climate dollars to help the nation cut down on methane emissions,Positive
2024-09-12,Record Rise in Global Methane Levels Threatens ‘Habitable Climate’ | New research reveals that the world’s methane emissions have grown to more than 2.6 times what they were during pre-industrial times.,Negative
2024-04-09,Methane-Eating Microbes Show Promise for Wiping Out Planet-Warming Emissions,Positive
2024-10-03,Methane emissions from dairy farms may be up to five times greater than official statistics suggest,Negative
2024-08-28,GOP-led states urge Supreme Court to pause EPA plan meant to cut methane emissions by 80%,Negative
2024-07-30,"Global methane emissions rising at fastest rate in decades, scientists warn",Negative
2023-11-18,Alberta underestimates methane emissions by 50 per cent,Negative
2025-02-17,Possible Antarctic methane hydrate emissions observed by Spanish scientists.,Neutral
2024-10-18,"Trump has vowed to gut climate rules. Oil lobbyists have a plan ready. | As companies fall short on methane emission reductions, a top trade group has crafted a road map for dismantling key Biden administration rules.",Positive
2024-12-02,"The city of Dayton projects it will earn $800,000 a year by selling methane collected from its sewage — all while reducing its carbon footprint. Previously, the water reclamation facility had made up about 50% of the city of Dayton’s carbon emissions.",Negative
2024-08-17,'Nobody ever saw anything like this before’: how methane emissions are pushing the Amazon towards environmental catastrophe,Negative
2024-12-23,Methane emissions fall sharply at US's largest oil fields in response to regulation,Positive
2024-11-04,Scientists may have solved the mystery behind a top climate threat | Methane emissions spiked starting in 2020. Scientists say they have found the culprit.,Positive
2024-05-27,"US energy industry methane emissions are triple what government thinks, study finds",Negative
2021-08-30,Government report finds Israel methane emissions much higher than world averages,Negative
2024-12-21,"Implementing Integrated Crop-Livestock Systems—“Integrated crop-livestock systems could reduce enteric methane emissions by up to 17% in OECD countries, 24% in East Africa and 38% in South Asia” while “improving soil carbon stocks in eroded and degraded soils.”",Positive
2020-09-05,Canada not on pace to meet target to cut methane emissions by 2025,Negative
2025-02-24,Massive new source of leaking methane gas emissions discovered,Negative
2019-09-02,'Sociopathic Disregard for Our Future': Trump EPA Set to Gut Restrictions on Planet-Warming Methane Emissions,Negative
2020-09-30,"Gov. Jared Polisof of Colorado calls for an accelerated move to electric vehicles and buses, deep reductions of methane emissions from the oil and gas industry and at least an 80% drop in emissions from electricity generation.",Negative
2024-12-03,Feeding grazing cows seaweed could cut their methane emissions by nearly 40 percent: Study,Positive
2023-06-02,US deal could plug Turkmenistan’s colossal methane emissions,Positive
2024-12-09,Climate-friendly farming: Scientists find feeding grazing cattle seaweed cuts methane emissions by almost 40%,Positive
2021-11-02,Australia refuses to join global pledge led by US and EU to cut methane emissions,Negative
2024-11-21,Methane emissions are at new highs. It could put us on a dangerous climate path,Negative
2024-08-25,"Why scientists are trying to reengineer the cow's stomach | Scientists in California are working to genetically engineer the cow microbiome -- and in the process, eliminate methane emissions.",Positive
2024-03-01,https://www.foxnews.com/politics/ny-attorney-general-sues-worlds-largest-beef-producer-methane-emissions-climate-commitment,Negative
2022-10-12,"Methane Emissions From Oil and Gas Wells Are Much Higher Than Thought, Study Shows",Negative
2024-12-02,"Feeding Grazing Cattle Seaweed Cuts Methane Emissions by Almost 40% | Researchers conducted a 10-week experiment with grazing cattle, where seaweed supplement is provided in pellet form. This resulted in a nearly 40% cut in emissions without affecting their health or weight.",Positive
2025-03-19,Our city is providing compostables collection and this is one reason they cited:  “diverting organic waste from the landfill reduces potent methane emissions associated with waste disposal”,Positive
2024-10-04,Supreme Court declines to block Biden rules on planet-warming methane and toxic mercury emissions,Positive
2024-06-21,Biden administration announces $850 million in grants to cut methane emissions,Positive
2024-10-06,"Liquefied natural gas leaves a greenhouse gas footprint that is 33% worse than coal, when processing and shipping are taken into account. Methane is more than 80 times more harmful to the atmosphere than carbon dioxide, so even small emissions can have a large climate impact",Negative
2023-12-05,Canada's proposal to cut methane emissions by 75% 'dangerous and unconstitutional': Alta. premier,Negative
2024-07-30,"Global methane emissions rising at fastest rate in decades, scientists warn | Climate crisis",Negative
2023-12-02,US outlines measures to cut methane emissions by 80% in next 15 years,Positive
2024-02-18,"Significant greenhouse gas emissions resulting from conflict in Ukraine. The sum of such 'unaccounted' emissions of carbon dioxide, methane, and nitrous oxide for 18 months of the war exceeded the annual emissions of some European countries, such as Austria, Hungary, and Portugal.",Negative
2022-09-03,Scientists detect second 'vast' methane leak at Pemex oil field in Mexico,Negative
2019-10-08,"I know we still should eat less beef, but researchers in Australia have figured out a way to eliminate up to 99% of methane emissions from cattle.",Positive
2024-09-10,Methane emissions are at new highs. It could put us on a dangerous climate path,Negative
2024-01-12,"Biden Administration to Fine Oil and Gas Companies for Excess Methane | A plan to impose a fee of $900 to $1,500 on every excess ton of methane emissions would be the first federal price on greenhouse gas pollution.",Negative
2024-12-04,"Yes, Climate Change Is Probably Going To Kill You",Negative
2022-02-08,A letter to humans of the future on the site of Iceland's first dead glacier.,Negative
2025-02-18,"A new study finds that inconsistencies in carbon accounting standards lead to a massive underreporting of methane emissions - up to 3.3Gt CO₂ equivalent, depending on the metric used.",Negative
2023-12-10,Potential for 180 years worth of global human emissions stored in methane hydrates in the ocean,Neutral
2021-05-24,[OC] Comparing Emissions Sources - How to Shrink your Carbon Footprint More Effectively,Neutral
2024-09-16,"Scientists Call on Biden Admin. to Follow the Facts on LNG Exports and Gas-Sourced Hydrogen, Citing Alarming New Research on Methane Emissions",Negative
2021-04-28,"Swift action to cut methane emissions could slow the Earth’s warming by 30 percent, study finds",Positive
2020-08-14,"'Canary in the coal mine': Greenland ice has shrunk beyond return, with the ice likely to melt away no matter how quickly the world reduces climate-warming emissions, new research suggests.",Negative
2024-08-02,Michigan leads nation in toxic methane emissions from landfills,Negative
2021-11-16,Satellites discover huge amounts of undeclared methane emissions,Negative
2020-12-18,Australian 'super seaweed' supplement to reduce cattle gas emissions wins $1m international prize,Positive
2016-09-26,"The U.S. is on course to miss its emissions goals, and one reason is methane",Negative
2022-03-29,Exxon is mining bitcoin in North Dakota as part of its plan to slash emissions,Neutral
2025-03-07,Please stop sharing misinformation,Neutral
2024-08-28,"Surging Methane Emissions Could Be a Sign of a Major Climate Shift | New studies suggest global warming boosts natural methane releases, which could undermine efforts to cut emissions of the greenhouse gas from fossil fuels and agriculture.",Negative
2024-10-03,Methane emissions from dairy farms may be five times higher than official statistics suggest ,Negative
2022-07-20,is there even still a point?,Neutral
2025-02-03,"High-yield rice breed emits up to 70% less methane. Rice cultivation is responsible for around 12% of global methane emissions, and these emissions are expected to increase with global warming and as the human population continues to grow.",Positive
2022-02-09,Scientists raise alarm over ‘dangerously fast’ growth in atmospheric methane,Negative
2024-11-20,Turning carbon emissions into methane fuel: New method offers potential for abundant energy savings,Positive
2024-06-06,Fashion charity suggests wool producers reduce stock size and grow hemp to decrease methane emissions,Positive
2024-09-10,"Methane emissions are rising faster than ever, research shows. Atmospheric concentrations of methane are now more than 2.6 times higher than in pre-industrial times—the highest they've been in at least 800,000 years.",Negative
2024-08-17,‘Nobody ever saw anything like this before’: how methane emissions are pushing the Amazon towards environmental catastrophe,Negative
2025-02-21,U.K. firm cracks the code to convert harmful methane emissions into useful hydrogen and graphene,Positive
2023-07-06,Melting Arctic glaciers are releasing a new source of potent methane emissions,Negative
2020-07-21,World Methane Emissions Hit New High,Negative
2019-09-06,"TIL Switzerland has no landfills. 50% of the municipal waste is recycled, 50% is incinerated to produce electricity",Neutral
2025-02-11,"Conspiracy theory on methane-cutting cow feed a ‘wake-up call’, say scientists | Greenhouse gas emissions",Negative
2025-03-26,"Methane emissions from Queensland mine may be gross underestimates, UN research finds",Negative
2025-02-24,Massive new source of leaking methane gas emissions discovered,Negative
2022-02-03,Views from space reveal huge methane leaks in the US and Asia. They could be easy spots to cut emissions and save money.,Positive
2013-11-26,Harvard fracking study rings methane alarm bells in Australia: A peer-reviewed report suggests that greenhouse gas emissions from drilling and fracking are 50 per cent worse than thought.,Negative
2021-02-15,"Biden Moves to Dial Down America’s Soaring Methane Emissions . Experts say the new administration can jumpstart climate protections by taking on rising methane emissions, but it won’t be easy or quick.",Positive
2019-10-24,"US air quality dropped during Trump presidency after years of improvement, leading to thousands of premature deaths",Negative
2024-06-21,Biden administration announces $850 million in grants to cut methane emissions,Positive
2022-02-04,"Massive methane emissions by oil and gas industry. Scientists mapped 1,800 methane plumes around the globe, of which 1,200 were attributed to fossil-fuel extraction. They deem the impact of such releases on the climate comparable to that of 20 million vehicles on the road for one year.",Negative
2022-01-27,"Stanford researchers estimate that methane leaking from stoves inside U.S. homes has the same climate impact as about 500,000 gasoline-powered cars and the stoves can expose people to respiratory disease-triggering pollutants.",Negative
2024-03-29,"United States open landfills are emitting significant amounts of methane, one of the most important greenhouse gases causing global climate change. On average, aerial emission rates were a factor 2.7 higher than those reported to the U.S. Greenhouse Gas Reporting Program",Negative
2021-10-30,Beef Industry Tries to Erase Its Emissions With Fuzzy Methane Math,Negative
2023-11-01,I am sharing this article and the underlying science specifically because of those LNG emissions ads all over the place. LNG and methane/natural gas are not a solution they are a definitive climate change forcing emission source. CH4💨🌎🔥,Negative
2020-12-18,Global Warming Breakthrough: Australian 'super seaweed' supplement to reduce cattle gas emissions wins $1m international prize,Positive
2023-10-16,Urgent action to cut methane emissions from fossil fuel operations essential to achieve global climate targets,Negative
2017-01-02,"Arnold Schwarzenegger: 'Go part-time vegetarian to protect the planet' - ""Emissions from farming, forestry and fisheries have nearly doubled over the past 50 years and may increase by another 30% by 2050""",Positive
2023-09-05,Pink-haired wokester says there'll be never-ending pandemics due to CO₂ and methane emissions,Negative
2017-10-02,Major climate reports have been seriously underestimating gassy cows. A new study adds to a growing body of evidence suggesting recent spikes in methane are from a different kind of gas production.,Negative
2022-02-09,Scientists Fear Soaring Methane Levels Show Climate Feedback Loop Has Arrived,Negative
2025-01-21,CSU is getting over $300 million in federal climate dollars to help the nation cut down on methane emissions,Positive
2024-12-04,My friend told me to put this on my tinder ,Neutral
2024-10-21,Real-Time Methane & Carbon Dioxide Emissions Mapping ,Neutral
2018-09-17,"Paris global warming targets could be exceeded sooner than expected because of melting permafrost, study finds. Planet on brink of 'tipping point' as thawing soil and sediment releases large volumes of carbon dioxide and methane into atmosphere",Negative
2021-06-21,Civilization's Trash Dumps Are Super-Emitters: A multi-year study using aerial surveillance and infrared spectrometry finds that landfills are outpacing the fossil fuel and agriculture industry in methane emissions,Negative
2021-06-14,"This portable Bitcoin mine is eating up the wasteful and harmful natural gas flares, and turning it into network security for 7.6 billion people around the world that rely on it. Carbon emissions literally transformed into money.",Positive
2023-04-12,Scientists are worried about the rise in methane emissions as the world heats up and ‘cows in particular’ are to blame,Negative
2024-08-29,Surging Methane Emissions Could Be a Sign of a Major Climate Shift,Negative
2024-04-09,The world ended 40+ years ago,Negative
2019-05-19,"A new study has found that permanently frozen ground called permafrost is melting much more quickly than previously thought and could release up to 50 per cent more carbon, a greenhouse gas",Negative
2021-04-15,California enlists surveillance satellites to sniff out greenhouse gas 'super-emitters',Positive
2023-12-11,Canada Tackles Methane Emissions From Cow Burps with Credit Plan - Bloomberg,Positive
2023-04-08,"Methane big part of 'alarming' rise in planet-warming gases. “We are confident that over half of the methane emissions are coming from human activities like oil and gas extraction, agriculture, waste management, and landfills,”",Negative
2023-12-13,"Natural gas is actually migrating under permafrost, and could see methane emissions skyrocket if it escapes",Negative
2024-08-17,‘Nobody ever saw anything like this before’: how methane emissions are pushing the Amazon towards environmental catastrophe,Negative
2024-08-05,"Global methane emissions rising at fastest rate in decades, scientists warn • Researchers call for immediate action to reduce methane emissions and avert dangerous escalation in climate crisis",Negative
2024-11-04,The World Promised to Tame Methane. Emissions Are Still Rising,Negative
2022-05-07,"To fight climate change, California approves seaweed that cuts methane emissions in cow burps",Positive
2024-12-02,Feeding Seaweed to Grazing Cattle Cuts Methane Emissions by Almost 40%,Positive
2019-06-08,"After a study showed that industrial methane emissions have been ""vastly underestimated,"" a new projection Friday that the US is on track to become the world's leading exporter of LNG within five years provoked warnings that the American fracking boom could ""end hope for climate stability.""",Negative
2024-06-30,Farmers denial of Methane Emissions in New Zealand.,Negative
2021-07-08,I doubt that the free market is adapting to climate change in time to stop catastrophic results. How can conservative ideas/policies help reduce the emissions of greenhouse gases like CO2 and methane faster?,Neutral
2018-11-08,YSK that eating chicken or pork instead of beef saves about 80% as much in carbon emissions as going vegetarian.,Positive
2024-09-24,Ruminant Biotech in the final stages of confirming a 75% reduction in methane emissions from cattle on pasture over 100 days - funded by NZ public money but targeting Australia for launch,Positive
2024-12-09,Climate-friendly farming: Scientists find feeding grazing cattle seaweed cuts methane emissions by almost 40%,Positive
2021-08-24,Scientists say the world urgently needs to cut methane emissions. The politics aren't as simple.,Negative
2025-03-09,"Feeding Cows Seaweed Could Cut Methane Emissions and Diversify Maine’s Coastal Economy, but Can It Scale?",Positive
2024-11-13,How oil and gas companies disguise their methane emissions,Negative
2018-06-22,"The U.S. oil and gas industry emits 13 million metric tons of methane from its operations each year – nearly 60% more than currently estimated by the EPA, a new study finds.",Negative
2024-06-03,U.S. Drillers Have Cut Methane Emissions by More Than a Third Since 2015,Positive
2024-10-30,Earth is Becoming ‘Increasingly Uninhabitable’,Negative
2024-07-20,Can Methane Inhibitors Revolutionise Livestock Emissions Reduction? What is your opinion?,Neutral
2023-08-17,"UN climate summit host UAE failed to report methane emissions to UN. State oil firm, whose chief will preside over Cop28, also accused of ‘incoherent’ reduction targets.",Negative
2022-08-06,What’s the deal with Qanon types and the far right suddenly being obsessed with eating bugs?,Neutral
2024-03-21,Per capita methane emissions around the world ,Neutral
2022-06-12,"Scientists have for the first time used satellite data to detect a major offshore leak of the potent greenhouse gas methane. Fossil fuel operations globally emitted about 120 million tonnes of the planet-warming gas in 2020, nearly one-third of all methane emissions from human activity,",Negative
2024-05-02,It gets worse before it gets worse. Methane emissions from gas flaring being hidden from satellite monitors,Negative
2024-05-02,Methane emissions from gas flaring being hidden from satellite monitors,Negative
2021-08-17,Is anybody kind of shocked by the number of people that are against space exploration?,Neutral
2024-03-03,"NY attorney general sues world's largest beef producer over methane emissions, climate commitments",Negative
2023-12-04,COP28: Canada’s new methane plan eyes 75% slash in emissions,Positive
2025-03-27,"Amid ‘drill, baby, drill’ agenda, CSU researchers work to lower methane emissions",Neutral
2025-03-30,"California spending $100 million to track methane emissions with satellites from sites around the state, such as oil and gas operations, landfills and livestock facilities.",Positive
2024-10-13,"What's your best info about methane emissions of herbivores globally before human industrialization of fossil fuels? Also, methane emissions from humans?",Neutral
2024-09-19,‘Red Flags’ on Climate: U.S. Methane Emissions Keep Climbing,Negative
2021-10-08,"Daily meat consumption in the UK has fallen by almost a fifth over the last decade in an effort to reduce methane emissions. The study found that red meat consumption fell by 13.7g, while processed meat consumption dropped by 7g.",Positive
2024-03-31,Landfills are spewing even more methane into the atmosphere than we thought | Landfills are thought to be the third-largest source of methane emissions in the US.,Negative
2023-11-01,"Food Waste Produces More Than 50% of U.S. Landfill Methane Emissions, EPA Says",Negative
2022-12-05,The U.S. wants to slash carbon emissions from power plants. Methane gas is in the way,Negative
2021-11-15,Manchin set to make or break Biden's climate pledge. Biden's pledge to help slash methane emissions by 30 percent faces the significant obstacle of Sen. Joe Manchin. Manchin is warning he won't support anything that would penalize the oil and natural gas industries.,Negative
2019-09-02,'Sociopathic Disregard for Our Future': Trump EPA Set to Gut Restrictions on Planet-Warming Methane Emissions,Negative
2015-09-17,"Investigation finds Exxon knew about CO2's effect on the climate since 1977, but ignored internal research and warnings",Negative
2024-11-04,Trump donor fined for pollution leads a fight to end methane emission penalties | Detailed plans from 30 oil and gas producers come amid historic levels of potent planet-heating emissions,Negative
2024-04-25,Review: Taylor Swift’s “Tortured Poets Department”  Is Her Ego Trip Album,Neutral
2024-09-15,"Methane Levels at 800,000-Year High: Stanford Scientists Warn That We Are Heading for Climate Disaster
",Negative
2023-05-09,‘Mind-boggling’ methane emissions from Turkmenistan revealed,Negative
2023-01-27,"UK Substantially Underestimates Methane Emissions From Oil and Gas Production, Researchers Conclude Five Times More is Leaked Than Reported",Negative
2024-03-14,Study: Methane emissions are worse than government estimates suggest,Negative
2024-04-28,Biden Administration Bans Fossil Fuel Usage In Federal Buildings. The US Department of Energy has finalized a rule banning fossil fuels from new and renovated federal buildings. The rule is projected to reduce carbon emissions by 2 million metric tons and methane emissions by 16 thousand tons.,Positive
2021-11-04,"Beef a bigger challenge than oil and gas when it comes to tackling methane emissions, experts say",Negative
2019-07-01,Your electric car runs on coal,Negative
2022-11-15,Methane emissions from 15 meat and dairy companies rival those of the EU,Negative
2025-03-26,"Turning cow manure into clean hydrogen fuel? Yes, it’s happening! With tech like methane pyrolysis and biogas conversion, waste is becoming a powerful tool against emissions. A greener future starts with innovation like this! ✨⚡ #CleanEnergy #WasteToEnergy #HydrogenInnovation",Positive
2024-10-29,"Investing In America: Biden-Harris Administration Announces Nearly $200 Million to Replace Aging Gas Pipes, Lower Household Energy Bills and Cut Methane Emissions",Positive
2024-12-05,"A Member of Parliament in Kenya has raised concerns about a proposed plan to vaccinate animals such as cows, goats, sheep, camels, and donkeys to reduce methane emissions. The MP criticized the initiative, describing it as a globalist agenda with potentially harmful consequences.",Negative
2025-02-07,A fart tax? State lawmaker suggests sports fans pay up for methane emissions,Negative
2025-03-05,"This website shows a map with aggregated data per source, sector and year of CO2, Methane and N2O emissions so you can easily check by yourself and deep dive in any location around the world!",Neutral
2023-10-18,"Methane emissions from tropical wetl;ands are ""turning on"" - a signal from the Earth system that is called a 'Termination Event' - signals that we should be heeding.",Negative
2023-02-25,The oil and gas industry could cut their methane emissions by 75% by spending just 3% of their income from last year alone,Positive
2022-09-19,Irreversible climate tipping points mean the end of human civilization,Negative
2020-10-27,"The Darvaza Crater in Turkmenistan was set on fire in 1971 by Soviet geologists to prevent the spread of methane gas in the area and has been burning ever since. The gas crater has a total area of 57586.92 meters. It has a diameter of 69 meters (226 ft), and is 30 m (98 ft) deep.",Negative
2024-09-19,‘Red Flags’ on Climate: U.S. Methane Emissions Keep Climbing,Negative
2025-03-26,High methane emissions from Australian coal mine detected using airborne sensors,Negative
2022-03-30,Greenhouse gas emissions from livestock farming are not decreasing and are likely to become a large fraction of overall emissions,Negative
2025-02-03,Rice variant slashes planet-warming methane emissions by 70 per cent,Positive
2024-01-03,Any others?,Neutral
2024-10-12,Report: Methane Emissions From Major Meat & Dairy Companies Rival Big Oil,Negative
2024-10-19,"'Terrifying': Leak Shows Industry Plot to Worsen Methane Emissions—If Trump Wins: ""They want to take climate out of the policy process entirely.""",Negative
2023-06-02,How much decomposition actually takes place in US land fills?,Neutral
2025-03-14,UC Davis Study Shows Rumin8 Reduces Methane Emission in Cattle,Positive
2023-07-16,Red alga added to cow poop slashes methane emissions by almost half,Positive
2022-06-27,"The world pledged to cut methane. Emissions are rising instead, study finds.",Negative
2025-01-22,Why are we still debating almond milk?,Neutral
2024-09-11,Researchers warn methane emissions ‘rising faster than ever’,Negative
2021-07-28,This needs to be said for the newbies and for the hopium addicts. There is no hope! Nothing can save us.,Negative
2024-12-21,Hyliion Granted $Millions From DOE & EPA: Methane Emissions Reduction Program...,Positive
2024-12-02,Seaweed has proven to be a promising tool for making cattle farming more sustainable. It was announced that seaweed reduces methane emissions in grazing cattle by 40%.,Positive
2023-11-19,A study from one of Canada's premiere climate labs says methane emissions from Alberta's natural gas industry are underestimated by almost 50 per cent.,Negative
2024-10-04,Supreme Court declines to block Biden rules on planet-warming methane and toxic mercury emissions,Positive
2024-11-19,Donald Trump’s pick for energy secretary says ‘there is no climate crisis’ | President-elect Donald Trump tapped a fossil fuel and nuclear energy enthusiast to lead the Department of Energy.,Negative
2025-03-09,"Fossil Fuels Are the Future, Trump Energy Secretary Tells African Leaders",Negative
2025-03-18,The heavily subsidized Fossil Fuel Industry and it's needs,Negative
2024-12-29,New York to fine fossil fuel companies $75 billion under new climate law,Negative
2024-11-05,"A small reduction in meat production (13%), borne by wealthier nations, could remove 125 billion tons of carbon dioxide—exceeding the total number of global fossil fuel emissions over the past 3 years—from the atmosphere",Positive
2024-10-19,"Trump gets record donations from big oil but far less than $1bn he wanted. A surge of fossil fuel funding has come since he directly requested $1bn from oil executives and promised he would scrap environmental rules if elected. Democrats have called this deal “the definition of corruption.""",Negative
2024-03-31,Guyana's President asks on BBC whether the developed countries are in bed with fossil fuel companies.,Negative
2024-11-16,Trump names fossil fuel executive Chris Wright as energy secretary,Negative
2024-12-14,"Conservatives, why do you support fossil fuels over renewables?",Negative
2024-11-21,Jude Law says fossil fuel companies need to answer for their actions,Negative
2024-10-19,FACT CHECK: Trump Raised Oil Prices on Americans to Bail Out Big Oil By Cutting a Deal with Putin and OPEC. Trump cut the deal in 2020 after his biggest fossil fuel backers lost billions due to a Russia-Saudi Arabia oil price war.,Negative
2025-03-08,"Fossil Fuels Are the Future, Trump Energy Secretary Tells African Leaders. “We’ve had years of Western countries shamelessly saying don’t develop coal, coal is bad,” Wright said. “That’s just nonsense, 100 percent nonsense. Coal transformed our world and made it better.”",Negative
2024-01-30,"‘Smoking gun proof’: fossil fuel industry knew of climate danger as early as 1954, documents show",Negative
2023-06-15,"UN chief says fossil fuels 'incompatible with human survival,' calls for credible exit strategy",Negative
2024-11-16,Trump names fossil fuel executive Chris Wright as energy secretary ,Negative
2024-08-18,Countries that consume most fossil fuel,Neutral
2023-09-20,UN chief calls for an end to $7 trillion in fossil fuel subsidies,Negative
2025-03-09,Ride a bike. Take a train or bus. Turn down the heat. Fuck the MAGA-enabling fossil fuel industry.,Neutral
2022-09-26,"Generation Z – those born after 1995 – overwhelmingly believe that climate change is being caused by humans and activities like the burning of fossil fuels, deforestation and waste. But only a third understand how livestock and meat consumption are contributing to emissions, a new study revealed.",Neutral
2024-05-23,"Deep red Fort Mohave, AZ pushed the Republican line promoting fossil fuels, while trashing renewables. Now the town is panicking after a utility gas plant is zoned 0.2 miles from residential areas instead of expanding existing solar panels.",Negative
2022-08-04,Sanders Announces Amendment to Strip All Fossil Fuel Handouts From Manchin Deal,Neutral
2024-12-26,New York to fine fossil fuel companies $75 billion under new climate law,Negative
2023-01-12,"Exxon Scientists Predicted Global Warming, Even as Company Cast Doubts, Study Finds. Starting in the 1970s, scientists working for the oil giant made remarkably accurate projections of just how much burning fossil fuels would warm the planet.",Negative
2023-12-03,Cop28 president says there is ‘no science’ behind demands for phase-out of fossil fuels,Negative
2022-07-23,"A new Stanford University study says the cost of switching the whole planet to a fossil fuel free 100% renewables energy system would be $62 trillion, but as this would generate annual cost savings of $11 trillion, it would pay for itself in six years.",Positive
2023-01-14,"Republicans want to ""phase out"" electric cars to protect fossil fuels",Negative
2022-06-18,"Fossil fuel firms ‘have humanity by the throat’, says UN head in blistering attack | Climate crisis",Negative
2022-08-16,"An MIT Professor says the Carbon Capture provisions in recent US Climate Change legislation (IRA Bill), are a complete waste of money and merely a disguised taxpayer subsidy for the fossil fuel industry, and that Carbon Capture is a dead-end technology that should be abandoned.",Negative
2023-01-27,The world has enough rare earth minerals and other critical raw materials to switch from fossil fuels to renewable energy to produce electricity. The increase in carbon pollution from more mining will be more than offset by a huge reduction in pollution from heavy carbon emitting fossil fuels,Positive
2022-10-28,EU approves effective ban on new fossil fuel cars from 2035,Positive
2024-05-09,"What Trump promised oil CEOs as he asked them to steer $1 billion to his campaign | Donald Trump has pledged to scrap President Biden’s policies on electric vehicles and wind energy, as well as other initiatives opposed by the fossil fuel industry.",Negative
2022-08-21,[OC] The World is (still) Powered by Fossil Fuels,Neutral
2024-04-09,"46 European countries have just become legally mandated to speed up ending fossil fuel use, after the European Court of Human Rights ruled climate change heatwave deaths a breach of European's human rights.",Positive
2025-03-04,Major news organizations now offer fossil fuel companies the opportunity to pay for articles that mimic regular content called ‘native advertisements’ that can mislead readers on climate change. New study found that disclosure of the ad and inoculation messages mitigate this climate disinformation.,Negative
2022-09-13,Switching from fossil fuels to renewable energy could save the world as much as $12 trillion by 2050,Positive
2022-11-23,The EU has imported €43 billion worth fossil fuels from Russia since the invasion of Ukraine,Negative
2022-08-30,"Texas bans 10 banks, 348 investment funds over fossil fuel policies",Negative
2022-02-17,"Researchers reveal fossil fuel companies are failing to transition away from oil and gas and toward renewable sources, despite publicly deploying green rhetoric in favor of clean energy:",Negative
2021-09-16,Fossil fuel companies are suing governments across the world for more than $18bn | Climate News,Negative
2022-03-29,ELI5: Why is charging an electric car cheaper than filling a gasoline engine when electricity is mostly generated by burning fossil fuels?,Neutral
2021-10-21,Document leak reveals nations lobbying to change key climate report - Countries are asking the UN to play down the need to move rapidly away from fossil fuels,Negative
2022-06-18,"Fossil fuel firms ‘have humanity by the throat’, says UN head in blistering attack",Negative
2022-06-22,The Right-Wing Supreme Court Readies to Help Destroy the Planet | The SCOTUS is about to use it's ill-gotten power on behalf of the fossil fuel industry to cripple America's ability to meet the challenge of climate change.,Negative
2023-09-12,Oxford study proves heat pumps triumph over fossil fuels in the cold,Positive
2025-01-20,"Donald Trump has declared a “national energy emergency,” to increase fossil fuel production ",Negative
2021-05-09,Electric cars ‘will be cheaper to produce than fossil fuel vehicles by 2027’,Positive
2025-03-16,"Why the Trump administration is wrong about an energy crisis in the US, according to experts. Trump is ""disingenuously"" using the rhetoric of an energy crisis to promote fossil fuels. ""There's no crisis or emergency by any conventional standard or use of the word."" The world doesn't need more oil.",Negative
2023-01-14,Republicans Want to 'Phase Out' Electric Cars to Protect Fossil Fuels,Negative
2023-02-10,How about we keep fossil fuels in the ground,Neutral
2022-04-28,[OC] Animation showing shipments of Russian fossil fuels to Europe since the invasion of Ukraine,Negative
2023-09-14,"Heat pumps are two to three times more efficient than fossil fuel alternatives in places that reach up to -10C, while under colder climates (up to -30C) they are 1.5 to two times more efficient.",Positive
2021-02-17,Why on earth would right-wing people with connections to the fossil fuel industry lie about ‘frozen wind turbines’ in Texas?,Negative
2023-10-26,New Republican US House Speaker Champions Fossil Fuels and Dismisses Climate Concerns,Negative
2021-03-22,"Trump's election, and decision to remove the US from the Paris Agreement, both paradoxically led to significantly lower share prices for oil and gas companies, according to new research. The counterintuitive result came despite Trump's pledges to embrace fossil fuels. (IRFA, 13 Mar 2021)",Negative
2024-12-24,"Virginia's fusion power plant: A step toward infinite energy - If successful, it could power 150,000 homes without the environmental downsides of fossil fuels.",Positive
2025-02-26,BP to ditch renewables goals and return focus to fossil fuels,Negative
2021-09-12,"Fossil Fuel Capitalism Is Cutting Our Lives Short | A new study shows that 17 billion life years could be saved if air pollution was reduced to WHO standards, but there's only one way to do it – ending the system that pollutes the world in the name of profit.",Negative
2021-02-20,"Chemists developed two sustainable plastic alternatives to polyethylene, derived from plants, that can be recycled with a recovery rate of more than 96%, as low-waste, environmentally friendly replacements to conventional fossil fuel-based plastics. (Nature, 17 Feb)",Positive
2021-01-28,President joe Biden calls on congress to end $40 billion in taxpayer subsidies for fossil fuels,Positive
2021-03-24,60 largest banks in the world have invested $3.8 trillion in fossil fuels since the Paris Agreement,Negative
2023-05-22,"The world’s top fossil fuel companies owe at least $209bn in annual climate reparations to compensate communities most damaged by their polluting business and decades of lies, a new study calculates.",Negative
2020-02-25,Bernie Sanders Says He'll Make Fossil Fuel Industry Pay $3 Trillion for Their Pollution To Fund Green New Deal,Positive
2019-10-18,Qatar now so hot it has started air-conditioning the outdoors - Giant coolers in public areas accelerating climate crisis further by using electricity from fossil fuels,Negative
2025-02-15,"""Donald Trump’s brazen pitch to 20 fossil-fuel heads for $1bn to aid his presidential campaign in return for promises of lucrative tax and regulatory favors is the “definition of corruption”, a top Democrat investigating the issue has said.",Negative
2020-04-29,"Governments should not use taxpayer cash to rescue fossil fuel companies and carbon-intensive industries, but should devote economic rescue packages for the coronavirus crisis to businesses that cut greenhouse gas emissions and create green jobs, the UN secretary general has urged",Positive
2020-01-01,"Scientists have found that a worldwide Green New Deal would create nearly 30 million jobs. By 2050 the world will spend around $17 trillion per year on energy if we’re still relying on fossil fuels, and that number goes down to $6.8 trillion if we’re using renewable energy.",Positive
2023-05-28,"New IEA data shows the oil industry knows its days are numbered. Instead of investing in future production, it's distributing record profits to shareholders. Renewables are now the world's largest energy source as measured by future investment - almost double the size of fossil fuels",Positive
2024-06-29,Canada’s 2023 wildfires created four times more emissions than planes did last year or  pumped more heat-trapping carbon dioxide into the air than India did by burning fossil fuels,Negative
2021-04-26,"Australian governments spend $19,000 a minute subsidising fossil fuels, report finds",Negative
2024-12-14,"Trump’s Choice to Run Energy Says Fossil Fuels Are Virtuous. Trump’s pick for DOE, says oil, gas and coal are key to solving global poverty. “It is not an intellectually serious argument."" Wright ignores the fact that wind and solar are cleaner and increasingly cheaper than fossil fuels.",Negative
2021-01-28,"Denouncing 'Handouts to Big Oil,' Biden Calls on Congress to End $40 Billion in Taxpayer Subsidies for Fossil Fuels | ""Biden campaigned on eliminating fossil fuel giveaways, and voters agree by a huge margin,"" said one climate activist.",Positive
2024-09-27,''Fossil fuel is a marketing term'',Negative
2020-01-07,Climate advocates are calling on fossil fuel companies to pay for the damage caused by Australia's unprecedented bushfires rather than taxpayers forking an additional $2 billion for those affected by the crisis.,Negative
2021-02-21,AOC slams 'fossil fuel billionaires' after one CFO likens Texas winter storm to 'hitting the jackpot',Negative
2019-11-23,Harvard and Yale students disrupt football game for fossil fuel protest,Negative
2019-02-06,"It’s Time to Try Fossil-Fuel Executives for Crimes Against Humanity - the fossil industry’s behavior constitutes a Crime Against Humanity in the classical sense: “a widespread or systematic attack directed against any civilian population, with knowledge of the attack”.",Negative
2020-05-23,US critics of stay-at-home orders tied to fossil fuel funding,Negative
2021-07-19,"TIL chemists have developed two plant-based plastic alternatives to the current fossil fuel made plastics. Using chemical recycling instead of mechanical recycling, 96% of the initial material can be recovered.",Positive
2019-12-29,remember that fossil fuel companies will guilt trip you into thinking you're the problem to shift the blame from themselves,Negative
2021-07-03,"In a thread about the ocean being on fire due to a leaking fossil fuel line, u/Yvaelle compares deaths from nuclear power (15,602 in all history) and from fossil fuels (8.7 million every year)",Negative
2019-09-14,How the U.S. Military Churns Out More Greenhouse Gas Emissions Than Entire Countries - The Pentagon is the world’s biggest consumer of fossil fuels—and agent of climate change.,Negative
2019-01-11,China’s making it super hard to build car factories that don’t make electric vehicles - China has rolled out rules that basically nix investment in new fossil-fuel car factories starting Jan. 10,Negative
2023-02-06,"More than half of new U.S. electric-generating capacity in 2023 will be solar, and only 14% will be using fossil fuels",Positive
2019-11-27,"Yes, electric vehicles really are better than fossil fuel burners: As the Nobel prize committee eloquently put it: “Lithium-ion batteries... have laid the foundation of a wireless, fossil fuel-free society, and are of the greatest benefit to humankind.”",Positive
2019-05-30,"Scientists developed a new electrochemical path to transform carbon dioxide (CO2) into valuable products such as jet fuel or plastics, from carbon that is already in the atmosphere, rather than from fossil fuels, a unique system that achieves 100% carbon utilization with no carbon is wasted.",Positive
2025-01-24,Trump Is Trying to Force America to Use More Fossil Fuels,Negative
2022-02-08,Four periods of equal sized global fossil fuel emissions. The first period was 222 years the last only 12. [OC],Neutral
2022-05-03,"Democrats’ Timidity Will Kill Us All | The climate is too far gone for Joe Manchin's ""compromises""—all of which seem to include handouts to fossil fuel companies.",Negative
2020-02-28,"Tesla ""big battery"" in Australia is becoming a bigger nightmare for fossil fuel power generators",Positive
2021-03-24,"Pollution from fossil fuel combustion deadlier than previously thought. Scientists found that, worldwide, 8 million premature deaths were linked to pollution from fossil fuel combustion, with 350,000 in the U.S. alone. Fine particulate pollution has been linked with health problems",Negative
2022-07-22,"International researchers have found a way to produce jet fuel using water, carbon dioxide (CO2), and sunlight. The team developed a solar tower that uses solar energy to produce a synthetic alternative to fossil-derived fuels like kerosene and diesel.",Positive
2018-11-26,"To Tackle Climate Crisis, US Must 'Be Bold and Aggressive in Standing Up to Greed of Fossil Fuel Industry': ""We have got to rally the American people. The scientific community has made it 100 percent clear... this is a major crisis facing this country and our planet.""",Positive
2020-02-25,"Fossil-Fuel Subsidies Must End - Despite claims to the contrary, eliminating them would have a significant effect in addressing the climate crisis",Negative
2025-03-03,"America must break its addiction to fossil fuels. If Trump were really worried about an energy shortage, he would advocate the rapid deployment of clean, inexhaustible and indigenous renewable energy. Instead, he issued an order “Terminating the Green New Deal” and paused funding for clean energy.",Negative
2023-06-20,"UN chief says fossil fuels are ""incompatible with human survival"" as world breaks temperature records",Positive
2023-08-13,"The Clean Energy Future Is Arriving Faster Than You Think. A profound shift is taking place that is nearly invisible to most Americans. The nation that burned coal, oil and gas for more than a century is rapidly shifting away from fossil fuels. “We’re seeing the nonlinear change happen before us.”",Positive
2021-02-26,Percentage of all fossil fuel emissions that have occurred in my lifetime [OC],Neutral
2019-01-15,"Immediate fossil fuel phaseout could arrest climate change: New study found that if all fossil fuel infrastructure (power plants, factories, vehicles, ships and planes) from now on are replaced by zero-carbon alternatives at the end of their useful lives, there is a 64% chance of staying under 1.5C.",Positive
2019-06-09,"Pay attention to the growing wave of climate change lawsuits: Kids, farmers, fishermen, cities, and states are suing the fossil fuel industry and governments.",Positive
2019-08-26,Bernie Sanders Proposes Huge Renewables Build-Out and Publicly Owned Power: ‘US put people on the moon 50 years ago. We can sure as hell transform our energy system away from fossil fuels to 100 percent renewables today and create millions of jobs in the process.’,Positive
2021-02-02,"Scientists found with heavy transport alone, that is trucks and other heavy-duty vehicles on the roads, use of biofuels produced by forest residue in a combination with sawdust from sawmills could reduce greenhouse gas emission by 88-94% compared to fossil fuels usage.",Positive
2020-04-18,Austria shuts down its last coal-fired power plant as part of a plan to end the use of fossil fuels for energy production by 2030.,Positive
2019-07-04,Climate scientist calls for 'world war type mobilization' to combat climate change: “We do need a world-war type mobilization and that means putting in place incentives to move our economy as quickly as we can away from fossil fuels to renewable energy”,Positive
2019-10-16,"After Shell CEO Claims 'We Have No Choice' But to Invest in Fossil Fuels, McKibben Says, 'We Have No Choice But to Try and Stop Them' - With ""overwhelming evidence that we are on the brink of climate and ecological collapse,"" executive's comment elicits intense rebuke",Negative
2019-10-19,Pennsylvania debating $250 annual electric vehicle tax - “This tax will only prolong Pennsylvanians’ reliance on the foreign monarchs and potentates that control the fossil fuel industry.”,Negative
2018-04-09,"Shell predicted dangers of climate change in 1980s and knew fossil fuel industry was responsible: Authors of confidential documents envisage changes to sea level and weather ‘larger than any that have occurred over the past 12,000 years’.",Negative
2020-05-02,"Coronavirus causing collapse in demand for fossil fuels while renewables make major gains, according to major global report",Positive
2020-02-01,'They're Done': CNBC's Jim Cramer Says Fossil Fuel Industry 'In the Death Knell Phase'. “The world's turned on” the industry as they did with tobacco.,Negative
2022-05-10,"""We wish we didn't know about fossil fuels...""",Neutral
2021-07-29,Washington state county is first in US to ban new fossil fuel infrastructure,Positive
2019-05-28,"""End fossil fuel subsidies, and stop using taxpayers’ money to destroy the world"" UN Secretary-General António Guterres told the World Summit of the R20 Coalition on Tuesday",Positive
2023-03-06,"100 fossil fuel companies: *responsible for 71% of global carbon emissions* ; the media: ""you selfish asthmatics""",Negative
2017-02-16,"Investors with $2.8 trillion in assets unite against Donald Trump’s climate change denial | As US President ramps up support for fossil fuels, some of the world's biggest funds demand end to coal and oil subsidies",Positive
2021-03-13,"Pollution from British roads has an impact on almost every part of the country, despite the fact just 1% of the country is covered by roadways. More than 70% of the country is affected by noise, light, micro-plastic and fossil fuel pollution - with only high altitude areas spared.",Negative
2023-10-06,Shell called out for promoting fossil fuels to youth via Fortnite game,Negative
2022-02-13,"Following a 16-year bet Republicans laid down in 2006 to block Postal EVs, DeJoy just told Biden to go screw himself: he’s going to buy fossil-fuel vehicles for 90% of the fleet instead of electric.",Negative
2019-10-02,"Americans really want the US to adopt renewable energy like wind and solar power, while rejecting fossil fuels like coal",Positive
2018-05-10,"Costa Rica's newly elected President Carlos Alvarado has announced a nationwide ban on fossil fuels, part of his ambitious plans to create a decarbonized society. ""We have the titanic and beautiful task of abolishing the use of fossil fuels.""",Positive
2018-12-10,U.S. Stands with Russia and Saudi Arabia Against Climate Science: The fossil-fueled triumvirate who have colluded to sell out the future of this planet for their own short-term financial gain.,Negative
2017-03-10,"Oil giant Shell warns public faith in fossil fuel industry is 'disappearing' and calls for carbon taxes - ""Shell is to increase its spending on renewable energy to $1bn a year""",Positive
2018-12-14,"Climate change: More than 1000 institutions pledge to withdraw investment from fossil fuels - ‘This is a moral movement as well as a financial one,’ campaigners say",Positive
2020-06-07,Coronavirus crisis could cause $25tn fossil fuel industry collapse,Negative
2019-03-25,"'Coal is on the way out': study finds fossil fuel now pricier than solar or wind - Around 75% of coal production is more expensive than renewables, with industry out-competed on cost by 2025",Positive
2017-08-26,"Stanford scientists said a fossil fuel phase-out is achievable that would contain climate change, deliver energy entirely from wind, water and sunlight to 139 nations, save up to 7 million lives each year &... create 24 million new jobs worldwide.",Positive
2019-09-17,Real time speed of global fossil fuel CO₂ emissions (each box is 10 tonnes of CO₂) [OC],Neutral
2023-12-10,"Saudi Arabia Is Trying to Block a Global Deal to End Fossil Fuels, Negotiators Say",Negative
2016-12-26,"Solar was the cheapest source of electricity in 2016, and it will further undercut fossil fuels in 2017",Positive
2016-12-07,"Donald Trump Picks Scott Pruitt, Ally of Fossil Fuel Industry, to Lead E.P.A.",Negative
2017-01-01,Costa Rica completes 2016 without having to burn a single fossil fuel for more than 250 days. 98.2% of Costa Rica's electricity came from renewable sources in 2016.,Positive
2021-07-07,Solar panels run off power plants which are powered by fossil fuels,Neutral
2019-05-16,"Global investment in coal tumbles by 75% in three years, as lenders lose appetite for fossil fuel - More coal power stations around the world came offline last year than were approved for perhaps first time since industrial revolution, report says",Positive
2020-04-28,"Governments should not use taxpayer cash to rescue fossil fuel companies and carbon-intensive industries, but should devote economic rescue packages for the coronavirus crisis to businesses that cut greenhouse gas emissions and create green jobs, the UN secretary general has urged.",Positive
2017-11-02,Rick Perry suggests fossil fuels help prevent sexual assault,Negative
2016-09-07,Costa Rica has been running on 100% renewable energy for 2 months straight: 76 days and zero fossil fuels.,Positive
2021-12-03,"India reaches 40 per cent target of power from non-fossil fuel, 9 years ahead of date committed at COP 21.",Positive
2022-09-23,Boston moves to ban fossil fuels in new construction,Positive
2019-04-16,Collins receives more donations from Texas fossil fuel industry than from Maine residents,Negative
2018-12-19,Scientists have created a powder that can capture CO2 from factories and power plants. The powder can filter and remove CO2 at facilities powered by fossil fuels before it is released into the atmosphere and is twice as efficient as conventional methods.,Positive
2021-08-06,"What if the US taxed fossil fuels and gave a check to every American? Turns out, most of the public is into that idea",Positive
2018-10-30,"These Voters Could Approve the First U.S. Carbon Fee. Big Oil Is Spending Millions to Defeat It. If the Washington state measure wins, it could begin a U.S. movement to make the price of fossil fuels reflect their cost to the planet.",Positive
2018-07-07,Costa Rica Becomes the First Nation to Ban Fossil Fuels,Positive
2017-02-13,"Renewables are no longer ‘alternative.’ Fossil fuels are ‘legacy.’ - ""The shape of the future is becoming clearer, as first coal, and now oil and gas, give way to solar, wind and battery power.""",Positive
2016-11-05,Elon Musk thinks we need a 'popular uprising' against fossil fuels,Positive
2019-09-01,"Pope Francis challenged governments on Sunday to take ""drastic measures"" to combat global warming and reduce the use of fossil fuels, saying the world was experiencing a climate emergency.",Positive
2020-03-23,Coal Is Now the World’s Most Expensive Fossil Fuel,Negative
2023-10-30,Scientists say climate extremes of 2023 point to need to end fossil fuels,Negative
2022-04-07,"BREAKING - European Parliament want immediate and full fossil fuel embargo ! No gas, no oil, no coal… NO European money for Putin’s army !",Negative
2019-08-14,"This plane can fly 500 miles, powered entirely by hydrogen. It’s the largest zero-emissions plane to ever fly without any fossil fuels.",Positive
2020-05-05,"Fossil fuel-free jet propulsion with air plasmas. Scientists have developed a prototype design of a plasma jet thruster can generate thrusting pressures on the same magnitude a commercial jet engine can, using only air and electricity",Positive
2024-07-15,"ELI5: If the fossil fuel industry is so stupidly rich, why is it so heavily subsidized?",Negative
2023-06-15,Shell plans to increase fossil fuel production despite its net-zero pledge,Negative
2017-02-02,"Danish green energy giant Dong said on Thursday it was pulling out of coal use, burning another bridge to its fossil fuel past after ditching oil and gas. Dong is the biggest wind power producer in Europe.",Positive
2019-07-03,"Scientists developed a new method to synthesize a acetaminophen, the active ingredient in Tylenol, from plants rather than fossil fuels.",Positive
2024-11-19,Donald Trump’s pick for energy secretary says ‘there is no climate crisis’ | President-elect Donald Trump tapped a fossil fuel and nuclear energy enthusiast to lead the Department of Energy.,Negative
2019-08-12,Germany’s Big Bet On Hydrogen. Germany is going through a remarkable transformation from a fossil fuel-based economy towards a sustainable energy infrastructure dominated by wind and solar power.,Positive
2021-11-02,What could fossil fuel subsidies pay for,Neutral
2023-12-02,US announces rule to slash powerful planet-warming gas by nearly 80% from fossil fuels,Positive
2019-09-07,Bernie Sanders calls on Dems to reject ‘corrupt’ fossil fuel cash the day after Joe Biden attends gas company co-founder fundraiser,Negative
2019-12-11,Study Finds That Top Fossil Fuel Companies’ Emissions Responsible for More Than Half of Ocean Acidification Since 1880. More than one-fifth of that increased acidity from 1880 could be traced to the emissions from the 20 largest investor-owned companies since 1965,Negative
2019-04-21,"In Super Mario Bros (1993), the cars in the alternate reality are powered by a hanging electric grid. Because dinosaurs didn’t die in that dimension, THERE ARE NO FOSSIL FUELS (GAS!!🔥)",Neutral
2017-01-23,Two-thirds of Americans give priority to developing alternative energy over fossil fuels,Positive
2016-03-31,Hillary Clinton Loses Patience with Greenpeace Activist Over Fossil Fuel Donations,Negative
2017-07-08,"Elon Musk's big battery brings reality crashing into a post-truth world. For months, politicians and fossil fuel industry have lied about the viability of renewables. Now Tesla’s big battery in South Australia will prove them wrong.",Positive
2017-02-06,"US utilities seek sun as Trump sides with coal, fossil fuels | Solar growth is so extensive and has so much momentum behind it that we're at the point where you can't put the genie back in the bottle,"" said Jeffrey R.S. Brownson, a Pennsylvania State University professor who studies solar adoption",Positive
2023-11-20,Texas rejects science textbooks with too much information about climate change. The Republican-majority education board also objected to books portraying fossil fuel use in a less-than-positive light.,Negative
2019-08-07,Giant batteries and cheap solar power are shoving fossil fuels off the grid,Positive
2015-02-21,Leading Climate-Denier Harvard Scientist Caught Accepting Bribes from Fossil-Fuel Corporations as well as the Koch Brothers.,Negative
2022-10-20,BREAKING: Steven Crowder supports nationalization of the fossil fuel industry,Neutral
2020-02-13,"'Surprised, No. Disgusted, Yes': Study Shows Deepwater Horizon Oil Spread Much Further Than Previously Known - ""Time to get off fossil fuel and on to renewables.""",Positive
2015-05-15,"New analysis finds that if the world built nuclear power at a similar rate to Sweden or France, all fossil fuel electricity could be displaced in 25-34 years, reducing carbon emissions by half.",Positive
2016-08-11,Scotland just produced enough wind energy to power it for an entire day: Strong winds combined with low demand on a sunny summer Sunday help Scotland reach ‘significant milestone’ on path towards ditching fossil fuels entirely,Positive
2022-03-09,Editorial: What’s better than a ban on Russian oil imports? Ending our dependence on fossil fuels,Positive
2019-07-26,"Solar energy can become biofuel without solar cells, reports scientists, who have successfully produced microorganisms that can efficiently produce the alcohol butanol using carbon dioxide and solar energy, without needing to use solar cells, to replace fossil fuels with a carbon-neutral product.",Positive
2021-07-29,A Florida city wanted to move away from fossil fuels. The state just made sure it couldn’t. The story behind Florida’s new laws that strip cities of their ability to fight climate change.,Negative
2021-03-18,"Oil firms knew decades ago fossil fuels posed grave health risks, files reveal",Negative
2020-01-21,'Act as if You Loved Your Children Above All Else': Greta Thunberg Demands Davos Elite Immediately Halt All Fossil Fuel Investments,Positive
2024-01-30,"‘Smoking gun proof’: fossil fuel industry knew of climate danger as early as 1954, documents show",Negative
2022-01-28,"A federal judge canceled major oil and gas leases over climate change. ""We simply cannot continue to make investments in the fossil fuel industry to the peril of our communities and increasingly warming planet.""",Positive
2016-11-05,Elon Musk thinks we need a 'popular uprising' against the fossil fuel industry,Positive
2025-02-23,"Drilling the deepest hole in history: Unlocking geothermal energy | Unlocking clean, virtually limitless, supercritical geothermal energy that can re-power fossil-fueled power plants all over the world.",Positive
2018-05-02,"Edinburgh inventor creates biodegradable water bottle to fight plastic problem - It is made from sustainable plant-based materials, uses no fossil fuels in its production and decomposes within about three weeks in seawater, compared with hundreds, even thousands, of years for its plastic equivalent.",Positive
2021-07-15,EU officially wants to KILL fossil fuel cars by 2035,Positive
2022-05-01,The EU has imported €43 billion worth fossil fuels from Russia since the invasion of Ukraine,Negative
2023-09-13,Oxford study proves heat pumps triumph over fossil fuels in the cold,Positive
2020-03-08,"In the search to find an environmentally friendly alternative for fossil fuels, scientists from the Tokyo University of Science developed a new technique for safely and efficiently producing 25 times more hydrogen fuel by using a specific type of rust and light source.",Positive
2020-01-09,"Bushfire protests targeting Scott Morrison to go ahead in Melbourne despite Victoria Police fears of 'resource drain' | Organisers say they are calling for all firefighters to be paid, aid for affected communities, an immediate transition away from fossil fuels, and the sacking of PM Scott Morrison",Positive
2024-08-18,‘Massive disinformation campaign’ is slowing global transition to green energy | UN says a global ‘backlash’ against climate action is being stoked by fossil fuel companies,Negative
2020-05-17,"A long-term shift away from dirty fossil fuels has accelerated during the lockdown, bringing forward power plant closures in several countries and providing new evidence that humanity’s coal use may finally have peaked after more than 200 years.",Positive
2021-08-09,Washington state county is first in US to ban new fossil fuel infrastructure,Positive
2017-07-31,"How farming giant seaweed can feed fish and fix the climate - ""could produce sufficient biomethane to replace all of today’s needs in fossil-fuel energy, while removing 53 billion tonnes of CO₂ per year from the atmosphere.""",Positive
2017-01-27,Ireland votes to be world's first country to fully divest from fossil fuels,Positive
2019-05-20,"If you're older than 27 you've lived through 50% of humanity's fossil fuel emissions, of all time",Neutral
2019-03-17,"Richard Branson: “Every company in the world should accept a Clean Energy Dividend to be imposed on the fossil fuel they use and the carbon emissions they cause. However, unlike a carbon tax, that money would be invested in generating clean energy through wind farms and solar panels.”",Positive
2023-08-05,"Cardiovascular ER Visits Plunged After Pittsburgh Coal Plant Shut, Study Finds. Analysis adds to the growing body of scientific evidence that policies implemented to regulate and reduce fossil fuel-related air pollution have real public health benefit.",Positive
2018-02-15,"I'm the candidate who was thrown out of the West Virginia House for reading off fossil fuel donors! But there’s more to me than that. I'm Lissa Lucas, AMA!",Positive
2021-03-23,"Biden Eyes Tax Hikes for Rich, Ending Fossil Fuel Subsidies to Fund Infrastructure",Positive
2018-11-15,"100% renewable electricity is viable. “There are some persistent myths that 100% renewable systems are not possible. Our contribution deals with these myths one by one, using all the latest research. Now let’s get back to the business of modelling low-cost scenarios to eliminate fossil fuels""",Positive
2023-02-14,EU approves 2035 ban on new fossil fuel car sales,Positive
2019-06-27,"""Britain on Thursday became the world's first major economy to adopt the tough new target of lowering fossil fuel emissions to a level of net zero by 2050.""",Positive
2024-05-30,"Climate and health benefits of wind and solar dwarf all subsidies | By displacing fossil fuels, wind and solar saved the US $250 billion over 4 years.",Positive
2018-04-30,It’s Time To Think Seriously About Cutting Off The Supply Of Fossil Fuels,Neutral
2019-01-02,"'Momentum is growing': reasons to be hopeful about the environment in 2019 - There are clear signs of hope on climate change in the rapidly falling cost of renewable energy technology, which is now competitive with fossil fuels.",Positive
2017-03-22,"Plans for coal-fired power plants drop by almost half in 2016 - ""the shift from fossil fuels to clean sources in the power sector is a positive one for health, climate security, and jobs. And by all indications, the shift is unstoppable.""",Positive
2019-06-10,"Hydrogen has a dirty secret – let's not think it's always a green fuel. The cheaper and more prevalent method to produce hydrogen is to extract it from natural gas or coal, which emits carbon dioxide and locks us into further exploitation of fossil fuels.",Negative
2019-02-27,"Overall, the evidence is consistent that pro-renewable and efficiency policies work, lowering total energy use and the role of fossil fuels in providing that energy. But the policies still don't have a large-enough impact that they can consistently offset emissions associated with economic growth",Positive
2021-12-25,Electric car supply chain carbon emissions lower than ICE vehicles. The total indirect emissions from electric vehicles pale in comparison to the indirect emissions from fossil fuel-powered vehicles,Positive
2020-09-26,Vatican calls on Catholics to divest from fossil fuels. The Vatican's call follows an announcement last month from more than 40 faith organizations from 14 countries that they are divesting from fossil fuel companies,Positive
2022-05-01,The EU has imported €43 billion worth fossil fuels from Russia since the invasion of Ukraine,Negative
2019-09-21,/u/inconvenientnews elaborates on how billionaires and the fossil fuel industry are making a concerted effort to discredit climate activists and the idea of climate change,Negative
2015-04-15,"Fossil Fuels Just Lost the Race Against Renewables. The race for renewable energy has passed a turning point. The world is now adding more capacity for renewable power each year than coal, natural gas, and oil combined. And there's no going back.",Positive
2018-01-15,"Renewable energy set to be cheaper than fossil fuels by 2020, according to new report",Positive
2019-05-23,Running total of global fossil fuel CO₂ emissions showing 4 time periods of equal emissions [OC],Neutral
2016-05-05,'We need a revolt against the fossil fuel industry': Tesla chief says educating the public on climate issues is essential in countering oil and gas lobby’s influence over big political decisions,Positive
2025-01-27,In England water companies are adopting disinformation tactics similar to those used by the fossil fuel and tobacco industries with the widespread use of greenwashing to downplay the environmental harm they cause,Negative
2025-03-29,Trump administration cancels clean energy grants as it prioritizes fossil fuels,Negative
2022-11-10,"Britain's largest mortgage bank is offering its mortgage customers heat pumps installed for as little as £2,000 ($2,330), combined with government grants. The heat pumps will provide all their heating needs, replace the need for fossil fuel powered heaters, & pay for themselves within 10 years",Positive
2020-08-24,Climate plan takes aim at the fossil fuel industry’s political power. “Giant fossil fuel corporations have spent billions – much of it anonymized through scores of front groups – during a decades-long campaign to attack climate science and obstruct climate action”,Negative
2025-03-25,"groundbreaking discovery in Finland: A geothermal energy source capable of powering the nation for an estimated 20 million years -- positioning them as a global leader in sustainable energy innovation, providing a model for other countries aiming to reduce reliance on fossil fuels",Positive
2025-01-04,"So... ""e-vehicles take tons of fossil fuels to make"" ",Negative
2019-03-26,Most Americans Support Reducing Fossil Fuel Use,Positive
2024-09-27,''Fossil fuel is a marketing term'',Neutral
2019-01-14,Tesla has met with the Greek government to propose ways to modernize the electric grid of the country’s many islands in the Mediterranean sea with microgrids and renewable energy to reduce their dependence on fossil fuels.,Positive
2018-05-06,"CO2 Levels Hit Record, April Temp Hits Record, and 'We Keep Burning Fossil Fuels': April gave clear signs the climate crisis is deepening",Negative
2025-01-19,Canada-led proposal to end international fossil fuel financing dies with incoming Trump administration,Negative
2019-05-16,"Global investment in coal tumbles by 75% in three years, as lenders lose appetite for fossil fuel - More coal power stations around the world came offline last year than were approved for perhaps first time since industrial revolution, report says",Positive
2024-12-26,New York to fine fossil fuel companies $75 billion under new climate law,Negative
2015-06-06,"Norway’s $890 billion government-pension fund, considered the largest sovereign-wealth fund in the world, will sell off many of its investments related to coal, making it the biggest institution to join a growing international movement to abandon at least some fossil-fuel stocks.",Positive
2024-04-29,Taxing big fossil fuel firms ‘could raise $900bn in climate finance by 2030’,Positive
2025-02-24,US fossil fuel industry campaigns to kill policies that ban gas in new buildings,Negative
2016-06-15,"It's the end of the fossil fuel era as we know it | According to the report, we'll reach a tipping point in 2027, when new wind and solar power actually become cheaper than running existing coal and gas generators in much of the world.",Positive
2021-04-05,Fossil fuels get too many government handouts. Biden wants to cut them off,Negative
2018-12-12,"If fossil fuels will eventually cause human extinction, but some birds survive, then dinosaurs will have evolutionarily outwitted us with the longest shot imaginable.",Neutral
2016-03-31,"Hillary Clinton ""is so sick"" of allegations that she takes fossil fuel money",Negative
2020-04-13,"Catholic institutions divest from fossil fuels. More than 150 Catholic institutions – including banks, universities, and foundations – have pledged to divest from fossil fuels. And they’re making their commitments public to inspire others to take a similar moral stand.",Positive
2024-07-19,Why is the US so against renewable energy,Neutral
2025-01-01,Why are some people against renewable energy? ,Neutral
2023-09-26,"Are renewables like wind and solar a viable ""green"" energy source or are they a scam?",Neutral
2023-10-18,[Request] Is it true we don’t have enough metals to transition completely to renewable energy?,Neutral
2024-04-12,India’s Newly Opened Renewable Energy Park; It Is 5x the Size of Paris and the World’s Largest,Positive
2025-01-26,"This is the real reason trump is obsessed with destroying renewable energy, and will possibly succeed.",Negative
2024-11-14,The Renewable Energy Revolution Is Unstoppable,Positive
2023-05-09,A company in Germany specialised on building fences now also builds solar fences ☀️ this trend of utilising surfaces of buildings and constructions for producing renewable energy will become standard in the following years.,Positive
2024-09-26,"TIL there is enough actinide metal (thorium and uranium) on Earth to sustain Breeder Reactors, which produce more fissile material than they consume, leading to enough fuel to satisfy the world's energy needs at 1983 levels for 5-billion years, making nuclear energy effectively renewable",Positive
2025-03-16,"Goldman Sachs says the US's switch to tariffs and trade wars will accelerate the global transition to renewable energy, as more nations will favor energy independence and security.",Positive
2025-01-22,"Trump Wants to Unleash Energy, as Long as It’s Not Wind or Solar. Trump is testing legal boundaries with aggressive orders designed to stop the transition to renewable energy. “If there really were an energy emergency, then the right thing to do would be to increase supplies of all forms of energy.""",Negative
2025-01-08,"Electrical company says we generated too much renewable energy, so it's forfeited",Negative
2024-08-20,Negative Power Prices Hit Europe as Renewable Energy Floods the Grid,Negative
2024-06-18,Electricity prices in France turn negative as renewable energy floods the grid,Negative
2024-06-18,Electricity prices in France turn negative as renewable energy floods the grid,Negative
2024-12-03,Biden Pushes Out Over $100 Billion in Clean Energy Grants as Term Winds Down. The move will help to continue the deployment of clean energy even after Trump takes office. The IRA's grants and subsidies have driven billions of dollars to renewable-energy projects across the country.,Positive
2024-10-20,Right now 71% of the UK's energy is being created from renewable sources.,Positive
2023-08-30,Nuclear energy can be renewable?,Neutral
2023-04-02,"For the first time, renewable energy generation beat out coal in the US",Positive
2025-01-26,"This is the real reason trump is obsessed with destroying renewable energy, and will possibly succeed.",Negative
2022-08-06,Study Finds World Can Switch to 100% Renewable Energy and Earn Back Its Investment in Just 6 Years,Positive
2022-02-28,Germany will accelerate its switch to 100% renewable energy in response to Russian crisis - the new date to be 100% renewable is 2035.,Positive
2022-07-23,"A new Stanford University study says the cost of switching the whole planet to a fossil fuel free 100% renewables energy system would be $62 trillion, but as this would generate annual cost savings of $11 trillion, it would pay for itself in six years.",Positive
2023-01-27,The world has enough rare earth minerals and other critical raw materials to switch from fossil fuels to renewable energy to produce electricity. The increase in carbon pollution from more mining will be more than offset by a huge reduction in pollution from heavy carbon emitting fossil fuels,Positive
2022-08-11,"“Many young people are depressed because they feel climate change cannot be stopped. We want to offer them hope."" - Researchers of 15 leading universities agree: the world can reach a 100% renewable energy system by or even before 2050.",Positive
2022-05-03,Denmark wants to build two energy islands to supply more renewable energy to Europe,Positive
2022-02-25,"Russian attempts to 'weaponise' energy may fast-track Europe's shift to renewables, after initial pain",Positive
2024-09-02,"Harris cites Inflation Reduction Act impact to explain fracking reversal. She cited the recent boom in renewable energy jobs in the US, much of it in the wake of the IRA. “What I have seen is that we can grow and we can increase a thriving clean energy economy without banning fracking.”",Positive
2022-09-13,Switching from fossil fuels to renewable energy could save the world as much as $12 trillion by 2050,Positive
2022-07-11,'A 'Wow' moment': US renewable energy hit record 28% in April. What's driving the change?,Positive
2022-03-05,Russia's attack on Ukraine is a clear warning to US to become energy independent with renewables,Negative
2023-06-23,Japan will try to beam solar power from space by 2025 : « The technology is appealing because orbital solar arrays represent a potentially unlimited renewable energy supply. »,Positive
2021-11-19,"House passes $1.75 trillion Biden plan that funds universal pre-K, Medicare expansion and renewable energy credits",Positive
2022-02-17,"Researchers reveal fossil fuel companies are failing to transition away from oil and gas and toward renewable sources, despite publicly deploying green rhetoric in favor of clean energy:",Negative
2021-07-03,"Conservative group says Germany could become the world’s first industrialised country running on 100% renewable energy supply as early as 2030 and simultaneously reduce citizens’ expenses on transport, heating and power use",Positive
2022-03-28,Misinformation is derailing renewable energy projects across the United States,Negative
2023-12-21,"Nuclear energy is more expensive than renewables, CSIRO report finds",Negative
2024-04-18,Nearly 50 countries now generate more than 50 per cent of their electricity from renewable energy sources (The Independent),Positive
2024-01-05,Iceland will tunnel into a volcano to tap into virtually unlimited geothermal power | Iceland's Krafla Magma Testbed project aims to transform renewable energy by tapping into a volcano's magma chamber in 2026.,Positive
2024-05-21,Seven countries now generate 100% of their electricity from renewable energy,Positive
2022-08-13,Researchers agree: The world can reach a 100% renewable energy system by or before 2050,Positive
2022-03-31,U.S. Renewable Energy Production in 2021 Hit an All-Time High and Provided More Energy than Either Coal or Nuclear Power,Positive
2022-02-25,"Russian attempts to 'weaponise' energy may fast-track Europe's shift to renewables, after initial pain",Positive
2022-10-06,"“Eat your heart out Fox News,” says Newsom, signing climate agreement with West Coast governors | California, Oregon, Washington and British Columbia agree to more electric vehicles, renewable energy, forest treatments",Positive
2025-01-05,"World's biggest Hybrid Renewable Energy park in Kutch, Gujarat! The size of park is same as Singapore",Positive
2023-06-24,California Senate approves wave and tidal renewable energy bill,Positive
2021-04-22,The country's largest coal miners union indicates it will accept a switch to renewable energy in exchange for jobs,Positive
2022-10-18,"Australia backs plan for intercontinental power grid | Australia touted a world-first project Tuesday that could help make the country a ""renewable energy superpower"" by shifting huge volumes of solar electricity under the sea to Singapore.",Positive
2022-06-12,California breaks record by achieving 100% renewable energy,Positive
2019-11-09,Bernie Sanders vows to follow in New Zealand's footsteps if elected president: “We will pass a Green New Deal that gets us to 100% renewable energy by no later than 2030 and complete decarbonization of the economy by 2050.”,Positive
2020-05-07,"TIL termites are being researched as a possible renewable energy source as they can produce up to 2 litres of hydrogen from ingesting a single sheet of paper, making them one of the planet's most efficient bioreactors",Positive
2020-07-28,"Climate crisis: Offshore wind power ‘so cheap it could return money to consumers’ - Renewable energy is on course to become the cheapest kind of power to produce in the UK, meaning household electricity bills could fall if savings are passed on to consumers.",Positive
2020-10-23,Study Shows U.S. Switch to 100% Renewable Energy Would Save Hundreds of Billions Each Year,Positive
2020-04-19,"South Korea to implement ""Green New Deal"" after ruling party's election win - Plan includes large-scale investments in renewable energy, a carbon tax, the phase out of coal financing by public institutions, and supporting workers' transition to green jobs",Positive
2020-01-01,"Scientists have found that a worldwide Green New Deal would create nearly 30 million jobs. By 2050 the world will spend around $17 trillion per year on energy if we’re still relying on fossil fuels, and that number goes down to $6.8 trillion if we’re using renewable energy.",Positive
2025-02-20,Renewable Energy Landcycle,Neutral
2024-02-11,Super Bowl 58 is the first ever to be fully powered by renewable energy,Positive
2025-02-24,"Texas Lawmakers Scramble To Stop Solar Energy But It Just Keeps Coming | The solar energy is still alive and kicking in Texas, although two anti-renewables bills will go into effect on September 1 if state legislators pass them into law.",Negative
2022-08-06,Study Finds World Can Switch to 100% Renewable Energy and Earn Back Its Investment in Just 6 Years,Positive
2020-05-05,America's renewable energy sources have produced more electricity than coal every day for 40 days straight,Positive
2021-10-10,UK’s energy grid will be 100% renewable by 2035 according to prime minister,Positive
2019-01-27,"Germany to close all 84 of its coal-fired power plants, will rely primarily on renewable energy",Positive
2020-11-24,Europe is leading in the share of renewable energy in electricity,Positive
2019-09-04,Warren Climate Plan Would Reverse Trump Tax Cuts for Rich to Help Fund Transition to 100% Renewable Energy,Positive
2024-05-08,The US is propping up gas while the world moves to renewable energy,Negative
2024-11-04,"Switching to all renewable energy worldwide, the number of ships in ocean would fall in half",Neutral
2025-02-10,Experts Anticipate Renewable Energy Will Overrun White House’s Dopey “Energy Dominance” Policy,Negative
2024-04-30,"Battery costs have plummeted by 90% in less than 15 years, turbocharging renewable energy shift",Positive
2021-12-31,Paraguay now produces 100% renewable electric energy,Positive
2021-01-01,"A Monster Wind Turbine Is Upending an Industry - G.E.’s giant machine, which can light up a small town, is stoking a renewable-energy arms race.",Positive
2022-03-12,Don't like renewable energy? Coal story bro,Neutral
2018-08-23,"TIL that Portland has started generating clean energy by replacing some water pipes with pipes that contain turbines. The turbines generate electricity from water that is already flowing under the city. The pipes are expected to generate $2,000,000 worth of renewable energy capacity over 20 years.",Positive
2021-09-03,"A new report released today identifies 22 shovel ready, high-voltage transmission projects across the country that, if constructed, would create approximately 1,240,000 American jobs and lead to 60 GW of new renewable energy capacity, increasing American’s wind and solar generation by nearly 50%.",Positive
2021-12-18,"[OC] Thanks to Brazil, Latin America is a world leader in renewable energy.",Positive
2025-03-03,"America must break its addiction to fossil fuels. If Trump were really worried about an energy shortage, he would advocate the rapid deployment of clean, inexhaustible and indigenous renewable energy. Instead, he issued an order “Terminating the Green New Deal” and paused funding for clean energy.",Negative
2019-07-04,Climate scientist calls for 'world war type mobilization' to combat climate change: “We do need a world-war type mobilization and that means putting in place incentives to move our economy as quickly as we can away from fossil fuels to renewable energy”,Positive
2023-04-19,"A cutting-edge prototype of a hydraulic turbine designed for installation on the sea floor, aimed at harnessing the power of ocean currents to generate renewable energy.",Positive
2021-03-12,"A pair of new studies show that cultured meat, when produced with renewable energy, reduces the carbon footprint, land use, and air pollution by 92% or more compared to normal beef production",Positive
2020-01-28,Scotland is on track to hit 100% renewable energy this year,Positive
2022-12-12,World to deploy as much renewable energy in the next five years as the last 20,Positive
2017-01-17,China scraps construction of 85 planned coal power plants: Move comes as Chinese government says it will invest 2.5 trillion yuan into the renewable energy sector,Positive
2019-10-02,"Americans really want the US to adopt renewable energy like wind and solar power, while rejecting fossil fuels like coal",Positive
2021-12-31,Paraguay now produces 100% renewable electric energy,Positive
2017-03-10,"Oil giant Shell warns public faith in fossil fuel industry is 'disappearing' and calls for carbon taxes - ""Shell is to increase its spending on renewable energy to $1bn a year""",Positive
2023-06-06,Using electric water heaters to store renewable energy could do the work of 2 million home batteries – and save us billions,Positive
2018-12-09,"Costa Rica went 300 days using only renewable energy, beating their own 2015 record of of 299 days on renewable energy",Positive
2019-11-17,"Two of America's biggest coal plants closed this month - America’s coal plants are turning off the boilers, facing brutal economics and customers fleeing for natural gas and renewable energy.",Negative
2023-12-28,A cool guide to the Five Major Types of Renewable Energy,Positive
2024-06-18,Electricity prices in France turn negative as renewable energy floods the grid,Positive
2018-08-22,"California is generating so much renewable energy, it’s about to take a break - Currently, California is regularly shunting electricity to Arizona and other states (sometimes paying them to do so) just to avoid overloading its own current lines.",Positive
2016-09-07,Costa Rica has been running on 100% renewable energy for 2 months straight: 76 days and zero fossil fuels.,Positive
2020-07-07,The City of Sydney is now on 100% renewable energy,Positive
2020-11-12,Scientists have discovered a new method that makes it possible to transform electricity into hydrogen or chemical products by solely using microwaves - without cables and without any type of contact with electrodes. It has great potential to store renewable energy and produce both synthetic fuels.,Positive
2021-07-16,"‘Future belongs to renewable energy,’ Greenland says as it stops oil search",Positive
2022-02-08,The first law of thermodynamics is the exact reason renewable energy if possible,Positive
2019-06-12,America's renewable energy capacity is now greater than coal,Positive
2017-10-01,"Bill Gates thinks the 1% should foot the bill for renewable energy, and he's offering the first $2B.",Positive
2018-03-10,California is taking a cooling off period after generating too much energy from the sun - “state Senate has proposed legislation to require 100% of the state’s power come from renewable sources by 2045.”,Positive
2017-10-06,"China Is Showing the World What Renewable Energy Dominance Looks Like, Says New IEA Report. “In one year, China will install the equivalent of the total history of solar development in Germany.”",Positive
2018-04-09,"For every $1 the US put into adding renewable energy last year, China put in $3",Positive
2019-10-22,"Replacing coal with gas or renewables saves billions of gallons of water, suggests a new study, which found that the water intensity of renewable energy sources like solar or wind energy, as measured by water use per kilowatt of electricity, is only 1% to 2% of coal or natural gas’s water intensity.",Positive
2017-11-01,The cost of renewable energy is dropping so fast that it's disrupting global markets,Positive
2019-02-15,"The nuclear city goes 100% renewable: Chicago may be the largest city in the nation to commit to 100% renewable energy, with a 2035 target date. And the location says a lot about the future of clean energy.",Positive
2021-09-20,"Australia records its highest renewable energy generation at 60% of the grid, coal output at new low",Positive
2016-08-30,Costa Rica celebrates 113 days of 100-percent renewable energy (and counting),Positive
2020-06-07,"Renewables surpass coal in US energy generation for first time in 130 years. Solar, wind, and other renewable sources have toppled coal in energy generation in the United States for the first time in over 130 years, with the coronavirus pandemic accelerating a decline in coal",Positive
2019-07-25,"The cost of transforming the US power grid into 100% renewable energy is estimated at $4.5 trillion (nearly as much as what the country has spent, since 2001, on the war on terror.)",Negative
2024-04-13,India opened worlds largest Renewable Energy Park which is five times the size of the Paris and now has 5 of the top 10 largest farms,Positive
2019-12-01,"'War against nature must stop,' U.N. chief says before climate talks - “We simply have to stop digging and drilling and take advantage of the vast possibilities offered by renewable energy and nature-based solutions.”",Positive
2016-11-24,"47 of the world's poorest countries are aiming to hit 100% renewable energy - ""The idea is ... to skip from pre-industrialisation to renewables, avoiding the 'messy part' in the middle where a need for more energy to support economic growth spurs fossil fuel use to dangerously high levels.""",Positive
2016-12-19,"The city of Las Vegas is now drawing 100 percent of its power from renewable energy sources, a goal officials have been working toward for the better part of a decade.",Positive
2019-07-16,Renewable Energy Is Now The Cheapest Option - Even Without Subsidies,Positive
2018-07-30,Sweden to reach its 2030 renewable energy target this year,Positive
2023-01-31,US renewable energy farms outstrip 99% of coal plants economically – study | It is cheaper to build solar panels or cluster of wind turbines and connect them to the grid than to keep operating coal plants,Positive
2023-05-19,A new source of renewable energy ,Neutral
2016-07-16,Oregon’s Senator Jeff Merkley announced Friday his plan to introduce legislation that would require 100 percent of American energy to come from renewable sources by 2050,Positive
2015-12-10,"Bill Gates thinks the 1% should foot the bill for renewable energy, and he's offering the first $2B.",Positive
2022-08-11,How Russia's invasion of Ukraine has accelerated the global transition to renewable energy,Neutral
2017-01-24,Climate researchers say the 2 degrees Celsius warming limit can be maintained if half of the world's energy comes from renewable sources by 2060,Positive
2019-09-16,"The US Administration is blocking the science on a renewable-powered future - A study on reaching high levels of renewable energy has been removed from the NOAA website, and an energy writer says that the release of another study has been blocked.",Negative
2020-09-12,Jacinda Ardern wants to accelerate New Zealand's transition to 100% renewable energy and bring the date forward to 2030.,Positive
2019-09-21,11% of the Military Budget Could Fund Enough Renewable Energy for Every Home in the US: Just 11% of the Pentagon’s current $716 billion budget -- about $80 billion -- would pay to produce enough wind and solar energy to power every one of the 127.59 million households in the United States,Positive
2019-01-24,"The world can limit global warming to 1.5℃ and move to 100% renewable energy while still preserving a role for the gas industry, and without relying on technological fixes such as carbon capture and storage, according to our new analysis.",Positive
2017-10-11,Google Will Hit 100% Renewable Energy this Year - The company is primarily powered by wind and solar energy.,Positive
2017-06-27,"Brooklyn’s Latest Craze: Making Your Own Electric Grid - Using the same technology that makes Bitcoin possible, neighbors are buying and selling renewable energy to each other.",Positive
2018-07-30,Sweden to reach its 2030 renewable energy target this year,Positive
2019-11-19,"Tesla’s big battery in South Australia just got 50% bigger. This will ensure South Australia can continue to harvest its world class wind and solar resources and support the transition to net 100% renewable energy generation in the 2030s, and further drive down electricity prices for all consumers.",Positive
2016-09-01,"Iowa Passes Plan to Convert to 100 Percent Renewable Energy. ""We are finalizing plans to begin construction of the 1,000 wind turbines, with completion expected by the end of 2019,""",Positive
2020-09-06,"Hydrogen could disrupt, reshape global energy value chains: Producing electricity from renewable energy resources is likely to be the single most effective way to address climate change",Positive
2023-03-12,Ohio politicians found guilty in $60 million utilities bribery scandal to undermine renewable energy,Negative
2017-07-10,"Shell Plans to Spend $1 Billion a Year on Clean Energy by 2020 - CEO says shift to renewables, electric cars is accelerating",Positive
2017-08-05,"Dirty energy's quiet war on solar panels - ""there's a growing movement by industry front groups to undermine net metering and other renewable energy incentives.""",Negative
2018-06-05,Hawaii just passed a law to make the state carbon neutral by 2045 - The plan is the most ambitious emissions reduction and renewable energy plan of any state in the country.,Positive
2017-06-04,"All Dutch trains now run on 100% wind power - ""As of the first of January this year, all public transport trains are being powered by renewable energy, namely from wind power.""",Positive
2019-01-06,"The Australian Senate’s decisions to stop Tony Abbott abolishing clean energy agencies helped create renewable energy projects worth $23.4bn, a new report says.",Positive
2022-08-15,Marjorie Taylor Greene mocked for suggesting renewable energy doesn’t work at night,Negative
2016-05-11,Germany had so much renewable energy on Sunday that it had to pay people to use electricity,Positive
2019-01-02,"'Momentum is growing': reasons to be hopeful about the environment in 2019 - There are clear signs of hope on climate change in the rapidly falling cost of renewable energy technology, which is now competitive with fossil fuels.",Positive
2019-02-27,"Overall, the evidence is consistent that pro-renewable and efficiency policies work, lowering total energy use and the role of fossil fuels in providing that energy. But the policies still don't have a large-enough impact that they can consistently offset emissions associated with economic growth",Neutral
2019-03-12,"Wind provides half of Germany’s power for a whole week - Wind turbines, solar panels and other renewable energy sources contributed 64.8 percent to the country’s net power production between March 4 and 10",Positive
2025-01-12,Nearly half of the UK’s energy is already from renewables - why are bills so high?,Neutral
2025-03-10,"Energy Secretary Chris Wright vows to reverse Biden climate policies, says renewables can't replace natural gas",Negative
2024-08-28,Recent permitting reforms in Germany have led to a boom in renewable energy capacity,Positive
2022-04-28,Human waste turned into renewable energy at Australia's first biosolids gasification plant,Positive
2016-12-15,"Solar power becoming world's cheapest form of electricity production, analysts say - ‘Renewable energy will beat any other technology in most of the world without subsidies’",Positive
2015-04-15,"Fossil Fuels Just Lost the Race Against Renewables. The race for renewable energy has passed a turning point. The world is now adding more capacity for renewable power each year than coal, natural gas, and oil combined. And there's no going back.",Positive
2018-01-15,"Renewable energy set to be cheaper than fossil fuels by 2020, according to new report",Positive
2022-02-24,'Want to stop making Putin rich... renewables is the answer': Does the Russia-Ukraine crisis speed up or slow Europe's green energy push?,Neutral
2017-05-02,Atlanta Commits To 100 Percent Renewable Energy By 2035,Positive
2024-02-25,Renewable energy production in Europe,Positive
2015-06-28,Bill Gates to invest $2bn in breakthrough renewable energy projects,Positive
2017-03-13,"Renewable energy is now Australia’s cheapest energy option, even when the cost of storage to make the intermittent power sources reliable is added.",Positive
2019-01-14,Tesla has met with the Greek government to propose ways to modernize the electric grid of the country’s many islands in the Mediterranean sea with microgrids and renewable energy to reduce their dependence on fossil fuels.,Positive
2016-11-20,"World's poorest countries to aim for 100% green energy: ""Representatives from 47 of the world's most disadvantaged nations have pledged to generate all their future energy needs from renewables.""",Positive
2019-12-12,"This small German town took back the power – and went fully 100% renewable, with energy in the joint ownership of the municipality and a new citizen-led cooperative, which now owns 25% of the energy company.",Positive
2022-08-11,"“Many young people are depressed because they feel climate change cannot be stopped. We want to offer them hope."" - Researchers of 15 leading universities agree: the world can reach a 100% renewable energy system by or even before 2050.",Positive
2018-06-14,EU strikes deal on 32% renewable energy target and palm oil ban after all-night session,Positive
2024-04-16,California exceeds 100% of energy demand with renewables over a record 30 days,Positive
2015-08-03,Obama's clean power plan hailed as strongest ever climate action by US. Hundreds of businesses including eBay and Nestle back federal rules to cut emissions and encourage a switch away from coal to renewable energy,Positive
2015-03-21,Costa Rica powered with 100% renewable energy for 75 straight days,Positive
2016-11-30,The subreddit /r/The_Donald seems to have some incredibly high energy; could we harvest this for the earth's renewable energy needs or maybe a next generation particle accelerator?,Neutral
2015-06-09,"Engineers develop state-by-state plan to convert US to 100% clean, renewable energy by 2050",Positive
2019-02-12,"The American Solar Industry Has Exploded in Size as Costs Plummet: Costs are likely to fall even further, particularly for the end user — one analysis by UBS claimed renewable energy will “effectively be free” by 2030.",Positive
2019-02-25,"The Golden State is officially a third renewable, and it’s not stopping there - California has passed its 33% renewable energy target two years before the 2020 deadline. The state’s next renewable milestone is at 44% by 2024, a 33% growth in just over five full years.",Positive
2015-12-19,99% of Costa Rica's electricity came from renewable energy in 2015,Positive
2024-05-25,MMW: if American switches to renewable energy then the middle East’s and Russia’s economies will crumble.,Negative
2024-04-30,"Battery costs have plummeted by 90% in less than 15 years, turbocharging renewable energy shift",Positive
2020-11-28,Tasmania is now officially 100% powered by renewable energy,Positive
2016-07-08,"Hawaii Eyes Offshore Wind to Reach its 100 Percent Clean Energy Goal | Under a 2013 law, the state's utilities must generate 100 percent of their electricity from renewable energy resources by 2045, the most aggressive goal in the country.",Positive
2019-07-03,"Leonardo DiCaprio forms the Earth Alliance to combat climate change. Earth Alliance, ""will work globally to protect ecosystems and wildlife, ensure climate justice, support renewable energy and secure indigenous rights to the benefit of all life on Earth,"" according to a statement.",Positive
2025-01-30,"World’s Largest Renewable Energy Project, the Size of El Salvador, Seeks Go-Ahead",Positive
2020-09-05,"The American Wind Energy Association (AWEA) plans to merge into a new clean energy industry body that will also include some of the largest US utilities, in a bid to make renewables “the dominant power source in America”.",Positive
2017-01-05,China to invest £292bn in renewable power by 2020 - World’s largest energy market looks to move from coal towards cleaner fuels,Positive
2019-09-26,"Costa Rica will run on more than 98% renewable energy for fifth consecutive year, government says – The Tico Times",Positive
2024-07-02,China to meet its 2030 renewable energy target by end of this year,Positive
2018-06-18,"On Thursday, the Massachusetts state Senate approved 35-0 a package of energy bills including provisions that would set a 100% renewable energy standard by 2047, remove the state's net metering caps and increase the state's energy storage mandate to 2 GW by 2025.",Positive
2023-05-14,"Renewables Revolution: US Green Energy Poised for 'Staggering' Growth, According To BloombergNEF Report. The US clean energy sector is set to deliver a record-breaking 600 GW of solar, wind and energy storage capacity by 2030. The report notes that the Inflation Reduction Act has played a key role.",Positive
2021-04-19,A coal miners union indicates it will accept a switch to renewable energy in exchange for jobs.,Positive
2018-08-14,Renewable energy at your fingertips,Neutral
2019-08-02,"My name is Ricardo Rangel (Substation Design Engineer). I pioneered an algorithm to design 100% renewable power systems, and I am on a mission to lead the transition toward sustainable energy. AMA!",Positive
2025-03-26,"1,000 wind turbines and 60,000 MW — Germany’s renewable energy push is already exceeding the likes of America and Japan. The country’s wind power initiatives make them a world leader, and given some time, could render their coal industry gone with the wind",Positive
2024-05-21,"Powering Australia with nuclear energy would cost roughly twice as much as renewables, CSIRO report shows",Negative
2020-02-05,"Ørsted, one of the world’s largest renewable energy companies and recently named the most sustainable company in the world, has announced that it will be carbon neutral by 2025 and will reach net-zero emissions across the company’s entire carbon footprint by 2040.",Positive
2024-05-07,Renewable energy passes 30% of world’s electricity supply,Positive
2018-02-09,"Stanford engineers develop a new method of keeping the lights on if the world turns to 100% clean, renewable energy - several solutions to making clean, renewable energy reliable enough to power at least 139 countries, published this week in journal Renewable Energy.",Positive
2019-01-24,"State-of-the-art climate model shows how we can solve crisis | This model is the first to achieve the required negative emissions through natural climate solutions, including the restoration of degraded forests and other lands, along with a transition to 100% renewable energy by mid-century",Positive
2016-09-01,"Iowa Passes Plan to Convert to 100 Percent Renewable Energy. ""We are finalizing plans to begin construction of the 1,000 wind turbines, with completion expected by the end of 2019,""",Positive
2016-11-22,"St. Petersberg, Florida has committed to switching its power sources over to 100 percent renewable energy—the first city in the Sunshine State to pledge to do away with fossil fuels entirely.",Positive
2016-04-01,Bill Gates is investing $2B to renewable energy technologies,Positive
2021-06-16,"""This is renewable energy, don't be afraid:"" Chris Bowen taunts Coalition in House of Reps",Neutral
2024-02-25,Renewable energy production in Europe,Neutral
2016-05-06,San Diego to run 100 percent on renewable energy by 2035. The city also plans to cut greenhouse gas emissions by 50 percent.,Positive
2024-12-25,Will Trump Cut Short the Biden Clean-Energy Boom? Investors Are Nervous. Trump is expected to roll back policies that have attracted billions of dollars from the private sector to renewable energy and EVs. Market reactions right after the election seemed clear. Clean energy stocks dropped sharply.,Negative
2023-02-21,"Russian President Vladimir Putin unwittingly accelerated the European Union’s green transition with his war in Ukraine, with the 27-nation bloc reducing its dependency on Russian fossil fuels and increasing its renewable energy use over the past year, the EU’s climate czar said Tuesday.",Positive
2018-02-05,Texas Got 18 Percent of Its Energy from Wind and Solar Last Year - For years critics have claimed grid costs and stability will spiral out of control before we hit 20 percent renewable energy. Texas is proving them wrong,Positive
2022-12-19,Renewable Energy in Europe. Progress made between 2011 and 2020.,Neutral
2018-10-31,Australians will soon power their homes with hydrogen in a five-year trial that scientists say could open the door to the widespread use of a new form of renewable energy.,Positive
2019-08-04,I wish the entire world would switch to 100% renewable energy overnight,Positive
2023-07-17,TIL Texas produces the most renewable energy in the US,Positive
2020-06-28,"TIL Nikola Tesla, widely known as the inventor of the AC power system, also installed the first hydroelectric plant at Niagara Falls in 1896. It was around this time that Tesla also disavowed coal and oil in favor of renewable energy sources.",Positive
2019-04-27,India looking at $500 bn investment in renewable energy generation by 2028 - ET EnergyWorld,Positive
2023-08-18,The renewable energy revolution is happening faster than you think,Positive
2019-01-04,"Renewable energy became Germany's dominant source of electricity in 2018, beating coal for the first time in history",Positive
2018-08-23,Whirlpool Turbines Can Provide 24/7 Renewable Energy For Dozens Of Homes,Positive
2022-07-04,Revolutionary new Swiss 'water battery' will be one of Europe's main renewable sources of energy,Positive
2023-04-19,"A cutting-edge prototype of a hydraulic turbine designed for installation on the sea floor, aimed at harnessing the power of ocean currents to generate renewable energy.",Positive
2024-09-20,"The North Atlantic Transmission One Link (Nato-L) wants to connect the European & American electricity grids via a 3,500 km cable to share excess renewable energy.",Neutral
2025-03-17,"The Republicans Pushing Trump to Save Biden’s Clean Energy Tax Credits. Some Republicans are making the case that supporting renewable energy is squarely in line with Trump’s “energy dominance” agenda, despite the president’s rallying against what he calls the “green new scam.”",Neutral
2019-07-25,Why conservatives don't like renewable energy.,Negative
2016-10-23,"Spain aiming for 100 per cent renewable energy: ""Enough wind energy is being generated in Spain to power more than 29 million homes every day, according to one of the country's biggest renewable energy companies.""",Positive
2024-10-15,"India's Renewable Energy Capacity Hits 200 GW Milestone, Accounts For 46.3% Of Total Power",Positive
2021-09-29,"Very soon El Salvador will use geothermal energy from its volcanoes very cheap, 100% clean, 100% renewable"" energy from volcanoes to power there BITCOIN MINING OPERATION ..",Positive
2024-09-13,"Renewable tech leaders sound alarm over Donald Trump threat to US industry. A Trump presidency would decimate the US offshore wind industry, slow the roll out of electric vehicles and imperil the country’s efforts to become a renewable energy superpower that can compete with China. ",Negative
2014-07-28,"Is a fee for solar energy users a 'sun tax' or fair play? ""There is a tremendous urgency to reduce carbon emissions. Distributed solar energy is the main growth area for renewable energy. To strangle it in the crib would be doing a tremendous disservice to the people in Utah and around the country",Neutral
2018-07-02,Germany produces enough renewable energy in the first half of 2018 to power every household in the country for a year.,Positive
2018-04-09,Playground fun or a new form of renewable energy?,Neutral
2018-04-05,Portugal generated 100% of its energy from renewable sources in March,Positive
2024-12-10,Oil giant BP to ‘significantly reduce’ investment in renewable energy for rest of decade,Negative
2021-04-30,"Biden’s new moonshot: An offshore wind industry to rival Europe’s. Having fallen a decade behind in developing the renewable energy, the U.S. is priming itself for a space race-style comeback.",Positive
2014-07-28,Report shows 1 in 3 Texans chooses renewable energy options. That’s 100 percent more than any other state,Positive
2022-08-03,Bitcoin makes renewable energy viable,Positive
2019-08-02,Old Man Yells at Windmills - President Trump renewed his attacks on wind energy and vowed to cure cancer during a rally in Ohio,Negative
2019-05-23,A wind farm in NSW. This is what I do for a living; Constructing wind turbines to harness renewable energy and making this world a better place to live!,Positive
2019-04-22,when Mordor makes the switch to renewable energy,Neutral
2019-09-20,Google to invest record amount in renewable energy: The announcement comes in advance of the Global Climate Strike,Positive
2025-02-04,"Legislation introduced in Springfield would classify nuclear as a 'renewable' energy source, making it qualify for benefits offered to wind and solar",Neutral
2016-04-04,Half of Scotland's energy consumption came from renewables last year | 57.7% of Scottish electricity consumption came from renewables in 2015 - 7.7% ahead of the 50% target.,Positive
2025-01-11,"Scientists Melted 46,000 Year Old Ice — and a Long-Dead Worm Wriggled Out",Neutral
2024-12-07,Ice is melting,Negative
2024-08-27,How Antarctica would look if all the ice melted,Neutral
2024-09-19,"A practically intact arrow has been found on the ground where it landed 1,300 years ago due to melting ice",Neutral
2025-03-24,"bought two tubs of B&J ice cream, they look melted and refrozen",Neutral
2024-12-14,Two melting ice cubes 🧊 ,Neutral
2024-05-18,Continental Maps of the World if All the Ice Melted,Neutral
2024-11-21,🔥Penguins happily swimming in a pool-like pond. Summer is coming in Antarctica and in some places the ice melts creating ponds. 🐧,Positive
2024-01-10,A city made of ice in Harbin that's built annually and will melt away after 3 months,Neutral
2024-08-30,My ice cream melted,Negative
2024-05-16,Map of Europe if all the ice melts,Neutral
2024-08-17,"Behold, Waterfalls of melting Antarctic ice. ",Positive
2025-02-04,Temperatures at north pole 20C above average and beyond ice melting point,Negative
2024-08-27,How Antarctica would look if all the ice melted,Neutral
2024-09-01,26 feet (8 meters). This is the amount of ice that melted from the Swiss Rhone Glacier this year.,Negative
2023-10-29,How Antarctica would look if all the ice melted,Neutral
2024-08-17,"🔥Behold, Waterfalls of melting Antarctic ice",Positive
2023-04-22,Greenland's melt goes into hyper-drive with unprecedented ice loss in modern times,Negative
2024-07-12,Melting Ice Reveals Body of American Mountaineer Missing for 22 Years in the Peruvian Andes,Neutral
2025-01-05,Map of what the world might look like if all the ice melted ,Neutral
2022-08-29,Major sea-level rise caused by melting of Greenland ice cap is ‘now inevitable’,Negative
2024-12-26,[Request] - Total melt of all ice on our planet = xSeaRise?,Neutral
2024-12-03,NASA images show Antarctica getting greener as ice melts,Positive
2025-02-14,"TIL about skunk cabbage - a Canadian plant that is capable of creating temperatures tens of degrees above ambient in order to melt its way through frozen ground! Thanks to this truly Canadian feature, skunk cabbage blooms while there is still snow and ice on the ground.",Positive
2025-02-05,"A guy made a turbine powered blower, mainly to de-ice aircraft wings from frost, but it can be powered up significantly to blow leaves, snow, melt and dry ice.",Neutral
2024-07-16,"Melting ice caps slow Earth's spin, lengthening days at 'unprecedented' rate",Neutral
2024-03-20,Tried making an ice cream bar out of walnut but it melted,Neutral
2024-10-20,"TIL that after hurricane Katrina, due to miscalculation, FEMA had 85M pounds of ice at storage facilites around the U.S and melted it two years later after 12.5 million dollars in storage fees.",Neutral
2021-04-15,"TIL that, in 2014, scientists found a giant 30,000 year old virus in Siberian permafrost. The virus, Pithovirus sibericum, was still infectious and began killing amoebas. This raised concerns that melting or drilling arctic ice could unearth previously undiscovered pathogenic viruses.",Neutral
2022-12-29,My ice bottle melted and took the shape of a fungi,Neutral
2021-08-19,Watching my ice melt into my bourbon.,Neutral
2021-02-14,LPT Do NOT pour hot or even warm water on your windshield to outsmart the storm and melt the frost/ice quickly. It will crack your windshield.,Negative
2020-08-14,"'Canary in the coal mine': Greenland ice has shrunk beyond return, with the ice likely to melt away no matter how quickly the world reduces climate-warming emissions, new research suggests.",Negative
2022-08-24,"A 1,500-year-old arrow was discovered last week in Norway, nestled between rocks. The research team believes it was encased in ice and was then transported downslope when the ice melted [2048x1536]",Neutral
2025-01-07,Antarctica ice melt could cause 100 hidden volcanoes to erupt,Negative
2020-09-24,"Melting Antarctic ice will raise sea level by 2.5 metres – even if Paris climate goals are met, study finds",Negative
2024-10-11,ELI5: Why do microwaves not melt ice cubes?,Neutral
2021-08-01,"I scream, you scream, we all scream for Pelosi to melt like ice cream.",Negative
2023-10-23,"Rapid ice melt in west Antarctica now inevitable, research shows",Negative
2021-09-03,"The extreme cold snap that left millions of people in Texas without power last winter appears to have been made more likely by melting Arctic sea ice thousands of kilometres away, research suggests.",Negative
2019-06-20,TIL Ryan Gosling gained 60 pounds by drinking melted ice cream to play the father in Peter Jackson's 'The Lovely Bones.' He was then told he was too fat to play the part and the role went to Mark Wahlberg.,Neutral
2019-07-19,Trump's NASA Administrator Says There's No Denying The Ice Caps Are Melting,Negative
2019-08-01,Greenland's ice sheet melting so fast it has caused global sea levels to rise 0.5mm in just a month,Negative
2023-05-04,What the ENTIRE World Would Look Like If All The Ice Melted [6376x4840],Negative
2023-04-28,Marjorie Taylor Greene claims the lack of tax raises during ice age proves climate change is a hoax. “You’re going to tell me that back in the ice age – how much taxes did people pay? And how many changes did governments make to melt the ice?”,Negative
2025-03-22,"All Arctic ice could melt by 2027, warn scientists",Negative
2019-11-28,"Boris Johnson to be replaced with melting ice sculpture after dodging climate change TV debate | Boris Johnson and Nigel Farage will be represented in Thursday’s televised debate on climate change by melting ice sculptures, after both leaders decided not to show up",Negative
2021-08-02,"A 'Massive Melting Event' Has Struck Greenland Due to Northern Hemisphere Heatwave.Since Wednesday the ice sheet covering the vast Arctic territory, has melted by around 8 billion metric tons a day, twice its normal average rate during summer.",Negative
2021-03-01,Using Tesla app to melt snow & ice off before leaving the house,Neutral
2019-08-30,"LPT: To prep for a hurricane, fill every food storage container you have with water and freeze it now. If you lose power, transfer these giant 'ice cubes' to the fridge. They will keep it sufficiently cool to preserve food for days and provide a drinkable water source as the ice melts.",Positive
2021-07-31,Greenland: enough ice melted on single day to cover Florida in two inches of water,Negative
2019-04-10,"This is what an Igloo looks like when you build a fire inside. The fire inside melts the inner layer of ice, and the cold outside refreezes it adding a layer of insulation that can keep the igloo at 60° inside while it's -50° outside.",Neutral
2019-08-03,"A roaring glacial melt, under the bridge to Kangerlussiauq, Greenland where it's 22C today and Danish officials say 12 billions tons of ice melted in 24 hours.",Negative
2025-02-04,Temperatures at north pole 20C above average and beyond ice melting point,Negative
2024-02-13,2035: Antarctic ice is melting at an alarming rate. Scientists are making strange discoveries in the melting icecaps…,Negative
2019-09-04,"Alaska’s Sea Ice Completely Melted for First Time in Recorded History: ‘That means there was no sea ice whatsoever within 150 miles of its shores, according to the National Weather Services",Negative
2024-05-24,TIL The US National Solar Observatory requires a swimming pool’s worth of ice to be added each night into its tanks so coolant can be distributed through the observatory. The heat is intense enough to rapidly melt metal at the telescope mirror’s focal point,Neutral
2022-07-26,These ice sculptures were left out in the sun in a busy city to slowly melt over time as a novel and creative way to draw attention to the issue of global warming,Positive
2019-04-09,"Good-bye glaciers: 390 billion tons of snow and ice melts each year as globe warms | ""Over 30 years, suddenly almost all regions started losing mass at the same time,"" said study lead author. ""That's clearly climate change if you look at the global picture.""",Negative
2021-09-23,"Melting of polar ice warping Earth's crust itself beneath, not just sea levels",Negative
2021-06-22,ELI5: How can people have fires inside igloos without them melting through the ice?,Neutral
2024-03-28,"Europe if all the polar ice caps melt. I don't get the big deal, this is an improvement ",Neutral
2021-03-10,"In Holland, Michigan, 168 miles of tubing is coiled beneath concrete streets. Warm water flows through these tubes to melt away ice and snow. It is the largest snowmelt system in the US.",Positive
2022-07-20,The amount of Greenland ice that melted last weekend could cover West Virginia in a foot of water,Negative
2021-08-07,'Massive melting event' sinks billions of tons of Greenland ice amid heat wave,Negative
2025-01-18,Greenland ice sheet could completely melt at global warming of +3.4 C and cause 7 m (23 ft) of sea level rise.,Negative
2024-02-09,"Anyone else have a cat obsessed with watching ice melt? ... Sorry Shadow, I think it's just you 😂",Positive
2025-02-07,"Alaska's ice is melting in front of our eyes, staggering satellite shots show",Negative
2022-08-29,Major sea-level rise caused by melting of Greenland ice cap is ‘now inevitable’ | Sea level,Negative
2018-05-07,"Almost all the ice covering the Bering Sea has melted, throwing Alaska communities into disarray - The region’s ice cover normally persists for at least another month, and this year it has vanished earlier than any other year except 2017.",Negative
2018-02-04,"Polar Bears Really Are Starving Because of Global Warming, Study Shows: New science sheds more light on recent controversy over how much the large carnivores are being impacted by melting sea ice.",Negative
2019-06-29,"This is what an Igloo looks like when you build a fire inside. The fire inside melts the inner layer of ice, and the cold outside refreezes it, adding a layer of insulation that can keep the igloo at 60° inside while it's -50° outside.",Positive
2019-01-30,"For the first time since 2014, the polar vortex is descending on North America. If Arctic ice continues to melt, polar-vortex events could get more frequent. Recent research shows that the frequency of winter polar-vortex events has increased over the past four decades.",Negative
2023-04-09,WCGW playing lacrosse before the ice has fully melted,Negative
2020-05-20,“Are the ice caps melted yet?”,Neutral
2020-04-26,"About 14,650 years ago, sea level jumped 12 meters in just a few centuries. The melting of the Eurasian Ice Sheet, which has largely been overlooked, might explain why",Negative
2019-12-15,This car has windshield wiper heaters to melt the ice and free your wiper blades during winter.,Positive
2025-03-21,"All Arctic ice could melt by 2027, warn scientists",Negative
2020-08-20,"In Mrs. Doubtfire (1993), the scene where Mrs. Sellner comes to inspect Daniel's apartment and the icing on Mrs. Doubtfire’s face is melting off was not intentional. The heat from the set lights melted the icing on his face and Robin Williams improvised the bulk of that scene.",Neutral
2019-08-06,"Alaska's sea ice has completely melted away - after an Arctic summer with well above-average temperatures, warmer seas, and a historic July heat wave",Negative
2023-06-14,Ice melting in oil.,Neutral
2019-06-29,"This is what an Igloo looks like when you build a fire inside. The fire inside melts the inner layer of ice, and the cold outside refreezes it, adding a layer of insulation that can keep the igloo at 60° inside while it's -50° outside.",Positive
2024-05-18,Europe if all the ice melts.,Neutral
2017-07-24,"Scientists are ""very worried"" that the melting of the Greenland ice sheet could accelerate and raise sea levels more than expected.",Negative
2023-03-12,"Chapel entirely made out of ice, melted and rebuilt yearly",Positive
2024-06-07,Looking for a mountain lair while your giant laser melts the ice caps? Perfect place to stroke a cat and enjoy the view,Neutral
2017-02-10,"LPT: Don't walk your dog on roads and walks where rock salt is used to melt snow and ice, it will cut up the pads on your dogs paws",Neutral
2019-02-12,"Rocks on the lake Baikal get heated from the sunlight every now and then and melt the ice beneath. After the sun is gone, the ice turns solid again thus creating a small stand for the rock above. It is called the Baikal Dzen.",Neutral
2020-11-29,"An extraordinary number of arrows dating from the Stone Age to the medieval period have melted out of a single ice patch in Norway in recent years because of climate change. The finds represent a “treasure trove”, as it is very unusual to recover so many artefacts from melting ice at one location.",Neutral
2019-01-23,ELI5: If the Great Lakes were formed by melted glaciers from the Ice Age then how did they develop a fish population?,Neutral
2024-02-29,TIL that ice doesn’t melt effectively in a microwave.  The water molecules are held strongly to each other and do not vibrate enough to generate heat.  Throwing in ice cubes with your food will produce steam which in turn will produce more evenly cooked food.,Neutral
2018-11-18,Ice melting on the handrail and sliding off.,Neutral
2017-12-18,"A new NASA sea level simulator lets you bury Alaska's Columbia glacier in snow, and, year by year, watch how it responds. Or you can melt the Greenland and Antarctic ice sheets and trace rising seas as they inundate the Florida coast.",Negative
2023-04-20,Accelerating melt of ice sheets now 'unmistakable',Negative
2022-01-07,"Little penguin jumps melting ice just in time, reunites with family.",Positive
2022-04-28,"My mom thought I was depressed so she cut me some cake and melt the icing in the microwave (still delicious) . Ice cream as a bonus, I love her",Positive
2018-12-25,Greenland ice melting 'even in winter' | The research has been carried out at the Scottish Association for Marine Science who found massive warm waves are melting the ice from below,Negative
2022-02-09,Ice cream melts!?!?!,Neutral
2024-10-15,And spain is the ice cream that was left to melt,Neutral
2023-04-16,Tourists ignore warning signs and proceed to walk on rapidly melting ice sheets,Negative
2024-06-28,Map of the British Isles if all polar ice caps melted!,Neutral
2019-01-31,"Slipped on ice on the front porch, so I threw some salt down to melt it. The next morning I slipped on frozen moose spit.",Neutral
2019-02-15,I lost my keys at the beginning of the big Seattle snowstorm 2 weeks ago. The snow and ice is finally melting.,Neutral
2019-08-03,Ice melting underneath a layer of ice that's surrounding a tree,Neutral
2020-10-19,Ice melting off a handrail,Neutral
2020-09-01,"Ice Sheet Melting Is Perfectly in Line With Our Worst-Case Scenario, Scientists Warn | Mass loss from 2007 to 2017 due to melt-water and crumbling ice aligned almost perfectly with the IPCC's most extreme forecasts; ""We need to come up with a new worst-case scenario for the ice sheets.""",Negative
2021-03-04,"Scientists fear melting ice is causing the Gulf Stream to disappear, causing Europe to be much colder and drier",Negative
2024-03-27,Polar ice is melting and changing Earth’s rotation. It’s messing with time itself,Negative
2020-12-06,It really took me this long to realize the igloo furnace intentionally melts the ice to reveal the trapdoor,Neutral
2020-10-16,You want me to pour Cold water to melt the ice?,Neutral
2020-12-02,Sled dogs mushing though the melted ice at Inglefield Fjord in Northwest Greenland.,Negative
2021-09-17,Map of Los Angeles if all the ice melts (updated),Neutral
2025-01-29,This post is to inform you that there is a melting “Sonic the Hedgehog” ice sculpture under the Southport Brown Line station,Neutral
2024-02-14,Tried to put icing on a cake in the Australian summer only to have it melt completely shortly after putting it on.,Neutral
2021-08-16,"This is what an igloo looks like when you build a fire inside. The fire inside melts the inner layer of ice and the cold outside refreezes it, adding a layer of insulation that can warm the igloo up to 60°F on the inside while it's -50°F outside.",Positive
2016-10-06,LPT: Evacuating and worried if your freezer kept your food safe? Put an ice cube in a ziploc bag and keep it in the freezer. If the ice melts and refreezes it will be misshapen indicating a thawing.,Neutral
2019-02-16,Ice melting underneath a layer of ice surrounding a tree,Neutral
2022-07-10,Eli5 “Why does salt make ice colder but we use it to melt ice on sidewalks?”,Neutral
2020-07-29,How North America would look if all the ice melted,Neutral
2022-08-29,ice makers failed to store ice (picture after 2 days of melting),Neutral
2025-01-07,Antarctica ice melt could cause 100 hidden volcanoes to erupt,Negative
2021-12-08,Melting an ice cube on the stove,Neutral
2022-07-04,I'm 39 today. Was 400lbs+ a year and a half ago. Used to look like melted ice cream. Today I am 214lbs. Lost 185lbs. I weigh what I weighed when I was 17 and a senior in high school. 🤙,Positive
2019-06-18,"Snow dogs in Greenland are running on melted ice, where a vast expanse of frozen whiteness used to be every year - until now.",Negative
2024-08-19,Does anybody know why Kaufland's ice cream does not melt?,Neutral
2024-11-20,Vital Atlantic Ocean current is already weakening due to melting ice,Negative
2023-06-14,Ice melting in oil.,Neutral
2014-07-28,Walmart Ice Cream Sandwich's Don't Melt!,Neutral
2021-07-29,The amount of Greenland ice that melted on Tuesday could cover Florida in 2 inches of water,Neutral
2020-01-20,Rock on a frozen lake gets hot from the sun and melts the ice around it.,Neutral
2019-06-17,"Greenland ice melt reporting has me worried, what are ramifications of this year's melt?",Negative
2018-07-30,"TIL about popsicles that don’t melt. After the 2011 tsunami, scientists helping strawberry farmers in Japan salvage damaged crops accidentally discovered that liquid polyphenol extracted from the berries caused cream to solidify. This lead to Kanazawa Ice pops, which can stay frozen up to an hour.",Positive
2019-08-05,"Greenland's ice wasn't supposed to melt like last week until 2070: 'Across lower elevations around the margins of the ice sheet, bare glacial ice melted at an unprecedented rate, losing 12.5 billion tons of water on Thursday alone'",Negative
2025-02-15,"I make ice cream at home. I decided to try adding common ice cream stabilizers: cellulose, guar gum and lambda carrageenan. I accidentally put the frozen ice cream in the refrigerator overnight, and it did not melt at all. I am holding it upside down. It is so soft and very easily scoopable.",Positive
2018-01-01,"In Antarctica, a fleet of seven drones will embark on a year-long mission under the ice. If they survive, the data they collect could drastically improve predictions of future ice melting and sea level rises.",Positive
2023-01-11,"If all the ice were to melt and the Arctic Ocean was an open ocean, what countries would stand to gain the most, and what issues would exist in creating building cities, ports and trade routes?",Neutral
2021-04-28,"Mountain lion and prey fell through the ice, preserved until the Spring melt (Colorado)",Neutral
2021-09-17,Map of London if all the ice melts,Neutral
2020-05-02,Satellites Reveal Clearest Picture Of Ice-Melting In Antarctica: Polar Ice Sheets Losing Billions Of Tonnes Of Ice Every Year.,Negative
2016-08-24,Elephant seals have helped scientists to demonstrate that fresh water from Antarctic's melting ice shelves slows the processes responsible for the formation of deep-water ocean currents that regulate global temperatures.,Positive
2017-03-27,"This seal woke up from a nap. It's warm body has melted the ice it was sleeping on, wetting down on one side into this unique stylish look.",Positive
2017-04-16,"22,000 years of history evaporates after freezer failure melts Arctic ice cores",Negative
2022-06-01,When the magic shell topping isn’t melted enough it looks like someone shit in my ice cream,Neutral
2021-09-02,It's gonna be hard explaining Santa to kids if the Arctic ice melts,Neutral
2021-04-09,"Can we dig channels to dried lakes, like Ahnet or Chad, so that when ice melts water will fill them up and prevent flooding of the coastlines?",Neutral
2020-12-04,"Ryan Gosling gained 60 pounds by drinking melted ice-cream to play the father in Peter Jackson's The Lovely Bones, he was then told he was too fat too play the part and the role went to Mark Wahlberg.",Neutral
2022-06-24,Map of Europe if all the ice melts.,Neutral
2024-05-21,It wasn’t until 23 that I noticed you could melt peanut butter and drizzle it on ice cream… my life has changed,Positive
2015-04-04,What the Earth would look like if all the ice melted,Neutral
2022-09-21,Map of Europe after the the great flood ( An event where most of ice caps melted from 2060 to 2090 because of global warming and raised sea level to 300m),Neutral
2025-01-21,in desperate need of an ice melting hack,Neutral
2015-02-27,"The big melt: Antarctica's retreating ice may re-shape Earth. Over at NASA, ice scientist Eric Rignot said the melting ""is going way faster than anyone had thought. It's kind of a red flag.""",Negative
2024-07-16,"Polar ice melting makes Earth heavier to rotate, causing longer days | A new study reveals that Earth’s spin axis is “shifting” due to climate change and the planet’s internal dynamics.",Negative
2017-02-06,Greenland Ice Sheet Melting 600 Percent Faster Than Predicted by Current Models,Negative
2024-12-26,"Melted ice-cream is the best way to eat ice cream, fight me",Positive
2024-03-19,"Incorporating a phase-change material into concrete, researchers have created a self-heating material that can melt snow and ice for up to 10 hours without using salt or shovels.",Positive
2023-08-31,"The Seattle islands, if the ice caps melt and sea levels rise 215 feet",Neutral
2024-08-28,"The easier it became to make ice, the faster the polar ice caps started to melt.",Negative
2023-01-20,What Europe would look like if all the ice melted,Neutral
2023-06-18,"TIL: Glaciers and Volcanism have an inverse relationship. Throughout the volcanic record, eruptions dropped significantly as the planet cooled and ice expanded. Inversely, as our glaciers melt and erode the land beneath them, humans should expect to see more volcanic activity across the planet.",Negative
2024-03-27,"Melting polar ice is slowing the Earth’s rotation, with possible consequences for timekeeping",Negative
2024-12-03,Ding is so happy with his ice cream my heart melt,Positive
2024-02-29,"LPT: Keep one ice cube in a ziplock bag in your freezer. If the power is out for long enough that your ice cube melts and refreezes in a different shape, some of your food may have gone bad.",Neutral
2022-01-21,Glad to see epic listened to the community... The ice will not melt anymore!(via @HYPEX),Positive
2019-10-07,These idiots still believe that ice is not melting,Negative
2023-10-10,"Very rare ‘Bronze Age’ arrow with quartzite tip uncovered from melting ice after 3,000 years.",Positive
2019-02-16,Ice melting underneath a layer of ice surrounding a tree,Neutral
2017-06-21,"If all the polar ice caps melted, would the ocean become less salty?",Neutral
2024-03-09,"Pretty basic, but put your ice cream pint in a coffee mug to prevent your hands from getting cold and keep it from melting faster",Positive
2020-03-03,🔥 Ice melting underneath another layer of ice surrounding a tree 🔥,Neutral
2020-09-19,Arctic sea ice is being increasingly melted from below by warming Atlantic water,Negative
2024-12-16,Does Cocytus sweat or he starts melting like an Ice-Cream? ,Neutral
2015-05-31,What would Earth look like if all the ice melted?,Neutral
2023-08-08,"Nat Geo - What the World Would Look Like if All the Ice Melted. London is gone, worth?",Neutral
2025-02-12,Luka once melting an ice,Neutral
2020-10-28,"Antarctic Ice Sheet is primed to pass irreversible climate thresholds for melting, researchers say",Negative
2021-11-21,"The melting of the Antarctic Ice Sheet may have already passed a point of no return, a new study has found, and scientists say it could contribute to sea level rise over coming centuries and possibly millennia.",Negative
2025-01-11,"Scientists Melted 46,000 Year Old Ice — and a Long-Dead Worm Wriggled Out",Positive
2023-10-13,Flood risk warning for up to 1.5 million homes as melting Arctic ice set to trigger rising seas,Negative
2021-12-18,"Does r/HydroHomies support global warming due to the melting of ice caps, which then results in more water?",Neutral
2021-09-16,Map of Vancouver if all the ice melts,Neutral
2016-11-22,"80,000 Reindeer Have Starved To Death In Siberia Because Of Melting Sea Ice: Add them to the growing list of animals directly threatened by climate change.",Negative
2024-11-25,"The first ""meal"" I consumed after jaw surgery - a family sized tub of melted ice cream ",Positive
2019-02-07,Atlantis Confirmed. Science has confirmed that there was a major influx of water from melting ice sheets at exactly the time Plato said that Atlantis sunk into the sea,Neutral
2023-02-17,"Keeping drivers safe with a road that can melt snow, ice on its own: researchers have filled microcapsules with a chloride-free salt mixture that’s added into asphalt before roads are paved, providing long-term snow melting capabilities in a real-world test",Positive
2024-10-01,Melting Faster Than Ever: Greenland Loses 610 Gigatons of Ice in One Summer,Negative
2019-04-04,Ice melting off a handrail,Neutral
2020-02-24,Ice pods gather during a mid winter melt. Lake Superior (Michigan) [OC] [2436 x 1125],Neutral
2021-03-07,It looks like there’s a polar bear melting in my ice cream.,Neutral
2024-02-29,This made my heart melt like an ice cream cone,Positive
2023-04-03,The ice block in the work fridge partially melted to reveal girl scout cookies.,Neutral
2025-01-11,"Scientists Melted 46,000 Year Old Ice — and a Long-Dead Worm Wriggled Out",Positive
2018-03-03,The 5 Ice Age movies are in reverse order. In 5 theres a BIG BANG. In 4 the Continents take shape. In 3 dinosaurs appear. In 2 there is a melt down. In the first one humans appear.,Neutral
2018-10-29,WARNING: This is what happens when you put your dog in a hot car: they melt like soft velvety ice cream.,Negative
2018-11-15,This ice melting off a stop sign this morning,Neutral
2017-03-31,"Melting of the glaciers and ice caps that dot the edges of the Greenland coast has passed a tipping point, and researchers believe the lost ice can not be regrown.",Negative
2025-01-09,Nigga said her ice melted 😭 ,Negative
2024-07-25,"Oregon HC Dan Lanning defends NIL program amid barbs: ""Do we have a lot more than everybody else? That'd be an exaggeration or we'd never lose. Everyone else right now is focused on our ice cream cone, and if I'm busy looking at theirs, that means mine's melting.""",Neutral
2022-03-07,Why is the ice block not melting? I want my Korok seed!,Neutral
2024-11-04,🔥When snow meets melted ice from Alaska's glaciers.,Neutral
2023-02-16,"Underwater footage reveals rapid melting along cracks and crevasses in the ice base of Thwaites Glacier, Antarctica",Negative
2025-01-11,Melting the Ice-cold Girl (AYA-cis @ginmei1919) (Miyako),Neutral
2017-03-15,TIL soft serve ice cream became popular after Tom Carvel's ice cream truck got a flat tire. He started serving the melting ice cream to vacationers. Two years later he opened his first soft serve ice cream shop at the same site where his truck broke down.,Positive
2023-03-15,When she’s being crazy I put an ice cube in a glass bowl and she’ll watch it until it melts.,Neutral
2019-08-17,Greenland's ice is melting at the rate scientists thought would be our worst-case scenario in 2070,Negative
2024-10-07,Science Confirmed That There Was A Major Influx Of Water From Melting Ice Sheets At Exactly The Time Plato Said That Atlantis Sank Into The Sea: Plato's story of an ancient utopian civilization sinking under the seas is strongly supported by recent scientific discoveries.,Positive
2022-01-10,Imagine this is just conveniently shaped blocks of ice so when it melts nothing will be there,Neutral
2022-08-29,[REQUEST] How much ice needs to melt to raise global sea level by 10 inches?,Neutral
2018-03-23,My cat love to lick ice so we made him an ice holder out of an old hanger. Bonus: ice melts off in his water bowl,Positive
2019-08-29,Climate change melts 12.5bn tons of ice in Greenland 50 years earlier than predicted,Negative
2021-08-11,"Harvested corn field that flooded, froze, then partially melted leaving a suspended layer of ice. Forbidden punji sticks!",Neutral
2020-02-05,the chocolate sauce melting inside of the ice cube,Neutral
2019-07-20,The ice was never supposed to melt...,Negative
2025-02-11,"+2.7°C expected from current emission pledges would dramatically reshape the Arctic by 2100. Sea-ice-free Arctic summers, accelerated melting of the Greenland Ice Sheet, widespread permafrost loss.",Negative
2025-01-20,"“If the corners of your new rug won’t stay down, try putting a handful of ice cubes on each corner - they’ll magically become flat as the ice melts!” the YouTuber explained.",Neutral
2024-12-05,Antarctica If All the Ice Melted and Sea Level Rose by 70m,Neutral
2021-01-22,Map depicting what LA would look like if all the ice caps melted,Neutral
2023-06-18,Ice melting in oil.,Neutral
2023-11-10,"1,000 year-old copper (99.5% pure) arrowhead attached to a piece of barbed bone. It was found in a melting patch of ice near Carcross in Yukon, northwestern Canada. It is one of the earliest examples of copper metallurgy ever found in the Yukon, well before any contact with Europeans. [3264 x 2448]",Positive
2020-07-20,"Indian newspapers from 1966 have surfaced in the French Alps, under the ice of a melting Mont Blanc glacier | They are believed to be from an Air India plane that crashed on 24 January, 1966, killing all 117 people on board.",Neutral
2019-08-27,[BoTW] This korok burst into flames when the ice it was hiding in melted. Pretty much sums up how I feel towards Koroks at this point in the game.,Neutral
2025-01-17,Greenland’s melting ice is clearing the way for a mineral ‘gold rush’,Positive
2021-12-22,SLPT: In a rush and don’t have time to scrape all that ice off your windshield? Just throw a pot of boiling water on it to quickly melt the ice and be on your way!,Negative
2014-11-22,"Creek in my neighborhood froze. Leaves fell on the ice and melted through, leaving star-shaped holes. Then all the ice sank.",Neutral
2017-10-29,ULPT: Have a failing but not yet broken garbage disposal that landlords will not fix yet. Shove it full of ice and run it until it the motor burns out. The ice will be melted by the time maintenance comes by to fix it and it will look like it just failed.,Negative
2021-04-20,My wife melted crayons in a silicone ice mold shaped like dinosaurs.,Positive
2017-12-31,From my local news... effectiveness of salt for melting ice at various temperatures.,Neutral
2020-03-11,Polar ice caps melting six times faster than in 1990s,Negative
2021-08-10,"TIL that the North America — and the USA in particular, has the world's most extreme weather, averaging more than 10,000 severe thunderstorm events per year, with more than 1,000 tornadoes.",Neutral
2018-03-23,"New data show that extreme weather events have become more frequent over the past 36 years, with a significant uptick in floods and other hydrological events compared even with five years ago",Neutral
2021-12-15,'This is not normal': Extreme weather events stun CNN meteorologist - CNN Video,Neutral
2024-11-07,"TIL that In 1816, after the eruption of Mount Tambora in Indonesia, Earth experienced the “Year Without a Summer.” Global temperatures dropped, leading to food shortages, crop failures, and extreme weather events",Negative
2024-06-14,US adults are more confident in attributing wildfire and extreme heat to climate change than other extreme weather events. Republicans were less likely than Democrats to link extreme weather to climate change but those who experienced negative impacts from such events were more likely to link them.,Negative
2024-09-16,"Extreme Weather to Hit 70% of Humans in Next 20 Years, Study Warns",Negative
2022-06-21,"78% of adults in US report being affected by severe weather caused by climate change: The findings are alarming because not only do they show that climate change is already here, but the experiences people have as a result of an increased frequency of extreme weather events",Negative
2023-08-09,"GM Will Add Backup Power Function to Its Electric Vehicles. As extreme weather events lead to more power outages, the carmaker said it would equip all its electric vehicles to act as sources of emergency power.",Positive
2022-06-14,"Extreme weather and climate events likely to drive increase in gender-based violence, not because themselves cause gender-based violence, but rather they exacerbate the drivers of violence or create environments that enable this type of behaviour",Negative
2021-04-15,"At first, I thought it was a tornado! How cool would it be if there were weather events in RDO? We get storms, but imagine if you HAD to cear the area because something was coming to kill you and your horse. Shoot too much or fire explosives in the snow covered mountains and get an avalanche? I wish",Neutral
2021-02-16,"Blackouts In Texas And California Teach A Hard Lesson: Climate Change Is Costly ""As climate change worsens extreme weather events, we should expect more of these failures. Aging infrastructure built around 20th century weather patterns will be continually tested by the more extreme weather""",Negative
2022-12-21,"The Jacksonville Jaguars @ New York Jets matchup will feature an extreme weather event with heavy rains and 20mph sustained winds, with gusts in the 30-40mph range.",Neutral
2023-10-16,Epic has ended Extreme Weather Work From Home,Positive
2025-03-10,"One more extreme weather event bro, trust me bro",Neutral
2018-02-26,'Really extreme' global weather event leaves scientists aghast,Negative
2024-07-24,Can a colossal extreme weather event galvanize action on the climate crisis?,Neutral
2024-08-24,How much does the risk of extreme weather affect your day to day life?,Neutral
2024-07-24,Can a colossal extreme weather event galvanize action on the climate crisis?,Neutral
2019-01-22,"Extreme weather — not politicians — convinces Americans that climate change is real. Research found that nearly half of Americans said today's climate science ""is more convincing than five years ago, with extreme weather driving their views.""",Positive
2024-10-30,No City is Actually Safe From Extreme Weather Events and Natural Disasters,Negative
2023-08-04,Antarctica’s sea ice levels are plummeting as extreme weather events happen faster than scientists predicted.,Negative
2025-02-25,"Just 29% of unionist voters believe climate change is partly responsible for extreme weather, poll reveals",Negative
2023-06-30,Ireland records hottest ever June with warnings of more extreme weather events to come,Positive
2024-09-06,Anyone else think the GTA 6 trailer might hint at hurricanes or extreme weather events?,Neutral
2025-01-08,"Scientific basis linking climate change to ""more extreme weather""",Neutral
2015-09-21,"The projected upsurge of severe El Niño and La Niña events will cause an increase in storm events leading to extreme coastal flooding and erosion in populated regions across the Pacific Ocean, according to a multi-agency study published today in Nature Geoscience.",Negative
2021-09-17,"1996's Twister is dated in many ways, but none more so than this scene where patrons of an apparently revived drive-in movie industry are invested in the story of a man going crazy while in quarantine, all while extreme weather events ravage everything around them. Audiences today would never relate",Neutral
2023-07-15,"Europe and US heat matches climatologists’ worst predictions. “Extreme weather events, which are occurring with increasing frequency in our warming climate, have significant impacts on human health, ecosystems, economies, agriculture, and energy and water supplies,”",Negative
2020-03-20,Stanford researcher reveals influence of global warming on extreme weather events has been frequently underestimated. Analysis shows global warming is intensifying the occurrence of unprecedented hot spells and downpours faster than predicted by historical trends,Negative
2021-09-06,"Expert: NYC infrastructure was built for climate that no longer exists, vulnerable to catastrophic weather events - ABC7 New York",Negative
2024-08-16,"Over 1,000 survivors of extreme weather events on Thursday demanded a federal investigation into Big Oil's role in perpetuating the climate crisis, adding to pressure on the Biden administration to hold fossil fuel companies accountable for spreading disinformation",Negative
2023-01-10,"Amid concern about extreme weather events, most want U.S. Congress to fight climate change",Positive
2024-10-09,Diddy is a distraction,Negative
2024-10-08,"With Hurricane Helene and Hurricane Milton in people’s minds, FFRF warns Project 2025 would defund and dismantle NOAA severely weakening the nation’s ability to predict, prepare for and respond to extreme weather events. ",Negative
2025-03-22,This information is false. None of these people exist.,Negative
2024-10-08,Every day car for when you are afraid of extreme weather,Neutral
2023-10-11,What the IPCC really says about extreme weather events. Humans have either increased the frequency and or the intensity of extreme weather events.,Neutral
2021-12-14,"⚠️WARNING: Rare & extreme wind event appears likely on Wednesday with gusts up to 100 MPH in Boulder, plus maybe a brief morning snow squall",Negative
2021-07-04,"'We are living it already': Climate change behind extreme weather events in Canada, experts say",Positive
2025-01-15,"LA burns: What you need to know — Climate change is turbocharging the wildfire like it turbocharges heat waves and hurricanes — Climate change does not “cause” extreme events, but it can amplify them — Climate change affects every weather event by altering the baseline conditions in which they occur",Neutral
2023-08-09,"Withh constant news of extreme heat and destructive weather events, what will it take for conservatives to accept that climate change is a real threat?",Negative
2021-10-18,Blue Ocean Event: Catastrophe At It's Most Extreme,Negative
2021-09-09,"Nearly half of U.S. electricity could come from solar by 2050, Biden administration says 'Recent extreme weather events in the U.S. have called further attention to serious weaknesses in the U.S. power grid and electricity generating infrastructure' 'The nation and the world are in peril'",Positive
2024-05-16,"Canada’s extreme weather events are costing billions, new data shows",Negative
2021-07-17,"Inflation Alert! Union Pacific extreme weather events interrupting service from the West Coast. AS we have previously covered, shipment volumes were already hindered by supply-chain constraints, here is a new wrinkle on that.",Negative
2023-10-24,"Multinational corporations urge political leaders to reach agreement on climate action during upcoming COP28. ""Our businesses are feeling the impacts and cost of increasing extreme weather events resulting from climate change,""",Positive
2023-01-03,‘Extreme event’: warm January weather breaks records across Europe,Neutral
2025-03-04,"So Long, Spring and Autumn: Japan Losing its Four Seasons to Climate Change. Extreme weather events are occurring with greater frequency and intensity",Negative
2024-01-17,Four out of 10 CEOs ready to sacrifice profits to put climate action first. A third of the respondents said the climate crisis was expected to shift how they do things over the next three years as extreme weather events unleash increasing destruction worldwide,Positive
2025-03-01,Sugarbush snow report,Neutral
2023-12-25,"Around 200 migratory bird species across the world – including swifts and eagles – are impacted by cyclones and droughts, and with these extreme weather events only set to worsen under a warming planet, the future of these species is at risk",Negative
2024-05-11,G5 Conditions Observed,Neutral
2022-10-18,Amount of ocean heat found to be accelerating and fuelling extreme weather events,Negative
2023-10-10,Increased demand for water due to global population growth and increasing frequency of extreme weather events are threatening the water security for our planet.,Negative
2024-11-07,"AskScience AMA Series: We are Climate Scientists Unraveling Water Challenges in the Western US. Ask us anything about atmospheric rivers, extreme weather, and the future of water storage amidst record droughts and floods. Ask us anything!",Neutral
2023-08-04,Antarctica’s heatwaves are a warning to humanity – and we have only a narrow window to save the planet | Antarctica’s sea ice levels are plummeting as extreme weather events happen faster than scientists predicted,Negative
2023-12-07,"2023 shatters climate records, with major impacts — Global temperatures — Greenhouse gases — Sea surface temperatures — Ocean heat content — Sea level rise — Cryosphere — Extreme weather and climate events — Socio-economic impacts — Renewable energy capacity and use is booming — [WMO video]",Positive
2025-02-17,What should I be doing right now as a US citizen?,Neutral
2024-08-20,AskScience AMA Series: I am an atmospheric scientist at the University of Maryland. My research focuses on Earth system predictability using tools like data science and machine learning. Ask me all your questions about how we use machine learning to understand climate and weather extremes!,Neutral
2024-06-07,I didn't realize how much I missed extreme weather events like lightning and tornadoes until they were back.,Neutral
2023-08-05,"Climate researchers said they expected global warming to increase the frequency of multi-year La Nina events, suggesting that weather extremes like those that have occurred since 2020 will occur more frequently.",Negative
2025-03-09,"Argentina's port city of Bahia Blanca has been ""destroyed"" after being pummeled by a year's worth of rain in a matter of hours. For environment official Andrea Dufourg, the extreme weather event ""is a clear example of climate change.""",Negative
2024-10-09,"President Biden ""we're going to increase the number and intensity of the extreme weather events""",Negative
2022-11-22,Australia faces worsening extreme weather events latest BoM and CSIRO climate report finds | Australia weather,Negative
2024-07-18,"Heatwave dries up lake in Serbia, triggers fires in Balkan 'extreme weather event'. In other parts of Europe, Italy is also expected to face blistering heat, with temperatures reaching 45°C ( 113 F ) Searing temperatures have also impacted countries like Greece, France, Spain, Poland, and Ukraine.",Negative
2019-09-14,"Climate Change: 7 Million People Displaced by Extreme Weather in First Half of 2019 -- Internal Displacement Monitoring Centre warns in its midyear report, “In today’s changing climate, mass displacement triggered by extreme weather events is becoming the norm.”",Negative
2023-12-22,"Conspiracy theorists and right-wing Christian media figures spread misinformation about extreme weather events, often suggesting they were planned or indicative of a religious event.",Negative
2025-03-01,Sugarbush mountain report 3/1,Neutral
2021-07-27,"RTÉ managing director: “We were wrong not to make clear connection between recent extreme weather events & climate change. Sin of omission & reported in good faith. But truth matters. So when we get it wrong, we should say so. Lesson learned. Work to do.”",Positive
2021-06-05,Compilation of no Archie/no Maxie teams used to beat the Extreme Battle Event,Neutral
2021-12-13,I worked in the energy market for almost a decade and have NEVER seen this happen before.,Neutral
2023-08-09,"GM Will Add Backup Power Function to Its Electric Vehicles. As extreme weather events lead to more power outages, the carmaker will equip all its electric vehicles to act as sources of emergency power. By the 2026 model year, all GM electric vehicles will have vehicle-to-home (V2H) technology.",Positive
2024-12-15,Leaders in the West lambaste insurance industry over rising costs for homeowners: Colorado Gov. Jared Polis said he supports measures to make the industry more transparent about how it assesses homeowners’ risk amid increasingly extreme weather events ,Negative
2025-02-17,"Remember the Ice Storm for the Ages? The Piedmont is sometimes called the ice storm capital of the south, but few events can match the extreme ice storm on December 4-5, 2002. Accuweather and the Euro model still has a repeat in their forecast.",Neutral
2021-02-24,Scientists begin building highly accurate digital twin of our planet. A digital twin of our planet is to simulate the Earth system in future. It is intended to support policy-​makers in taking appropriate measures to better prepare for extreme events.,Neutral
2023-01-11,"No debate anymore: Climate change makes extreme weather worse, federal scientists say. ""As we look back on the 20th anniversary of this field, one of the things that has become abundantly clear is that the discussion over whether climate change impacts extreme events is over,""",Positive
2025-02-09,"A new study finds that extreme weather events (floods, storms, and wildfires) could significantly amplify financial losses due to firms' debt burdens.",Negative
2024-10-12,"Rising disaster costs leave U.S. confronting fiscal risks of climate change. As storms, droughts, wildfires and other extreme weather events strike with greater frequency and intensity, repairing and rebuilding has grown more costly, too.",Negative
2018-10-09,ELI5: Why do climate scientists predict a change of just 1.5 or 2° Celsius means disaster for the world? How can such a small temperature shift make such a big impact?,Neutral
2022-10-09,"US hurricane rebuilding rules must adapt to 'era of climate change': After an extreme weather event, such as Hurricane Ian which devastated parts of Florida last month, most Americans choose to rebuild rather than move to less hazardous areas",Negative
2025-03-01,Climate change and extreme weather events are real,Positive
2024-10-11,"What’s the purpose of people still moving to flood/weather disaster prone places like south Florida or New Orleans, even though extreme weather events are only getting worse? ",Negative
2024-12-28,"Extreme weather events in 2024 will ultimately cost Americans more than $500 billion in total damage. The Northeast experienced a historic period of dry weather and drought, leading to wildfires in New York City and New Jersey",Negative
2024-11-13,"Climate change is increasing the frequency of some types of extremes that lead to billion-dollar disasters in the United States — In 2024 (as of Nov 1), 24 weather/climate disaster events have been confirmed with losses exceeding $1 billion each affecting the US, overall resulting in 418 deaths",Negative
2025-03-09,Cascading Extreme Weather Events Unleash Billions in Damages Globally,Negative
2025-01-10,"More than 600 studies covering 735 extreme weather events and trends, including wildfires and other events in the US, 90 other countries and 13 global regions, found that, overall, human-caused climate change influenced 83% of the events and trends [interactive map, findings by country and region]",Negative
2024-12-27,"NY Gov Signs Law That Penalizes Companies for Greenhouse Gas Emissions — The measure will seek to raise funds to pay for some of the damage caused by extreme weather events, which are becoming more frequent because of the combustion of fossil fuels.",Positive
2024-05-15,"Canada’s extreme weather events are costing billions, new data shows  | Globalnews.ca",Negative
2025-02-14,"In 2024, India experienced extreme weather events on 322 out of 366 days, surpassing the 318 days in 2023 and 314 days in 2022",Negative
2025-01-10,We must densify,Neutral
2022-10-19,Amount of ocean heat found to be accelerating and fuelling extreme weather events | Environment,Negative
2024-12-30,"Extreme cold is forecast for Jan 7th through much of the US, prepare accordingly.  ",Neutral
2024-01-13,Visiting during extreme weather event,Neutral
2025-03-16,"Greece experiences weather 'rollercoaster', with weekend temperatures spiking to a record high for March just ahead of a forecast bout of snow and frost. Greece has become a climate-change hotspot, with 2024 bringing unprecedented temperatures and extreme weather events.",Negative
2025-03-01,🤲 Counting Our Blessings: How the Maldives Avoids Extreme Weather,Positive
2025-01-11,Extreme weather events are disrupting the food industry.,Negative
2025-01-17,How does extreme weather impact Canada’s energy output? / Quelles sont les répercussions des conditions météorologiques extrêmes sur la production énergétique du Canada?,Negative
2023-10-01,$143 Billion per year Global Economic Damage caused by Climate Change extreme weather events. Frequently cited models may be substantial underestimates.,Negative
2024-01-12,Democrats control the weather to rig elections !,Negative
2022-08-19,"This video is showing what happens to a rooftop in unusually extreme winds in a place that doesn’t normally experience them, and that wasn’t built to withstand it. Unusual weather events are becoming less and less unusual due to the ongoing political failure to prevent climate destabilization.",Negative
2025-01-22,Status Red Wind Warning Issued,Neutral
2024-12-26,"NY Governor Hochul Signs Law That Penalizes Companies for Greenhouse Gas Emissions | The measure will seek to raise funds to pay for some of the damage caused by extreme weather events, which are becoming more frequent because of the combustion of fossil fuels.",Positive
2025-03-13,Extreme Weather/Natural Disaster Events,Neutral
2025-01-11,How climate change impacts extreme weather events like California wildfires,Neutral
2024-10-28,"Climate change is increasing the frequency of some types of extremes that lead to billion-dollar disasters — In 2024, through October, cost of U.S. billion-dollar weather and climate disaster events exceeds $61 billion excluding Hurricanes Helene and Milton, which may add $100B or more to 2024 total",Negative
2024-07-23,"25 Years Ago Today, Woodstock '99 Officially Began",Neutral
2024-10-13,"Rising disaster costs leave U.S. confronting fiscal risks of climate change • As storms, droughts, wildfires and other extreme weather events strike with greater frequency and intensity, repairing and rebuilding has grown more costly, too.",Negative
2024-10-13,"A sting jet was mentioned with the recent most impactful weather event—hurricane #Milton in Florida. What exactly is the sting jet, and how does it form? We have prepared an in-depth discussion about this extreme weather phenomenon.",Neutral
2024-09-26,Would Devs use weather events against winning party?,Neutral
2025-03-31,Claim: Rising sea levels and extreme weather events threaten tourism destinations and disrupt travel.,Negative
2025-03-31,Claim: Rising global temperatures cause more frequent and intense extreme weather events.,Negative
2025-03-31,Claim: Rising global temperatures increase the frequency and intensity of extreme weather events,Negative
2025-03-31,Claim: Climate change impacts water resources by altering rainfall patterns and increasing extreme weather events.,Negative
2025-03-31,"Claim: Rising global temperatures increase the frequency and intensity of extreme weather events, causing human suffering and economic damage.",Negative
2025-03-30,"Claim: Rising global temperatures, melting polar ice caps, and increased extreme weather events are observable phenomena.",Positive
2025-03-30,Claim: Rising global temperatures cause more frequent and intense extreme weather events.,Negative
2025-03-30,"Claim: Climate change is causing more frequent and intense extreme weather events, including hurricanes, droughts, and wildfires.",Negative
2025-03-30,Claim: Climate change is causing more frequent and intense extreme weather events.,Negative
2025-03-30,"Claim: Extreme weather events are increasing in frequency and intensity, impacting crop yields and livestock production.",Negative
2025-03-30,"Claim: Rising global temperatures are evident through melting glaciers and polar ice caps, rising sea levels, and more frequent extreme weather events.",Negative
2025-03-29,Claim: Rising global temperatures are increasing the frequency and intensity of extreme weather events.,Negative
2025-03-29,"Claim: Global temperatures, rising sea levels, and extreme weather events are demonstrably increasing.",Negative
2025-03-29,"Claim: The Intergovernmental Panel on Climate Change (IPCC) projects significant sea-level rise, more frequent and intense extreme weather events, and widespread ecosystem disruption.",Positive
2025-03-28,"Claim: These extreme weather events are interconnected and create cascading effects that threaten global food security, water resources, and human health.",Negative
2025-03-28,"Claim: The environmental consequences of air travel include increased extreme weather events, rising sea levels, and threats to biodiversity.",Negative
2025-03-28,"Claim: Rising global temperatures are causing more frequent and intense extreme weather events, impacting human lives and economies.",Negative
2025-03-28,Claim: Climate change intensifies water scarcity by disrupting rainfall patterns and increasing extreme weather events.,Negative
2025-03-28,Claim: Climate change is worsening the global water crisis by disrupting rainfall patterns and increasing extreme weather events.,Negative
2025-03-28,"Claim: Climate change negatively impacts crop yields and increases extreme weather events, disproportionately affecting vulnerable populations.",Negative
2024-10-12,Why does Africa have very few extreme weather events? ,Neutral
2024-12-29,Anomalous and extreme climate events in 2024,Negative
2025-03-27,"Claim: Climate change-induced extreme weather events damage crops and livestock, causing food price increases and hunger.",Negative
2025-03-27,Claim: Rising global temperatures cause more frequent and intense extreme weather events.,Negative
2024-09-08,"Brazil is on Fire | Greenpeace  International “The fires we see consuming the country and affecting our health are started by human activity, and in the context of extreme weather events, it seems to be becoming a cheap strategy for destroying nature that still goes unpunished”",Negative
2025-03-31,"Rain records to fall in Queensland with Townsville to set new annual high. Meanwhile, Adelaide records driest period in decades and Perth swelters through temperatures above 35C. The climate crisis has increased the frequency and severity of extreme weather events in Australia.",Negative
2025-01-10,"‘We’re in a New Era’: How Climate Change Is Supercharging Disasters | Extreme weather events — deadly heat waves, floods, fires and hurricanes — are the consequences of a warming planet, scientists say.",Negative
2025-02-20,"In 2024, India experienced extreme weather events on 322 days, surpassing records of previous years",Negative
2025-03-13,"BurryTracker: Hedge funds are racing to profit from the weather. Yes, you read that right. 
They’re hiring meteorologists, building AI forecasts, and betting billions on extreme weather. Here’s how it works and why scientists are jumping ship to huge firms:",Neutral
2024-10-09,"""I also convened my entire cabinet as part of a whole government response and that response is to increase the number and intensity of the extreme weather events and be wary we're going to be -- use all the resources available to us as the government to do it."" -Joe Biden",Negative
2021-11-16,Stop blaming global warming for every weather event.,Negative
2024-11-03,Climate-fueled extreme weather is hiking up car insurance rates | Home insurers have raised premiums after extreme weather events. Now car insurers in the U.S. are doing the same thing.,Negative
2024-09-17,Department of Transportation Announces $802 Million to Repair Roads and Bridges Damaged by Natural Disasters and Extreme Weather Events,Positive
2025-03-05,"Carolina wildfires followed months of weather whiplash, from drought to hurricane-fueled floods and back to drought. Extreme weather events are becoming more common across the U.S.",Negative
2025-03-21,"In 10 years, the climate crisis will likely reach a tipping point, with severe consequences already apparent worldwide. Rising temperatures, melting glaciers, and extreme weather events will become increasingly common, leading to widespread disruptions to ecosystems, economies, and societies.",Negative
2025-03-21,"In 15 years, the climate crisis is likely to reach catastrophic levels, with devastating consequences worldwide. Rising sea levels, intensifying natural disasters, and extreme weather events will become more frequent and severe, causing widespread displacement, food shortages, and economic collapse.",Negative
2024-10-10,What extreme weather events should we be planning for?,Neutral
2024-11-10,150 year drought ,Negative
2024-12-22,The new fliers are so cool!,Positive
2025-03-16,"America: Gone forever, Dark parallels between 20s America and today, Coming: climate refugees, Cascading extreme weather events unleash billions in damages, Later than we think, Unseen risks of sea level rise,  'Global Weirding,' 7 fundamental drivers of overshoot…  in The Collapse Chronicle Review!",Negative
2025-03-09,Caring for customers and colleagues during extreme weather events,Positive
2025-03-11,"Cascading extreme weather events unleash billions in global damages, New pollutants in rain, Trump leads 'all-out assault' on climate, Dark parallels between ‘20s America and today, The diseases are coming, Dow plunges 890 pts. as recession fears mount, and more… in The Collapse Chronicle!",Negative
2025-03-11,The Yucca and the Moth: How Extreme Weather Impacts the Timing of Biological Events,Neutral
2025-03-11,"Climate Crisis 2025: New Threats & Global Policies. As 2025 unfolds, climate change is accelerating at an alarming rate, prompting governments worldwide to strengthen green policies. Extreme weather events, rising sea levels for more click link https://indiaprimetv.com",Negative
2024-01-14,"Maine High Tide Breaks All-Time Record: ""Record floods and high tides across the Northeast are a taste of a coming world with more and more brutal extreme weather events."" – Collin Rees, Oil Change International #GlobalCarbonFeeAndDividendPetition",Negative
2025-02-18,I want your thoughts: Shouldn't we be able to mix-n-match the time of day and weather for custom events?,Neutral
2025-03-09,Cascading Extreme Weather Events Unleash Billions in Damages Globally,Negative
2025-02-14,Global Map of Extreme Weather Impacts in 2022,Neutral
2021-08-31,"My area is prone to extreme weather events. How would you protect your keys against threats such as floods, hurricanes, or tornado's?",Neutral
2025-02-25,"Just 29% of unionist voters believe climate change is partly responsible for extreme weather, poll reveals",Negative
2024-10-08,My own ideas for more weather events,Neutral
2025-01-13,People don't change without extreme events.,Negative
2024-02-03,"Extreme heat, wildfire smoke harm low-income and nonwhite communities the most. Experts warn that climate change — which is worsening extreme weather events such as droughts, heat waves and wildfires — will increase the frequency and intensity in which they occur simultaneously.",Negative
2024-03-05,"Every time I see ""Storm Huntley"" on Channel 5 listings, I think it's a programme about an extreme weather event.",Neutral
2021-11-22,"Is hurricane season mostly an east coast and southern states thing, or does the west coast have similar extreme weather events too?",Neutral
2024-11-02,"The World Weather Attribution initiative identifies the 10 deadliest extreme weather events in the past 20 years — Together, they caused 576,042 deaths — The fingerprints of climate change were found in all 10 events: 3 tropical cyclones, 4 heatwaves, 2 heavy rainfall events and a drought",Negative
2025-02-06,🌍 New Video: The Most Extreme Weather Events on Earth,Neutral
2025-02-21,Nearly 40% of restaurant owners lack business insurance coverage for extreme weather,Negative
2025-02-20,The math behind extreme weather events analysis: an introduction to Extreme Value Theory for climate risk assessment (with an example implemented in Python).,Neutral
2023-08-20,Italy reports 11 extreme weather events per day in the third-hottest year since 1800,Negative
2025-02-20,Uniting for Climate Change: Working Together to Address Extreme Weather Events,Positive
2024-06-14,It's only getting hotter from here. NWS reminds you to not wait until extreme heat conditions are upon you to make plans. Be prepared before hand! (https://www.weather.gov/safety/heat),Positive
2023-07-20,NASA briefing on extreme weather events | CBC.ca,Neutral
2025-02-17,Research Questionnaire  The Interplay of Weather Events and Sociodemographics in Climate Knowledge,Neutral
2024-04-26,Do your kids worry about the climate & more extreme weather events in the future?,Neutral
2025-02-15,Extreme weather events continue. (Keep an eye on Santorini). Now mega storm in Türkiye.,Negative
2025-02-06,🌍 New Video: The Most Extreme Weather Events on Earth,Neutral
2017-04-08,Aggressive emissions cutbacks would drop heat waves in half in 20 years - Extremely hot weather events would become half as likely to happen (published in Nature Climate Change),Positive
2025-02-14,[IN] - 80k killed by extreme weather events in India in 30 years | Times of India,Negative
2025-02-14,[IN] - 80k killed by extreme weather events in India in 30 years,Negative
2025-01-14,Temporary Reception Center to assist those still without power from Sunday’s extreme weather event.,Neutral
2025-01-08,"A recent review highlights how extreme weather events, like droughts and floods, disrupt HIV care, increasing risks of treatment gaps and poor health outcomes. Solutions include climate-resilient healthcare and tailored HIV services.",Negative
2023-03-21,Will Extreme Weather Events Lead to the Next Mass Migration in the U.S.?,Negative
2025-02-06,🌍 New Video: The Most Extreme Weather Events on Earth,Neutral
2024-04-13,Extremely likely that burning fossil fuels is causing weakening of summertime storm tracks. Could influence extreme weather events over Northern Hemisphere.,Negative
2025-02-06,🌍 New Video: The Most Extreme Weather Events on Earth,Neutral
2025-02-06,🌍 New Video: The Most Extreme Weather Events on Earth,Neutral
2025-02-06,🌍 New Video: The Most Extreme Weather Events on Earth,Neutral
2025-02-06,🌍 New Video: The Most Extreme Weather Events on Earth,Neutral
2025-02-06,🌍 New Video: The Most Extreme Weather Events on Earth,Neutral
2025-02-06,🌍 New Video: The Most Extreme Weather Events on Earth,Neutral
2025-02-06,🌍 New Video: The Most Extreme Weather Events on Earth,Neutral
2025-02-06,🌍 New Video: The Most Extreme Weather Events on Earth,Neutral
2024-12-28,"26 Climate-Fueled Extreme Weather Events Killed at Least 3,700 People in 2024: Report | Common Dreams",Negative
2024-05-06,Does the frigging wind never stop??,Negative
2025-01-27,More extreme weather leads to more public health emergencies – what can we do about it?,Negative
2025-02-03,Australia braces for more destruction as deadly floods devastate northeast | Intense rain events are getting heavier and more frequent as the world warms due to fossil fuel pollution and the consequences of the climate crisis worsens extreme weather.,Negative
2025-03-22,We are in the middle of a climate apocalypse. But do we really care?,Negative
2025-02-03,Australia braces for more destruction as deadly floods devastate northeast | Intense rain events are also getting heavier and more frequent as the world warms due to fossil fuel pollution and the consequences of the climate crisis worsens extreme weather.,Negative
2023-12-22,"Conspiracy theorists and right-wing Christian media figures spread misinformation about extreme weather events, often suggesting they were planned or indicative of a religious event.",Negative
2025-02-02,[Environment] - Frequent extreme weather events driving food inflation in India: Government report | Times of India,Negative
2025-02-02,[Environment] - Frequent extreme weather events driving food inflation in India: Government report,Negative
2025-01-19,Extreme weather and wildfire briefing (01/19/2025): Yet another extreme wildfire risk event in SoCal—Climate Scientist Dr. Daniel Swain (UCLA) live today.,Negative
2024-12-31,Economic losses from extreme weather events over the past decade (2013-2024),Negative
2022-12-22,"The Jacksonville Jaguars @ New York Jets matchup will feature an extreme weather event with heavy rains and 20mph sustained winds, with gusts in the 30-40mph range.",Negative
2025-01-14,"Canadian insurers face record costs from 2024 extreme weather. Events that cause significant destruction ""are escalating at a shocking rate and Canada is simply not prepared""",Negative
2025-01-24,"” climate change is gradually shifting seasons and temperatures, but it’s also causing more extreme weather events,” Rohwer says. “Our study indicates that microbes will adapt to both gradual and abrupt climate changes.”",Neutral
2024-11-01,Not the biggest fan of the weather event,Negative
2025-01-22,"“Climate change is slowly shifting the seasons and average temperatures, but also causing more abrupt, extreme weather events,” Rohwer said. “We don’t know exactly how microbes will respond to climate change,",Neutral
2020-09-03,"I'm Sarah, a Professor at The University of Manchester. I'm using my astrophysics research background to identify ways to help reduce greenhouse gas emissions... from food. Ask me Anything!",Positive
2025-01-21,Gov Lamont Announces 2025 Legislative Proposal: Strengthen Resilience Against Extreme Weather Events,Positive
2025-01-01,Extreme Weather Events in Italy in 2024: Data and Regional Impact,Negative
2025-01-20,Extreme Cold Weather Events in a Warming World,Neutral
2023-10-08,Millions of children are displaced due to extreme weather events. Climate change will make it worse,Negative
2025-01-19,[Op-Ed] - Climate change: More extreme weather events mean New Zealand needs resilient construction materials – Opinion | NZ Herald,Positive
2025-01-19,[Op-Ed] - Climate change: More extreme weather events mean New Zealand needs resilient construction materials – Opinion,Positive
2024-12-23,Calgary's 🎄Christmas Eve🎁 weather extremes,Neutral
2024-08-26,The Costs of More Extreme Weather. More extreme weather events are affecting everything from power grids to insurance. But how are individuals and companies reacting to these changes?,Neutral
2024-12-25,Edmonton's Christmas Day weather extremes,Neutral
2025-01-08,Extreme Weather Events in Italy in 2024: Data and Regional Impact | Weird Italy,Negative
2021-08-02,"Why are there so many extreme weather events this year, have we fucked up our home?",Negative
2025-01-15,"[IN] - IMD: Extreme weather events caused 3,200+ deaths in 2024 | Times of India",Negative
2025-01-15,"[IN] - IMD: Extreme weather events caused 3,200+ deaths in 2024",Negative
2023-11-14,"How climate change could be affecting your brain. Extreme weather events may change brain structure, function, and overall health, scientists call for more research to evaluate how this may explain changes in well-being and behaviour",Negative
2024-12-23,Ottawa's 🎄Christmas Eve🎁 weather extremes,Neutral
2024-06-14,It's only getting hotter from here. NWS reminds you to not wait until extreme heat conditions are upon you to make plans. Be prepared before hand! (https://www.weather.gov/safety/heat),Positive
2025-01-13,"‘We’re in a New Era’: How Climate Change Is Supercharging Disasters.  Extreme weather events — deadly heat waves, floods, fires and hurricanes — are the consequences of a warming planet, scientists say.",Negative
2024-12-31,Extreme Weather Events in Italy in 2024: Data and Regional Impact,Negative
2024-12-31,Victoria's 🎆New Year's Eve🎆 weather extremes,Neutral
2024-12-31,Ottawa's 🎆New Year's Eve🎆 weather extremes,Neutral
2025-01-10,"Earth roasts through its second consecutive hottest year on record | The total number of people killed in extreme weather events intensified by climate change in 2024 is likely in the tens or hundreds of thousands, said the World Weather Attribution group.",Negative
2025-01-08,Selection Bias in Extreme Event Attribution Studies,Neutral
2024-12-26,Ottawa's Boxing Day weather extremes,Neutral
2024-10-31,BOM and CSIRO State of the Climate report 2024 predicts more extreme weather as warming increases,Neutral
2025-01-01,Ottawa's 🎉New Year's Day🎉 weather extremes,Neutral
2025-01-01,Calgary's 🎉New Year's Day🎉 weather extremes,Neutral
2024-12-31,Calgary's 🎆New Year's Eve🎆 weather extremes,Neutral
2025-01-05,Photos. A year of extreme weather events@YaleE360 (orig.: Photos. Une année de phénomènes climatiques extrêmes @YaleE360) #WORLDNEWS #A #Photos. #year #extreme #of ,Neutral
2024-09-24,"Earth may have breached seven of nine planetary boundaries, health check shows | Ocean acidification close to critical threshold, say scientists, posing threat to marine ecosystems and global livability.",Negative
2021-06-18,"The amount of heat the Earth traps has doubled in just 15 years. Approximately 90 percent of the excess energy from this imbalance ends up in the ocean. And warming ocean temperatures lead to acidification, impacting fish and other marine biodiversity.",Negative
2019-12-14,"Earth was stressed before dinosaur extinction - Fossilized seashells show signs of global warming, ocean acidification leading up to asteroid impact",Negative
2021-03-28,"Seaweed farming is efficient as a low-cost strategy to ocean acidification and deoxygenation, and also benefits the survival of corals. Unlike natural seaweed forests, seaweed farms are scalable and not dependent on suitable substrate or light availability. (Full-text PDF in comments)",Positive
2019-12-11,Study Finds That Top Fossil Fuel Companies’ Emissions Responsible for More Than Half of Ocean Acidification Since 1880. More than one-fifth of that increased acidity from 1880 could be traced to the emissions from the 20 largest investor-owned companies since 1965,Negative
2015-04-10,"The biggest extinction event in planetary history was driven by the rapid acidification of our oceans, a new study concludes. So much carbon was released into the atmosphere, and the oceans absorbed so much of it so quickly, that marine life simply died off, from the bottom of the food chain up.",Negative
2024-11-10,"New study: Plastic pollution worsens the impacts of all 9 planetary boundaries, including climate change, ocean acidification and biodiversity loss, affecting the environment, health, and human wellbeing. Over 500 million tons of plastics are produced annually, yet only 9% are recycled worldwide.",Negative
2020-01-11,"Ocean acidification from climate change damages shark scales and potentially limits their ability to swim. As shark teeth are structurally and materially identical with their scales, chemical dissolution of their teeth at a similar rate is expected.",Negative
2021-10-15,After doing some light reading on ocean acidification..,Neutral
2020-05-29,"Given the climate change scenarios predicted for the future, researchers conclude that biodiversity conservation of hard-bottom ecosystems is fundamental for mitigating the impacts of ocean acidification.",Positive
2021-10-15,25 years to reverse ocean acidification or we all die.,Negative
2021-06-22,"New scientific study predicts that plastic pollution and toxic chemical-induced ocean acidification will cause a trophic cascade collapse of the entire marine ecosystem, destroying human society within the next 25 years.",Negative
2023-11-28,Ocean acidification set to triple by 2100—What this means for the US coast,Negative
2016-02-22,Ocean acidification expected to cause skeletal deformities in 50% of juvenile corals,Negative
2020-02-19,"Pacific Ocean planktonic have up to 76% thinner shells than their historic counterparts, due to acidification",Negative
2018-02-25,"Corals Are Dissolving Away - New data show that ocean acidification not only stops corals from building, it tears them down",Negative
2021-10-15,"Edinburgh scientists report: Plankton, which generate upwards of 40% of all breathable Oxygen on earth, on path to eradication within 25 years due to global ocean acidification.",Negative
2013-10-03,"Ocean acidification due to carbon emissions is at highest for 300m years. Overfishing and pollution are part of the problem, scientists say, warning that mass extinction of species may be inevitable",Negative
2016-05-09,Florida Reefs Begin to Dissolve Much Sooner Than Expected - They may have crossed a tipping point due to increasing ocean acidification,Negative
2020-03-07,"Ocean is important for everyone on the earth. As said, prevention is better than cure. Its time to protect marine animals from ocean acidification.",Positive
2017-10-23,"Ocean acidification is deadly threat to marine life, finds eight-year study - Plastic pollution, overfishing, global warming and increased acidification from burning fossil fuels means oceans are increasingly hostile to marine life.",Negative
2012-01-05,Trouble in paradise: Ocean acidification this way comes,Negative
2024-09-24,World's oceans near critical acidification level,Negative
2024-02-08,Ocean Acidification Demo at Home | Everyday Awesome,Neutral
2014-02-10,"Health of oceans 'declining fast' -- Warming, acidification, overfishing, and pollution make conditions ""ripe for mass extinction.""",Negative
2024-11-06,"""... in just a few years, our oceans may no longer be capable of properly sustaining life or helping to regulate the Earth's climate, thanks to intense acidification.""",Negative
2022-01-13,Using a vast floating and slowly drifting kelp forest with autonomous buoyancy drones to absorb CO2 and lower ocean acidification,Positive
2024-12-04,"Yes, Climate Change Is Probably Going To Kill You",Negative
2024-09-24,World's Oceans CLOSE to Becoming Too Acidic to Sustain Marine Life,Negative
2024-09-24,World's oceans near critical acidification level,Negative
2021-09-19,The Planet Has Lost Half of Its Coral Reefs Since 1950,Negative
2024-06-06,"World’s Oceans Face ‘Triple Threat’ of Oxygen Loss, Extreme Heat and Acidification, Study Finds - EcoWatch",Negative
2025-03-17,Eukaryotic phytoplankton decline due to ocean acidification could significantly impact global carbon cycle,Negative
2017-11-09,"What is some real shit that we all need to be aware of right now, but no one is talking about?",Neutral
2018-11-03,Carbon emissions are acidifying the ocean so quickly that the seafloor is disintegrating.,Negative
2025-02-20,the solution to ocean acidification,Neutral
2024-12-12,"Rapid sea ice loss and ocean acidification from climate change are altering the growth and nutritional value of microscopic algae. These algae are an essential food source for fish, krill, and other small organisms that sustain larger animals such as whales, seals and penguins.",Negative
2020-01-05,fuck me,Negative
2020-04-12,Scale model showing how mangrove forests protect the coast from wave erosion,Positive
2024-01-17,Why is Aqua freaking out? (Wrong Answers Only),Neutral
2017-06-26,"New study confirms the oceans are warming rapidly - Scientists looked at three different ocean temperature measurements made by three different groups, and found that regardless of whose data was used or where the data was gathered, the oceans are warming.",Neutral
2016-12-14,Global temperature increase from 1880 to 2015 [OC],Neutral
2024-10-15,"From 2009 to 2023 we crossed 3 new planetary boundaries and worsened significantly in all of them (refer to the charts on the page of the Stockholm Resilience Center). Boundaries include climate change, microplastics, chemicals, ocean acidification etc.",Negative
2023-06-28,What are your thoughts on ocean acidification?,Neutral
2022-10-07,Multiple Earth simulations show ocean acidification peak in Arctic Ocean may shift from winter to summer,Neutral
2021-03-03,Ocean acidification is so bad that planktonic snails in colder waters are already struggling to build their shells,Negative
2021-06-22,"Plastic and toxic chemical induced ocean acidification will cause a plankton crisis that will devastate humanity over the next 25 Years, unless we act now to stop the pollution.",Negative
2013-10-07,"Stressed krill first sign of acidification damage. The oceans are now absorbing so much carbon dioxide they are acidifying at an unprecedented rate- unparallelled in last 300 million years, according to the International Program on the State of the Ocean.",Negative
2025-03-19,Would planting between roads and coastlines reduce ocean acidification?,Neutral
2018-12-18,"Australian scientists say they have discovered the world's largest meadow of carbon-absorbing deepwater seagrass - equivalent to the size of Switzerland... that could help ""buffer"" the Great Barrier Reef from a raft of climate change impacts, including ocean acidification.",Positive
2018-10-30,"Ocean acidification caused by high levels of human-made CO2 is dissolving the seafloor - The ocean floor as we know it is dissolving rapidly as a result of human activity, finds a new study.",Negative
2024-06-06,"World’s Oceans Face ‘Triple Threat’ of Oxygen Loss, Extreme Heat and Acidification, Study Finds",Negative
2025-03-30,Claim: Ocean acidification harms marine life and disrupts the balance of marine ecosystems.,Neutral
2025-03-29,"Claim: Ocean acidification, documented by NOAA, threatens marine life.",Neutral
2024-01-07,What’s going on right now that most people have no idea about?,Neutral
2024-04-19,"Oregon could place limits on river trash, ocean acidification",Neutral
2025-01-12,"""Students used VR headsets to dive into an underwater world showing the effects of ocean acidification"" Virtual reality will allow students to experience and learn about climate change from anywhere, creating empathy for the environment",Positive
2016-12-29,"Science AMA Series: We're scientists on a boat in the Southern Ocean (Antarctic Ocean) studying climate change, ocean physics and marine biology, Ask Us Anything!",Neutral
2019-11-26,"Ocean acidification is extremely underestimated, scientists accidentally discover",Negative
2025-02-09,"How did Osteichthyans(minus tetrapods), and Chondricthyans survive the ocean anoxia brought on by the Devonian mass extinction and the ocean acidification of the Permian-Triassic extinction and how?",Neutral
2024-06-05,"Oceans face ‘triple threat’ of extreme heat, oxygen loss and acidification | Oceans",Negative
2022-01-17,Why is Ocean Acidification not brought up in political debates regarding climate change? Is it not common knowledge that the Ocean produces 50-80% of the world's Oxygen?,Neutral
2024-02-10,could coral evolve to deal with oceans acidification?,Neutral
2025-02-06,Acid base and Acidification of ocean,Neutral
2016-05-09,"Some of the reefs around the Florida Keys are dissolving. They may have crossed a tipping point due to increasing ocean acidification, raising the alarm that climate change impacts in the ocean are continuing to happen at a much quicker pace than scientists previously suspected.",Negative
2019-02-12,"Young People Are Doomed by Student Loans, Not the National Debt",Negative
2023-11-04,Humans Are Now Functionally Extinct,Negative
2019-10-22,'We Should Be Worried': Study Confirms Fear That Intense Ocean Acidification Portends Ecological Collapse,Negative
2025-01-13,"""Students used VR headsets to dive into an underwater world showing the effects of ocean acidification"" - Virtual reality will allow students to experience and learn about climate change from anywhere, creating empathy for the environment",Positive
2024-11-28,Ocean acidification is reaching deeper waters,Negative
2014-10-08,"Ocean acidification causes US$1trn of damage a year - Ocean acidification has increased by around 26% since pre-industrial times, and the speed at which it is happening is unprecedented in at least 66 million years.",Negative
2016-06-09,Science AMA Series: We’re Drs. Jessica Hellmann and Tessa Hill—two scientists who talk to non-scientists about climate change. Ask us anything!,Neutral
2019-07-21,Paul Beckwith explains the coming collapse of marine life. Scary stuff. The acidification of earths oceans is unprecedented without any halt in sight. What do you think about that?,Negative
2024-12-11,Vanishing sea ice threatens polar food chain. Rapid sea ice loss and ocean acidification from climate change are altering the growth and nutritional value of microscopic algae.,Negative
2020-10-15,"Climate Change, coral bleaching and ocean acidification: will the Great Barrier Reef remain great?",Neutral
2024-10-15,"From 2009 to 2023 we crossed 3 new planetary boundaries and worsened significantly in all of them (refer to the charts on the page of the Stockholm Resilience Center). Boundaries include climate change, microplastics, chemicals, ocean acidification etc.",Neutral
2020-01-12,"Ocean acidification from climate change damages shark scales and potentially limits their ability to swim. As shark teeth are structurally and materially identical with their scales, chemical dissolution of their teeth at a similar rate is expected.",Negative
2024-12-01,3D ocean model shows ocean acidification moving deeper as atmospheric emissions increase,Negative
2024-04-19,"Oregon could place limits on river trash, ocean acidification",Neutral
2024-12-14,"Rapid sea ice loss and ocean acidification from climate change are altering the growth and nutritional value of microscopic algae. These algae are an essential food source for fish, krill, and other small organisms that sustain larger animals such as whales, seals and penguins.",Negative
2024-12-13,"Rapid sea ice loss and ocean acidification from climate change are altering the growth and nutritional value of microscopic algae. These algae are an essential food source for fish, krill, and other small organisms that sustain larger animals such as whales, seals and penguins.",Negative
2024-12-12,The Impact of Ocean Acidification on Marine Ecosystems and Coastal Economies,Negative
2024-09-11,How does ocean acidification effect deep sea life? ,Neutral
2024-12-01,3D ocean model shows ocean acidification moving deeper as atmospheric emissions increase,Negative
2024-11-28,Ocean acidification is reaching deeper waters ,Negative
2024-11-07,"Potsdam Institute Planetary Health Check 2024 — Full report on all 9 Planetary Boundaries, including Ocean Acidification (OA), which is within its Safe Operating Space at 2.80, but is near to crossing its safe boundary 2.75; lower values mean higher acidification — OA pre-industrial baseline is 3.44",Negative
2023-08-05,The Planet of the First Makers: What if the Great Dying was caused by intelligent Therapsids?,Neutral
2015-06-08,"Science AMA Series: I am Meg Chadsey, the Ocean Acidification Specialist and NOAA PMEL Liaison for Washington Sea Grant. AMA for World Oceans Day!",Neutral
2024-11-04,"Hello, we are a team of students wishing to address the issue of ocean acidification. This survey aims to assess public knowledge and interest on the issue. We thank you for your help.
",Neutral
2024-06-04,"Oceans face ‘triple threat’ of extreme heat, oxygen loss and acidification | Third of world’s ocean surface particularly vulnerable to threats driven by burning fossil fuel and deforestation, new research finds",Negative
2024-11-12,The Impact of Ocean Acidification on Marine Ecosystems and Coastal Economies,Negative
2020-01-27,Ocean Acidification Is Literally Dissolving The Shells Of Dungeness Crabs,Negative
2024-11-12,Climate change and the threat of ocean acidification • FRANCE 24 English,Neutral
2024-11-12,Climate change and the threat of ocean acidification • FRANCE 24 English,Neutral
2024-11-12,Climate change and the threat of ocean acidification,Neutral
2024-11-12,Climate change and the threat of ocean acidification,Neutral
2024-11-11,"New study: Plastic pollution worsens the impacts of all 9 planetary boundaries, including climate change, ocean acidification and biodiversity loss, affecting the environment, health, and human wellbeing. Over 500 million tons of plastics are produced annually, yet only 9% are recycled worldwide.",Negative
2024-11-11,"New study: Plastic pollution worsens the impacts of all 9 planetary boundaries, including climate change, ocean acidification and biodiversity loss, affecting the environment, health, and human wellbeing. Over 500 million tons of plastics are produced annually, yet only 9% are recycled worldwide.",Negative
2015-07-06,"Mass extinctions occuring as alarming rise in Ocean acidification causes scientists to call for ""immediate and substantial"" reduction in CO2 emissions: study",Negative
2024-07-04,A mapped dataset of surface ocean acidification indicators in large marine ecosystems of the United States - Scientific Data,Neutral
2024-11-04,"Hello, we are a team of students wishing to address the issue of ocean acidification. This survey aims to assess public knowledge and interest on the issue. We thank you for your help.
",Positive
2024-11-04,"Hello, we are a team of students wishing to address the issue of ocean acidification. This survey aims to assess public knowledge and interest on the issue. We thank you for your help.
",Positive
2024-10-29,"Hello, we are a team of students wishing to address the issue of ocean acidification. This survey aims to assess public knowledge and interest on the issue. We thank you for your help.",Positive
2024-09-28,Uhhh Ocean Acidification much? ,Negative
2024-10-15,"From 2009 to 2023 we crossed 3 new planetary boundaries and worsened significantly in all of them (refer to the charts on the page of the Stockholm Resilience Center). Boundaries include climate change, microplastics, chemicals, ocean acidification etc.",Negative
2024-10-25,Skeptical Science: Is ocean acidification from human activities enough to impact marine ecosystems? YES.,Negative
2024-10-20,"CO2 and Ocean Acidification: Causes, Impacts, Solutions",Neutral
2025-01-10,"Travel destinations ""dying"" due to climate change feels like a new type of powerlessness that millennials may face",Negative
2019-10-22,Study Confirms Fear That Intense Ocean Acidification Portends Ecological Collapse,Negative
2021-04-13,Blessed broadcast,Neutral
2018-12-19,Arctic ocean acidification -- 100x faster than expected -- subsea permafrost at melting point,Negative
2024-10-08,"What are the best strategies for reducing ocean acidification?
",Neutral
2024-04-16,Why does glacier melt not neutralize ocean acidification?,Neutral
2024-10-01,"On Ocean Dead Zones, Ocean Acidification, & Coral Bleaching",Neutral
2024-09-27,"[63] Earth Is on the Brink of Breaching a Seventh of Nine ‘Planetary Boundaries’ That Support Life: A new “health check” for our planet sounds an alarm bell on rising ocean acidification, which is driven by carbon dioxide levels in the atmosphere",Negative
2023-01-19,"What I learned so far, things are more dire than it seems",Negative
2024-09-25,"Earth may have breached seven of nine planetary boundaries, health check shows | Ocean acidification close to critical threshold, say scientists, posing threat to marine ecosystems and global livability.",Negative
2024-09-25,World's oceans near critical acidification level,Negative
2024-09-24,[35] World's oceans near critical acidification level,Negative
2024-09-24,"Earth may have breached seven of nine planetary boundaries, health check shows | Ocean acidification close to critical threshold, say scientists, posing threat to marine ecosystems and global livability.",Negative
2024-09-23,[World] - World's oceans near critical acidification level: report | France24,Neutral
2024-09-23,[World] - World's oceans near critical acidification level: report,Neutral
2018-04-15,The New Existential Dilemma [v2.1]: How to confront the imminent and inevitable collapse of global civilization,Negative
2024-02-08,Ocean Acidification Demo at Home | Everyday Awesome,Negative
2020-08-28,Ocean Acidification Moment :-(,Negative
2024-07-25,[article] Development of a portable carbon system sensor for ocean acidification research,Neutral
2024-06-04,"Oceans face ‘triple threat’ of extreme heat, oxygen loss and acidification driven by burning fuel & deforestation",Negative
2024-08-31,Ocean Acidification,Neutral
2024-07-03,Does anyone have any positive/optimistic news on ocean acidification?,Neutral
2024-05-28,Project Cauldron: A conceptual seawater electrolysis system to produce energy and combat ocean acidification,Positive
2024-01-24,Key study demonstrates buggering of some Florida reefs against ocean acidification,Neutral
2024-07-12,Rising snow line: Ocean acidification and the submergence of seafloor geomorphic features beneath a rising carbonate compensation depth,Negative
2023-07-11,The Swiss Seasons,Neutral
2021-03-25,"No, NPR, 'Acidification' Is Not Threatening Oceans",Negative
2024-07-23,Oyster breeding research aims to address the deadly effects of ocean acidification | News | Vancouver Island University,Positive
2024-02-08,Ocean Acidification Demo at Home | Everyday Awesome,Positive
2017-03-27,"AskScience AMA Series: We are members of 500 Women Scientists, an organization working to build an all-inclusive and diverse scientific community. Ask Us Anything!",Neutral
2023-01-10,Ocean acidification: An action plan for a neglected problem,Positive
2024-07-12,UF experts warn of potential peril caused by ocean acidification,Negative
2024-07-07,"Oceans face ‘triple threat’ of extreme heat, oxygen loss and acidification | Oceans",Negative
2024-09-29,"Earth may have breached seven of nine planetary boundaries, health check shows",Negative
2019-10-22,Study Confirms Fear That Intense Ocean Acidification Portends Ecological Collapse,Negative
2024-07-02,Ocean Acidification Turns Fish off Coral Reefs,Negative
2024-06-05,"Oceans face ‘triple threat’ of extreme heat, oxygen loss and acidification",Negative
2024-01-05,Severe 21st-century ocean acidification in Antarctic Marine Protected Areas,Negative
2024-01-05,"New research looking at marine and terrestrial mercury record across the K/Pg boundary concludes the end-Cretaceous mass extinction was a complex catastrophe caused by volcanism driving major climate fluctuations and ocean acidification, and perhaps exacerbated by the Chicxulub impact.",Negative
2024-04-16,Ocean Acidification and Rising Cost of Seafood [Academic] Everyone ,Neutral
2024-06-09,"Will the revolution be televised? Are we doomed? Human-caused global warming at all-time high, No way to reverse climate change, CO2 levels surge, Summer might bring wildest weather yet, Oceans face ‘triple threat’ of extreme heat, oxygen loss and acidification, and more… in The Collapse Chronicle!",Negative
2024-06-24,Does anyone have the ocean acidification for socioscientific issue assesment chemistry level 3,Neutral
2024-11-13,...don't have a baby ,Neutral
2015-07-23,Ocean acidification may cause dramatic changes to phytoplankton,Negative
2019-10-28,'We Should Be Worried': Study Confirms Fear That Intense Ocean Acidification Portends Ecological Collapse,Negative
2024-06-14,Skeptical Science: Is ocean acidification from human activities enough to impact marine ecosystems? YES.,Negative
2024-06-14,Skeptical Science: Is ocean acidification from human activities enough to impact marine ecosystems? YES.,Negative
2024-06-05,"Oceans face ‘triple threat’ of extreme heat, oxygen loss and acidification",Negative
2024-03-08,Ocean Acidification and Rising Cost of Seafood ,Neutral
2024-06-05,"Human-caused global warming at all-time high, ‘An intergenerational crime against humanity,’ Heat dome that killed 61 in Mexico headed to SW, Even climate deniers can’t hide from climate change, Oceans face ‘triple threat’ of heat, O2 loss and acidification, and more…in The Collapse Chronicle!",Negative
2024-06-05,"Oceans face ‘triple threat’ of extreme heat, oxygen loss and acidification | Oceans",Negative
2024-06-05,"Oceans face ‘triple threat’ of extreme heat, oxygen loss and acidification | Oceans",Negative
2024-06-06,/r/news - https://www.theguardian.com/environment/article/2024/jun/04/extreme-heat-oceans-acidification,Negative
2024-06-05,"Oceans face ‘triple threat’ of extreme heat, oxygen loss and acidification | Oceans",Negative
2024-06-04,"[Environment] - Oceans face ‘triple threat’ of extreme heat, oxygen loss and acidification | Guardian",Neutral
2024-06-04,"Oceans face ‘triple threat’ of extreme heat, oxygen loss and acidification",Negative
2024-06-04,"[Environment] - Oceans face ‘triple threat’ of extreme heat, oxygen loss and acidification",Neutral
2022-04-22,The gigantic risk from ocean acidification,Negative
2021-05-07,Seagrasses Turn Back the Clock on Ocean Acidification,Positive
2024-05-28,Project Cauldron: A conceptual seawater electrolysis system to produce energy and combat ocean acidification,Positive
2024-01-27,The Private Jet as security is BS.,Negative
2024-05-25,Skeptical Science: Is ocean acidification a serious problem? YES.,Negative
2024-05-25,Skeptical Science: Is ocean acidification a serious problem? YES.,Negative
2023-10-10,What is the difference in impact between ocean warming caused by ocean acidification and warming caused by heat energy from the sun?,Neutral
2024-03-20,"Is water acidification occurring at the same rate/amounts as in the oceans, lakes, and municipal drinking water?",Neutral
2024-04-23,Responses of marine trophic levels to the combined effects of ocean acidification and warming,Neutral
2023-12-17,What is the extent of the threat posed by Ocean Acidification to phytoplankton and zooplankton?,Neutral
2022-10-10,Researchers Discover How Ocean Animals Adapt to Ocean Acidification – But Adaptation Comes at a Price,Positive
2023-01-24,"I made a map about ocean acidification, how it works, what's at stake and where proccesses take place. I tried to give the more info, in order to have a good understanding of the topic... Hope you find it interesting !",Positive
2017-05-29,"Ocean acidification may make seafood less nutritious. Sea snails exposed to predicted ocean conditions had decreased glycogen, lipids, and half the protein.",Negative
2019-10-21,"Ocean acidification can cause mass extinctions, fossils reveal",Negative
2019-04-14,"This is making me happy, David Vaughan has found a way to restore the corals in the ocean. The corals Play a major role in the Marine ecosystem.",Positive
2024-03-28,"Hey! This survey is about Ocean Acidification and Seafood. I need 80 responses, it is for a class, please help! Thank you!",Positive
2024-03-28,Ocean Acidification and Seafood (anyone),Neutral
2024-03-28,Quick Survey on Ocean Acidification and Seafood (anyone),Neutral
2024-01-10,What is the impact of ocean acidification on the Great Barrier Reef in Australia?,Neutral
2024-03-27,"H.R.2734 Ocean Acidification Research Partnerships Act. Sponsored by Salud Carbajal (D) of California. Sponsorship party breakdown: R-3, D-2. Introduced in House on Apr 20, 2023.",Neutral
2012-11-28,"Washington state, the leading US producer of farmed shellfish, today launched a 42-step plan to reduce ocean acidification. The initiative — detailed in a report by a governor-appointed panel of scientists — marks the first US state-funded effort to tackle ocean acidification.",Positive
2020-06-15,"Not sure if art is welcome here, but I did a piece on the future of our oceans if acidification continues",Neutral
2024-03-20,Ocean Acidification and Seafood,Neutral
2024-03-06,Ocean acidification affects marine chemical communication by changing structure and function of peptide signalling molecules,Negative
2018-07-23,Ocean acidification to hit levels not seen in 14 million years,Negative
2020-09-24,[Request] Is this accurate? Do we really have 7 years left before we’re done for?,Negative
2024-03-07,RFK Jr Podcast: Shellfish and Ocean Acidification with Bill Dewey,Positive
2022-01-25,Ukraine in perspective,Neutral
2010-04-26,"Ocean Acidification hits oyster farms in the Northwest, Scientists say Carbon Dioxide in oceans could mean curtains for Shellfish
",Negative
2021-04-13,Extremist ideology brainlets mapped (part 2 of infinite series),Neutral
2019-11-18,Monsters of the Climate Crisis: Ocean Acidification,Negative
2019-07-09,"When the rate at which carbon dioxide enters the oceans exceeds a certain threshold, the Earth may respond with a runaway cascade of chemical feedbacks, leading to extreme ocean acidification that dramatically amplifies the effects of the original trigger, potentially leading to mass extinction",Negative
2020-03-03,"Water Acidification is the harsh reality of ocean chemistry. Right now, the ocean is on pace to become 150% more acidic by 2100.",Negative
2024-02-08,Ocean Acidification Demo at Home | Everyday Awesome,Positive
2024-03-06,Shellfish and Ocean Acidification with Bill Dewey - RFK Jr Podcast,Positive
2020-03-18,Question about Ocean Acidification,Neutral
2024-02-05,"Forty Years of Ocean Measurements off Bermuda document Warming, Acidification, and reduction of Oxygen…",Neutral
2024-02-08,Ocean Acidification Demo at Home | Everyday Awesome,Positive
2021-05-18,"Every single day, this happens.",Neutral
2019-06-08,Ocean acidification projected under a high future emissions scenario (1861-2100). Each unit decrease on the pH scale is a tenfold increase in acidity!(Source: https://sos.noaa.gov/datasets/ocean-acidification-surface-ph),Negative
2024-01-19,"South Florida’s nearshore reefs less vulnerable to Ocean Acidification, study finds",Positive
2023-11-28,Scientists Publish 37-Year Record of Ocean Acidification off Southern California | The longest ocean time series of dissolved carbon dioxide in the Pacific — part of the “Keeling Curve of the ocean” — is revealed,Positive
2022-09-29,The oceans store more carbon than thought — but not enough to save the planet. The oceans take up around 10% more of humanity’s carbon emissions than previously thought. This uptake slows global warming but worsens problems such as ocean acidification.,Negative
2024-01-10,What is the impact of ocean acidification on the Great Barrier Reef in Australia?,Neutral
2024-01-29,How ocean acidification is affecting oyster reef ecosystems,Neutral
2024-01-19,How Ocean Heatwaves and Acidification Are Affecting Coral Reefs,Neutral
2023-11-28,Scientists Publish 37-Year Record of Ocean Acidification off Southern California | The longest ocean time series of dissolved carbon dioxide in the Pacific — part of the “Keeling Curve of the ocean” — is revealed,Positive
2024-01-19,Can someone help me with my statistical analysis two sample t-test math in my IB Math IA? It’s about the impacts of ocean acidification on the great barrier reef.,Neutral
2023-11-28,Scientists Publish 37-Year Record of Ocean Acidification off Southern California | The longest ocean time series of dissolved carbon dioxide in the Pacific — part of the “Keeling Curve of the ocean” — is revealed,Positive
2022-04-12,Stop ocean acidification!,Negative
2019-12-09,Why the future is really Grim,Negative
2023-11-28,Scientists Publish 37-Year Record of Ocean Acidification off Southern California | The longest ocean time series of dissolved carbon dioxide in the Pacific — part of the “Keeling Curve of the ocean” — is revealed,Positive
2023-01-24,"I made a map about ocean acidification, how it works, what's at stake and where various proccesses take place ... Hope you find it interesting !",Positive
2019-03-29,"Ocean acidification alters the way sound propagates in the sea. At critical levels, it could disrupt communications between social mammals leading to mass strandings. I believe environment will be one of Death Stranding central themes.",Negative
2024-01-10,What is the impact of ocean acidification on the Great Barrier Reef in Australia?,Neutral
2024-01-05,Severe 21st-century ocean acidification in Antarctic Marine Protected Areas,Negative
2024-01-10,What is the impact of ocean acidification on the Great Barrier Reef in Australia?,Neutral
2023-09-14,Ocean acidification in coloured stripes from 1982 to 2021,Neutral
2023-09-11,I'm very disturbed by the number of people who support climate engineering,Negative
2015-08-16,"How did the horseshoe crab, a living fossil, survive ocean acidification of the climate event known as, Paleocene-Eocene Thermal Maximum (PETM), a period that exhibited large amounts of carbon, which occurred 56-58 million years ago?",Neutral
2016-02-24,Ocean acidification having larger effect on the Great Barrier Reef than previously predicted,Negative
2023-01-24,"I made a map about ocean acidification, how it works, what's at stake and where various proccesses take place ... Hope you find it interesting ! [OC]",Positive
2020-06-20,"Flatten the Curve #21. Loud booms in the sky. Sky Trumpets. Volcanic Activity. Ocean Acidification. Birds falling out of the sky. Approaching war. One chance, get ready now.",Negative
2012-06-28,STUDY: Kardashians Get 40 Times More News Coverage Than Ocean Acidification,Neutral
2023-11-03,"Ocean acidification may threaten national food security, say experts",Negative
2022-09-30,Acidification of Arctic Happening Up to 4 Times Faster Than Other Oceans,Negative
2023-11-28,Scientists Publish 37-Year Record of Ocean Acidification off Southern California | The longest ocean time series of dissolved carbon dioxide in the Pacific — part of the “Keeling Curve of the ocean” — is revealed,Positive
2021-04-29,"CMV: There isn't really an excuse to not be vegan. Please feel free to comment why you aren't vegan, and I will respond with everything I got",Neutral
2019-12-11,"Fossilized seashells show signs of global warming, ocean acidification before dinosaur extinction. The researchers said that understanding how the Earth responded to past extreme warming and CO2 input can help us prepare for how the planet will respond to current, human-caused climate change.",Negative
2019-08-29,"This sub can get a little heavy sometimes, so here's some beautiful coast off Coral Bay in Western Australia.",Positive
2020-06-18,Arctic Ocean acidification worse than expected,Negative
2015-11-13,"Introducing /u/underwoodz, one of the authors of a recent paper on ocean acidification and coral. He would like to answer any questions you might have.",Neutral
2023-11-28,Scientists Publish 37-Year Record of Ocean Acidification off Southern California | The longest ocean time series of dissolved carbon dioxide in the Pacific — part of the “Keeling Curve of the ocean” — is revealed,Positive
2023-11-28,Ocean acidification set to triple by 2100—What this means for the US coast,Negative
2023-03-02,How exactly does ocean acidification inhibit the formation of calcium carbonate in marine organisms?,Neutral
2014-10-08,"Ocean acidification causes US$1trn of damage a year - Ocean acidification has increased by around 26% since pre-industrial times, and the speed at which it is happening is unprecedented in at least 66 million years.",Negative
2023-12-18,"Never mind global warming, world hunger and a continuous loss of biodiversity.",Negative
2021-02-19,"Humans are making Earth a broken and increasingly unlivable planet through climate change, biodiversity loss and pollution. So the world must make dramatic changes to society, economics and daily life, a new United Nations report says.",Negative
2024-11-30,"The vault located in the Svalbard archipelago, Norway is an underground repository designed to preserve 4.5M seeds of crop plants from around the world, acting as a safeguard against the loss of genetic biodiversity due to natural disasters, conflicts, and climate change.",Positive
2022-01-19,"Scientists urge quick, deep, sweeping changes to halt and reverse dangerous biodiversity loss",Positive
2020-08-30,Rampant destruction of forests ‘will unleash more pandemics’ - Researchers to tell UN that loss of biodiversity enables rapid spread of new diseases from animals to humans,Negative
2024-11-17,"'The sixth great extinction is happening', warns climate expert. 'We still have a window of time to start slowing down climate change and loss of biodiversity,' Dr Goodall says. 'But it's a window that's closing.'",Negative
2020-03-02,"One of the world's most widely used glyphosate-based herbicides, Roundup, can trigger loss of biodiversity, making ecosystems more vulnerable to pollution and climate change, say researchers from McGill University.",Negative
2020-12-22,"The global food system is on course to drive rapid and widespread ecological damage with almost 90% of land animals likely to lose some of their habitat by 2050. Unless the food industry is transformed, changing what people eat and how it is produced, the world faces widespread biodiversity loss.",Negative
2017-03-03,"UN: “We are well on our way to the sixth global extinction of species in the history of the planet, and States are still failing to halt the main drivers of biodiversity loss, including habitat destruction, poaching and climate change.”",Negative
2018-07-28,"A global biodiversity collapse is imminent unless we take urgent, concerted action to reverse species loss in the tropics, according to new study in Nature, the first on state of all four of world´s most diverse tropical ecosystems – tropical forests, savannas, lakes and rivers, and coral reefs.",Negative
2024-11-10,"New study: Plastic pollution worsens the impacts of all 9 planetary boundaries, including climate change, ocean acidification and biodiversity loss, affecting the environment, health, and human wellbeing. Over 500 million tons of plastics are produced annually, yet only 9% are recycled worldwide.",Negative
2019-02-23,World's food supply 'under threat' from increasing loss of biodiversity,Negative
2025-03-26,"Biodiversity loss in all species and every ecosystem linked to humans. The study – which accounted for nearly 100,000 sites across all continents – found that human activities had resulted in “unprecedented effects on biodiversity”",Negative
2019-07-03,Leonardo DiCaprio is joining with billionaire investors and philanthropists Laurene Powell Jobs and Brian Sheth to create a new nonprofit environmental powerhouse charged with tackling climate change and the loss of biodiversity.,Positive
2022-01-12,What to expect from the world's sixth mass extinction - Humans alive today are witnessing the beginning of the first mass extinction in 65 million years. What does biodiversity loss mean for us and the environment?,Negative
2020-09-28,‘Extinction is forever’: World leaders pledge to end biodiversity loss,Positive
2019-11-05,"'Alarming' loss of insects and spiders recorded | ""I's alarming to see that such a decline happens not only in intensively-managed areas but also in protected areas - so the sites that we think are safeguarding our biodiversity are not really working anymore.""",Negative
2020-09-13,"A new modeling study has found that global biodiversity loss can be reversed and natural habitats increased in area by combining sustainable agricultural intensification, reductions in food waste, increases in plant-based diets, increases in protected areas, and restoration of degraded land",Positive
2021-01-13,Top scientists warn of 'ghastly future of mass extinction' and climate disruption. Sobering new report says world is failing to grasp the extent of threats posed by biodiversity loss and the climate crisis,Negative
2019-02-23,"Rapid Loss of Biodiversity Placing Global Food Supplies at Risk of 'Irreversible Collapse': ""This should be at the top of every news bulletin and every government's agenda around the world.""",Negative
2024-04-27,"Conservation slowing biodiversity loss, scientists say",Positive
2018-11-06,"Stop biodiversity loss or we could face our own extinction, warns UN",Negative
2023-12-01,Study: Current Biodiversity Loss Outpacing the Permian-Triassic Extinction Event Over 252 Million Years Ago,Negative
2024-08-27,The loss of biodiversity is becoming very apparent and is making me extremely depressed,Negative
2024-07-09,"TIL In rural regions of West and Central Africa, bushmeat constitutes 80–90% of animal protein intake. Bushmeat means meat from wild mammals, reptiles, amphibians and birds that live in the jungle, savannah or wetlands, contributing to biodiversity loss because there is growing demand abroad",Negative
2022-07-11,Overpopulation is a major cause of biodiversity loss and smaller human populations are necessary to preserve what is left,Negative
2022-10-19,Would you burn down the Louvre (world famous museum of art in France) if it magically meant that global warming and the rapid loss of biodiversity stopped entirely?,Negative
2022-05-29,Apocalypse Papers’: Scientists Call for Paradigm Shift as Biodiversity Loss Worsens,Negative
2020-09-19,New study using mostly satellite imagery shows shocking results: The world has lost intact wilderness the size of Mexico in just 13 years. Researchers say loss of 1.9m square kilometres of intact ecosystems will have ‘profound implications’ for biodiversity,Negative
2024-12-26,"Expect more pandemics to sweep the globe in the coming decades. When human activities disrupt and unbalance ecosystems, such as by way of climate change and biodiversity loss, things go wrong.",Negative
2019-02-22,World's food supply under 'severe threat' from loss of biodiversity .,Negative
2022-03-02,"World leaders are pushing a plan to turn 30% of Earth into Protected Areas by 2030. They say it will mitigate climate change, reduce wildlife loss, enhance biodiversity and so save our environment - are they right?",Positive
2025-03-27,Biodiversity loss in all species and every ecosystem linked to humans – report,Negative
2018-09-15,"Europe's meat and dairy production must halve by 2050, expert warns - Europe’s animal farming sector has exceeded safe bounds for greenhouse gas emissions, nutrient flows and biodiversity loss, and urgently needs to be scaled back, according to a major report.",Negative
2024-05-09,"Biodiversity loss is biggest driver of infectious disease outbreaks, says study",Negative
2019-07-20,"'Unprecedented' Decline of Plants and Animals as Global 'Red List' Reveals Nearly One-Third of Assessed Species Under Threat: ""We must act now both on biodiversity loss and climate change.""",Negative
2024-04-27,"Conservation slowing biodiversity loss, scientists say",Positive
2024-07-23,"Don’t worry, massive biodiversity loss and deforestation won’t affect us in any negative way. ",Negative
2022-02-14,"Scientists urge quick, deep, sweeping changes to halt and reverse dangerous biodiversity loss",Negative
2024-11-11,"Large (biggest flower in the world, weighs up to 25 pounds), stinky (aka the ""corpse flower""), critically endangered (loss of habitat/biodiversity and increasing ecotourism), and very difficult to cultivate (only one botanist has managed thus far)  -- meet the Rafflesia plant (more info in comments)",Neutral
2024-08-01,Biodiversity loss in Switzerland in six graphs [It's bad.],Negative
2024-04-27,Climate change could become the most important driver of biodiversity loss by mid-century,Negative
2025-03-20,YSK: “No-stir” peanut butter contains a lot of palm oil. Palm oil plantations are a huge driver of rainforest deforestation.,Negative
2024-12-04,"Yes, Climate Change Is Probably Going To Kill You",Negative
2025-02-14,"A large-scale analysis of 1,705 studies shows that pesticides negatively impact non-target plants, animals, and microbes - raising concerns about biodiversity loss.",Negative
2022-11-10,"Deforestation and grassland conversion are the biggest causes of biodiversity loss, study shows",Negative
2019-08-20,"#PrayForAmazonia Goes Viral as Twitter Users Call Attention to 'International Emergency' of Fires Devastating Brazil's Rainforest - ""It's been burning for 3 wks! We are on the verge of losing it completely if it isn't put out. Loss of trees, biodiversity is what is accelerating climate change.""",Negative
2023-02-27,Ecosystem collapse ‘inevitable’ unless wildlife losses reversed | Biodiversity,Negative
2024-04-16,"World faces ‘deathly silence’ of nature as wildlife disappears, warn experts | Loss of intensity and diversity of noises in ecosystems reflects an alarming decline in healthy biodiversity, say sound ecologists",Negative
2022-05-01,"UN says humanity has altered 70 percent of the Earth’s land, putting the planet on a ‘crisis footing’",Negative
2023-07-15,"First ecological study of a deep sea mining site shows broader area of biodiversity loss than expected as highly mobile animals avoid mined area. Due to how new deep sea mining is, recovery time is not known.",Negative
2023-08-30,tr(ule)ans,Neutral
2023-06-03,[OC] 'Stripes' chart showing biodiversity loss since 1970 in world's regions,Positive
2024-02-12,England brings in biodiversity rules to force builders to compensate for loss of nature,Positive
2024-12-26,"Expect more pandemics to sweep the globe in the coming decades. When human activities disrupt and unbalance ecosystems, such as by way of climate change and biodiversity loss, things go wrong.",Negative
2024-12-21,"Call for nexus approach as climate change, biodiversity loss interlinked: The United Nations University in Bonn said nearly one million species are currently at risk of extinction and natural ecosystems are crumbling.",Negative
2019-02-21,Worlds food supply under severe threat from loss of biodiversity,Negative
2024-04-01,Very Scary Line: Biodiversity Loss Business as Usual,Negative
2025-03-30,"Biodiversity loss in all species and every ecosystem linked to humans – The study, which accounted for nearly 100,000 sites across all continents – found that human activities had resulted in “unprecedented effects on biodiversity”.",Negative
2017-12-23,"Political instability and weak governance lead to loss of species, study finds. Big data study of global biodiversity shows ineffective national governance is a better indicator of species decline than any other measure of “anthropogenic impact”",Negative
2017-10-07,WWF report finds 60% of global biodiversity loss is down to meat-based diets which put huge strain on Earth’s resources,Negative
2024-11-06,Unfair,Neutral
2024-12-07,The US is everything wrong with capitalism and humanity,Negative
2019-05-23,"As extinctions loom, biodiversity warnings fail to resonate with governments, media - Ecological collapse and species loss threaten humanity as much as climate change. Conservationists say we're not listening.",Negative
2022-05-28,"‘Apocalypse Papers’: Scientists Call for Paradigm Shift as Biodiversity Loss Worsens - more than half of the world’s species of cactus—a plant known for its extraordinary ability to survive heat and drought, will be extinct by midcentury",Negative
2022-08-27,"Hydropower dams induce widespread species extinctions across Amazonian forest islands. Hydropower developments should avoid flooding forests to minimize biodiversity loss and disruptions to ecosystems in Amazonian forest islands, researchers report.",Negative
2024-10-15,Bankers Are at a Loss When It Comes to Biodiversity | Financiers from the biggest banks in Europe and the US say they don’t understand how to measure its impact on operations — or make money from it.,Negative
2025-03-13,Beavers Are Key to Fighting Climate Change & Biodiversity Loss – Help Bring Them Back!,Positive
2017-10-25,Australia is the world's second-worst offender for biodiversity loss,Negative
2024-11-23,Hopeposting since everyone on social media is doomer af ,Negative
2025-03-27,Biodiversity loss in all species and every ecosystem linked to humans – report,Negative
2020-11-11,"Why am I the fear-mongering pessimist spreading 'fake-news' because I dare mention rising police states, climate change, loss of biodiversity, the collapse of every biosphere, upcoming food shortages/famine/economic recession? Why are people so frightened of the truth?",Negative
2019-09-27,"The '3.5% Rule' states any movement that gains 3.5% of the population eventually forces change, that's ~263 million of the current world population. What kind of future do you want to live in? What is wrong with today's media landscape?",Negative
2023-04-23,"The climate crisis and biodiversity crisis can't be approached separately, says study: ""Climate crisis is likely the greatest challenge that homo sapiens have faced in their 300,000-year history...Yet another, equally dangerous crisis is unfolding—the dramatic loss of plant and animal species""",Negative
2025-03-27,"Biodiversity loss in all species and every ecosystem linked to humans | Sweeping synthesis of 2,000 global studies leaves no doubt about scale of problem and role of humans, say experts",Negative
2018-07-28,"A global biodiversity collapse is imminent unless we take urgent, concerted action to reverse species loss in the tropics, according to new study in Nature, the first on state of all four of world´s most diverse tropical ecosystems – tropical forests, savannas, lakes and rivers, and coral reefs.",Negative
2025-02-04,Please don't go on 'vacation' with cruise ships,Negative
2025-02-12,"Consumerism is thwarting the transition from fossil fuels. Climate change mitigation strategies that don’t address overconsumption and reduce dependence on fossil fuel-derived chemicals will exacerbate health harms and biodiversity loss, scientists warn.",Negative
2022-09-11,FYI only 2.5% of Wales' entire landmass is broadleaf ancient woodland and animal-agriculture is the leading cause of deforestation and biodiversity loss here,Negative
2022-09-22,Australia signs global nature pledge committing to reverse biodiversity loss by 2030,Positive
2025-02-27,"""We live in the best times in human history"" yeah we don't",Negative
2020-10-04,A Life On Our Planet (2020) - David Attenborough gives an emotional witness statement on how he has seen the loss of biodiversity increase as the Human Race expands [01:23:00],Negative
2024-09-16,"""Lets just lock everybody in their homes, because they could be killed by going outside""; the cat lovers of r/oneorangebraincell throw a hissy-fit over feline communication, US defaultism, and whether cats should be indoors only!",Negative
2025-03-26,Biodiversity loss in all species and every ecosystem linked to humans – report | Biodiversity,Negative
2020-12-03,"Why are people arguing against veganism in this subreddit and making excuses to not go vegan? Animal-ag is the leading cause of biodiversity loss which is the biggest carbon sink we have, biodiversity is the best environment we can have, no?",Negative
2023-08-01,Potential cancer breakthrough as 'groundbreaking' pill annihilates ALL types of solid tumors in early study,Positive
2025-03-13,[FUNDRAISER] Beavers Are Key to Fighting Climate Change & Biodiversity Loss – Help Bring Them Back!,Positive
2025-03-31,"Claim: Endangered animals' extinction leads to irreversible biodiversity loss and impacts tourism, ecosystem services, and potential medical discoveries.",Negative
2025-03-31,Claim: Biodiversity loss is accelerating due to climate change and habitat destruction,Negative
2025-03-31,"Claim: Climate change disrupts natural habitats, resulting in biodiversity loss.",Negative
2025-03-31,"Claim: Unsustainable agricultural practices contribute to deforestation, biodiversity loss, and greenhouse gas emissions.",Negative
2025-03-30,"Claim: Biodiversity loss negatively impacts ecosystem services such as pollination, water purification, and climate regulation.",Negative
2025-03-30,Claim: Biodiversity loss is accelerating due to climate change and habitat destruction.,Negative
2024-04-28,First-of-its-kind study definitively shows that conservation actions are effective at halting and reversing biodiversity loss ,Positive
2025-03-30,Claim: Precision agriculture's reliance on synthetic fertilizers and pesticides causes environmental problems such as water pollution and biodiversity loss.,Negative
2025-03-29,"Claim: Climate change consequences include more frequent heatwaves, rising sea levels, and biodiversity loss.",Negative
2025-03-29,"Claim: Industrial agriculture, while increasing yields, negatively affects the environment through greenhouse gas emissions, biodiversity loss, and water pollution.",Negative
2025-03-29,"Claim: Economic development often leads to habitat encroachment, despite the long-term costs of biodiversity loss.",Negative
2025-03-29,Claim: Biodiversity loss has far-reaching consequences for ecosystem stability and human well-being.,Negative
2025-03-29,"Claim: Loss of biodiversity can affect ecosystem stability, potentially impacting food security and human health.",Negative
2025-03-28,Claim: Loss of biodiversity from animal extinction can have significant consequences for the ecosystem and human well-being.,Negative
2025-03-28,Claim: The decline in pollinators is one example of how biodiversity loss directly threatens food security.,Negative
2025-03-28,"Claim: Loss of biodiversity, potentially affecting human livelihoods, can result from the decline of even one species because of the interconnectedness of ecosystems.",Negative
2025-03-28,Claim: Biodiversity loss negatively impacts food security and disease control.,Negative
2025-03-28,Claim: Industrial agriculture contributes to greenhouse gas emissions and biodiversity loss.,Negative
2025-03-27,"Claim: Biodiversity is under immense pressure, with countless species facing extinction due to habitat loss and shifting climates.",Negative
2023-02-27,Ecosystem collapse ‘inevitable’ unless wildlife losses reversed | Biodiversity,Negative
2025-03-26,"Claim: Biodiversity loss compromises ecosystem services, affecting human well-being.",Negative
2023-02-26,New study reveals biodiversity loss drove ecological collapse after the 'Great Dying',Negative
2023-05-13,"Defining biodiversity loss as a future risk is just ‘biocrastination’, says Planet Tracker: ""Waiting another ten years for further confirmation of this disturbing biodiversity trend appears unreasonable. There is an understanding that society is ill-prepared to tackle the challenge...""",Negative
2025-03-27,"Sweeping synthesis of 2,000 global studies leaves no doubt about scale of problem and role of humans in biodiversity loss, say experts.",Negative
2025-03-28,Biodiversity loss in all species and every ecosystem linked to humans – report,Negative
2025-03-28,[Environment] - Biodiversity loss in all species and every ecosystem linked to humans – report | Guardian,Negative
2025-03-28,[Environment] - Biodiversity loss in all species and every ecosystem linked to humans – report,Negative
2025-03-26,Biodiversity loss in all species and every ecosystem linked to humans – report | Biodiversity,Negative
2022-05-06,Global bird populations are steadily declining. Loss and degradation of natural habitats and direct overexploitation of many species are cited as the key threats to avian biodiversity. Climate change is identified as an emerging driver of bird population declines.,Negative
2025-03-26,University o Zurich species loss: Biodiversity study highlights the devastating human impact,Negative
2025-03-19,"Claim 6: Rising sea levels, biodiversity loss, and resource scarcity are consequences of climate change that threaten global stability.",Negative
2025-03-26,Biodiversity loss in all species and every ecosystem linked to humans – report,Negative
2025-03-26,[Environment] - Biodiversity loss in all species and every ecosystem linked to humans – report | Guardian,Negative
2025-03-26,[Environment] - Biodiversity loss in all species and every ecosystem linked to humans – report,Negative
2024-04-27,Climate change could become the most important driver of biodiversity loss by mid-century,Negative
2024-05-23,Canadian government report warns of dire disruptions in next 5-10 years. Loss of biodiversity and ecosystem collapse and scarcity of vital natural resources are among the top 10 highly likely and impactful disruptions.,Negative
2025-03-18,Al Gore’s Just Climate fund raises $175M from Microsoft and CalSTRS for nature-based climate investments - The new fund aims to restore nature to reverse biodiversity loss and emissions from land use. © 2024 TechCrunch. All rights reserved.,Positive
2025-03-03,World Wildlife Day reminds us that protecting biodiversity is key to a sustainable future. That is why the Parliament is taking action with the approval of the EU Biodiversity Strategy for 2030. It aims to address the main drivers of biodiversity loss and set legally binding targets by 2050.,Positive
2025-03-16,Biodiversity Loss: Why It Matters and How We Can Reverse It,Positive
2025-02-06,From Backyard Conservation to Large-Scale Frog Habitats 🐸🏡➡🌍 - New Innovative Habitats Designed to Reduce Biodiversity Loss,Positive
2025-02-12,"Consumerism is thwarting the transition from fossil fuels. Climate change mitigation strategies that don’t address overconsumption and reduce dependence on fossil fuel-derived chemicals will exacerbate health harms and biodiversity loss, scientists warn.",Negative
2024-04-12,"Carbon Tunnel Vision, Collapse Edition.",Negative
2023-08-14,This is bait right?,Neutral
2024-09-05,The long shadow of biodiversity loss,Negative
2025-02-12,A 'woodland laboratory' hoping to regenerate the loss of biodiversity - Latest From ITV News,Positive
2019-09-11,"Bolivian forest fires destroy two million hectares of Amazon | Almost half of the losses are in ""protected"" areas, known for high biodiversity. Scientists at the College of Biologists estimate that regeneration of the local ecosystem will take about 300 years",Negative
2020-01-24,"CMV: The Amazon rainforest is too integral to the health of the planet for one nation to be guardian. The Amazon should be entrusted to a global guardianship, a combo of high level forest management, and military protection to ensure its persistence and health.",Negative
2024-02-20,England brings in biodiversity rules to force builders to compensate for loss of nature,Positive
2021-01-15,"Biodiversity Loss, Water Shortage, Poor Air Quality Finally Hitting Home",Negative
2025-01-02,This guy’s point is? I think he’s stuck in the 1800s,Negative
2024-09-02,Anyone who's serious about sustainability should change to a plant-based diet,Positive
2019-03-25,"80% of Earth’s biodiversity lives in forests; 40 soccer fields worth of forest is cut down every minute: We're losing species at a rate 1,000-10,000 X quicker than the norm..worst crisis since extinction of the dinosaurs, primarily from loss of forest habitats.",Negative
2025-02-28,"World agrees on how to fund nature protection | Nations have come to a compromise over plans to raise and deliver billions in funding for biodiversity protection, paving the way for action to counter the growing problem of species loss.",Positive
2025-02-28,"World agrees on how to fund nature protection | Nations have come to a compromise over plans to raise and deliver billions in funding for biodiversity protection, paving the way for action to counter the growing problem of species loss.",Positive
2025-01-11,Sustainable high-yield farming is essential for bending the curve of biodiversity loss,Positive
2020-02-26,"""The EU consumes as if we had three planets available to produce the resources we use and absorb the waste we produce. ...resource extraction and processing accounts for more than 90% of global biodiversity loss and about half of climate change emissions"" Link in comments",Negative
2023-10-26,"More than 200 medical journals are calling on the World Health Organization to deem two overlapping environmental crises — climate change and biodiversity loss — as a global health emergency, while warning of the potential for ""catastrophic harm"" to human health",Negative
2020-11-11,"Smaller farm fields can reduce biodiversity loss and increase wild plants, birds, beetles, and bats",Positive
2025-02-17,"With just 5 years to go, the world is failing on a vital deal to halt biodiversity loss",Negative
2022-05-30,‘Apocalypse Papers’: Scientists Call for Paradigm Shift as Biodiversity Loss Worsens,Negative
2023-02-21,"‘Environment minister’ Tanya Plibersek approves Santos’ plan to drill 116 new coal seam gas wells in QLD. Irrevocable Biodiversity loss, land degradation, water contamination, unseasonal weather, and increased fire risk inbound, Queenslanders…",Negative
2025-01-29,Global food production has resulted in significant biodiversity loss,Negative
2025-02-04,How Does the Loss of Biodiversity Affect Ecosystems?,Neutral
2024-07-13,Nah this is just awful,Negative
2023-07-20,Biodiversity loss worryingly high,Negative
2021-01-14,Top scientists warn of 'ghastly future of mass extinction' and climate disruption. Sobering new report says world is failing to grasp the extent of threats posed by biodiversity loss and the climate crisis,Negative
2017-07-11,"I used to think the top environmental problems were biodiversity loss, ecosystem collapse and climate change.",Neutral
2024-11-26,"Biodiversity law that forces builders to compensate for nature loss could be twice as effective, experts claim",Positive
2025-01-23,"Global food production has resulted in significant biodiversity loss, new research shows. As the world grapples with the challenges of climate change and food insecurity, the need for sustainable food production has taken on a new urgency.",Negative
2019-06-08,Biodiversity loss is the very real end of the world and no one is acting like it,Negative
2025-01-06,"Oxford Professor Warns: Animal Farming Is Driving Global Environmental Collapse
",Negative
2025-01-21,Biodiversity: Wales 'lacks plan' to tackle scale of nature loss,Negative
2021-08-27,Loss of Ireland's biodiversity is accelerating - and we're missing the chance to halt it,Negative
2024-12-31,"Conservation slowing biodiversity loss, scientists say",Positive
2025-01-11,Sustainable high-yield farming is essential for bending the curve of biodiversity loss,Positive
2022-09-12,in some cases its vegan to kill animal's. in the case of invasive species where they are harmful to the environment and cause a loss in biodiversity then by removing the species more animal's live,Neutral
2024-08-27,"Follow up to the “loss of biodiversity” post. Do you feel like the summer cicada, locust, grasshopper noise is like non-existent this year? Spent a lot of time outdoors and can’t remember hearing that sound once.",Neutral
2023-04-22,Extinction Rebellion stages 'slow cycle' in Dublin city calling for action on biodiversity loss,Negative
2023-09-28,"Study on biodiversity impact from different diets // Seems most here don't realise that animal agriculture is the LEADING CAUSE OF but not limited to biodiversity loss, environmental destruction and wild habitat loss...",Negative
2020-04-11,"Global warming to cause 'catastrophic' species loss: study | Warming will cause ""catastrophic"" biodiversity loss across the world if greenhouse gas emissions aren't curbed, with some ecosystems liable to collapse as soon as 2030, according to new research into where and when die-offs may occur",Negative
2024-06-01,"In areas managed by Indigenous populations, the loss of biodiversity is significantly lower, study finds",Positive
2024-12-23,International agricultural trade has caused 90 percent biodiversity loss Biodiversity loss due to agricultural trade three times higher than previously thought.,Negative
2024-12-21,/r/worldnews - https://www.newindianexpress.com/xplore/2024/Dec/21/call-for-nexus-approach-as-climate-change-biodiversity-loss-interlinked-2,Neutral
2021-04-27,"We are rainforest ecologists working to protect spider monkeys, Amazonian birds, and the rainforests they inhabit. Ask us anything!",Positive
2024-05-08,"Environmental changes are fueling human, animal and plant diseases. Biodiversity loss, global warming, pollution and the spread of invasive species are making infectious diseases more dangerous to organisms around the world.",Negative
2024-10-12,How Biodiversity Loss is Hurting Supply Chains and What Businesses Can Do About It,Neutral
2024-12-14,Biodiversity loss due to agricultural trade three times higher than thought,Negative
2020-02-05,"Biodiversity crisis: Habitat loss, pesticides and light pollution pushing fireflies to extinction, scientists warn - ‘Warning bell’ for species as vulnerable ecosystems record impact of heavy industry",Negative
2024-10-14,"The stability of human communities and natural ecosystems is at risk under the shocks and stresses of five planetary emergencies: socioeconomic inequality, climate change, biodiversity loss, pollution, and disease.",Negative
2024-04-26,"Conservation slowing biodiversity loss, scientists say",Positive
2023-01-21,Controversial Coillte deal with UK pension fund alarms Citizens’ Assembly on biodiversity loss,Negative
2024-10-14,"Our Cause in Extinction; a brief research essay into the human effects on biodiversity loss. Hockman, 2024.",Negative
2021-03-15,How EXACTLY would global biodiversity loss cause a collapse of the civilization?,Negative
2022-03-24,"Central banks have underestimated the significant threat posed by biodiversity loss, a new report from a banking committee said Thursday, warning that financial institutions and businesses were destroying the natural assets that they depend on",Negative
2024-12-01,"“As we continue to grapple with biodiversity loss, breakthroughs like this remind us the future of conservation doesn't have to be left to chance. Science and innovation can give us the tools we need to protect our planet for generations to come.”",Positive
2024-11-05,"At COP16, the focus is on halting biodiversity loss with an ambitious funding goal of 200 billion USD each year by 2030. However, the current funding situation is concerning. How can nations realistically achieve such significant contributions, especially with only 250 million USD allocated so far?",Neutral
2024-04-28,First-of-its-kind study definitively shows that conservation actions are effective at halting and reversing biodiversity loss ,Positive
2021-11-28,"94 Countries United to Reverse Biodiversity Loss by 2030 for Sustainable Development, Notably Excluding USA, Australia, and BRICS (Brazil, Russia, India, China, South Africa)",Positive
2024-10-13,"Inequality, poverty, food insecurity, climate change, biodiversity loss -- humanity's future depends on our ability to live in harmony with nature",Neutral
2022-12-21,Does anyone have a leftist critique of biodiversity loss?,Neutral
2024-05-29,"A skin fungus has pushed 500+ amphibian species into decline, and 90+ extinct. Researchers say it's the biggest contributor to biodiversity loss of any disease or pathogen on record.",Negative
2024-10-22,States must address the humanitarian impact of biodiversity loss by reducing disaster risk and strengthening resilience - World,Negative
2021-01-16,"The planet is dying faster than we thought. A triple-threat of climate change, biodiversity loss and overpopulation is bearing down on Earth.",Negative
2024-11-17,"'The sixth great extinction is happening', warns climate expert. 'We still have a window of time to start slowing down climate change and loss of biodiversity,' Dr Goodall says. 'But it's a window that's closing.'",Negative
2024-10-18,Multilateral Banks Must Stop Funding the Factory Farms Fueling the Biodiversity Crisis | Animal livestock is the leading driver of biodiversity loss.,Negative
2021-11-07,Canada pledges $1B for the twin crises of climate change and biodiversity loss,Positive
2024-11-17,"'The sixth great extinction is happening', warns climate expert. 'We still have a window of time to start slowing down climate change and loss of biodiversity,' Dr Goodall says. 'But it's a window that's closing.'",Negative
2024-11-05,"At COP16, the focus is on halting biodiversity loss with an ambitious funding goal of 200 billion USD each year by 2030. However, the current funding situation is concerning. How can nations realistically achieve such significant contributions, especially with only 250 million USD allocated so far?",Neutral
2024-11-13,Prescribed burns make areas more vulnerable to biodiversity loss during bushfires: study,Negative
2022-03-24,"Central banks have underestimated the significant threat posed by biodiversity loss, a new report from a banking committee said Thursday, warning that financial institutions and businesses were destroying the natural assets that they depend on",Negative
2024-11-11,"New study: Plastic pollution worsens the impacts of all 9 planetary boundaries, including climate change, ocean acidification and biodiversity loss, affecting the environment, health, and human wellbeing. Over 500 million tons of plastics are produced annually, yet only 9% are recycled worldwide.",Negative
2024-11-11,"New study: Plastic pollution worsens the impacts of all 9 planetary boundaries, including climate change, ocean acidification and biodiversity loss, affecting the environment, health, and human wellbeing. Over 500 million tons of plastics are produced annually, yet only 9% are recycled worldwide.",Negative
2023-08-26,"Politicians and environmental leaders from more than 180 countries have been in Vancouver, B.C., this week, with many pledging to accelerate action on climate change and biodiversity loss at the assembly",Positive
2022-06-25,Humans Don't Hibernate,Neutral
2024-11-05,"At COP16, the focus is on halting biodiversity loss with an ambitious funding goal of 200 billion USD each year by 2030. However, the current funding situation is concerning. How can nations realistically achieve such significant contributions, especially with only 250 million USD allocated so far?",Neutral
2024-11-05,"At COP16, the focus is on halting biodiversity loss with an ambitious funding goal of 200 billion USD each year by 2030. However, the current funding situation is concerning. How can nations realistically achieve such significant contributions, especially with only 250 million USD allocated so far?",Neutral
2024-11-05,"At COP16, the focus is on halting biodiversity loss with an ambitious funding goal of 200 billion USD each year by 2030. However, the current funding situation is concerning. How can nations realistically achieve such significant contributions, especially with only 250 million USD allocated so far?",Neutral
2024-11-05,"At COP16, the focus is on halting biodiversity loss with an ambitious funding goal of 200 billion USD each year by 2030. However, the current funding situation is concerning. How can nations realistically achieve such significant contributions, especially with only 250 million USD allocated so far?",Neutral
2024-09-09,Biodiversity loss in Switzerland compared to other countries in six graphs (It looks bad),Negative
2024-04-28,First-of-its-kind study definitively shows that conservation actions are effective at halting and reversing biodiversity loss ,Positive
2024-11-24,"Wild otters found in Chicago, first time in 14 years! ",Positive
2021-12-04,Why should people care about biodiversity loss?,Neutral
2024-10-15,"Specimens in a Cambridge museum is brought to life through the power of Artificial Intelligence, by a team aiming to strengthen our connection with the natural world and reverse apathy towards biodiversity loss.",Positive
2024-10-15,"Dwindling biodiversity might make you sick. In a sweeping new global analysis, scientists set out to find which environmental factors most increased or decreased infections. One clear answer: biodiversity loss.",Negative
2024-06-16,Hi everyone! I’m applying for a Fulbright grant this fall to study biodiversity loss in Morocco. I would be incredibly grateful if any past Fulbright recipients could review my essay materials and provide feedback. Thank you so much for considering! 😊,Positive
2024-02-14,England brings in biodiversity rules to force builders to compensate for loss of nature,Positive
2024-10-21,"MSU Global Plant Study: Loss of ‘Nitrogen Fixers’ Threatens Biodiversity, Ecosystems",Negative
2023-12-12,‘Stop the rapid loss of nature’: Labor warned to clamp down on biodiversity offsets in environment law overhaul,Negative
2024-10-21,"“People’s livelihoods are at the centre of this,” she says. “Biodiversity loss looks complex, but at the end of the day, it comes back to life. As we lose biodiversity, it’s essentially losing parts of ourselves as human beings as well.”",Positive
2024-10-21,"“Given the widespread loss of biodiversity, understanding how animals react to and are harmed by these stressors can help conservation groups better protect them.”",Positive
2024-10-17,"Dwindling biodiversity might make you sick. In a sweeping new global analysis, scientists set out to find which environmental factors most increased or decreased infections. One clear answer: biodiversity loss.",Negative
2024-10-16,Bankers Are at Loss When It Comes to Biodiversity,Negative
2024-10-19,"Multilateral Banks Must Stop Funding the Factory Farms F​ueling the Biodiversity Crisis | Animal livestock is the leading driver of biodiversity loss. At the U.N. biodiversity summit next week, leaders must agree to shift finance towards more sustainable forms of food production.",Negative
2024-10-19,"Multilateral Banks Must Stop Funding the Factory Farms F​ueling the Biodiversity Crisis | Animal livestock is the leading driver of biodiversity loss. At the U.N. biodiversity summit next week, leaders must agree to shift finance towards more sustainable forms of food production.",Negative
2024-10-19,"Multilateral Banks Must Stop Funding the Factory Farms F​ueling the Biodiversity Crisis | Animal livestock is the leading driver of biodiversity loss. At the U.N. biodiversity summit next week, leaders must agree to shift finance towards more sustainable forms of food production.",Negative
2024-10-17,"COP16: More Than 85% of Countries Miss UN Deadline to Submit Nature Pledges /  Biodiversity on Earth is declining faster than ever in human history. NBSAPs are blueprints for how nations plan to tackle that loss
#GlobalCarbonFeeAndDividendPetition",Negative
2024-10-17,"COP16: More Than 85% of Countries Miss UN Deadline to Submit Nature Pledges /  Biodiversity on Earth is declining faster than ever in human history. NBSAPs are blueprints for how nations plan to tackle that loss
#GlobalCarbonFeeAndDividendPetition",Negative
2023-07-08,"Current conservation policies risk accelerating biodiversity loss: ""numerous studies show that some of today’s most popular conservation policies are doing little to help those species most affected by farming""",Negative
2024-08-12,Progress on Biodiversity Loss,Positive
2018-08-12,"Global tree cover has increased by 7 per cent since 1982, biggest ever study finds. “This overall net gain is the result of a net loss in the tropics being outweighed by a net gain in the extratropics,” the report states.",Positive
2024-08-10,Sure. Irreversible loss of biodiversity. But at least line go up? ,Neutral
2024-08-14,Biodiversity Loss -> Extinction,Negative
2024-09-20,"Me killing polar bears (I have no profit motive but do it for fun, hence consoomers technically have no responsibility for any emissions or biodiversity loss, they pay me for no reason)",Negative
2022-11-30,Vanishing lichens a sign rare B.C. rainforest is approaching ecological collapse | Lichens are a canary in the coal mine for the inland temperate rainforest and their demise is sounding the alarm about widespread biodiversity loss,Negative
2023-01-09,BlackRock says we’re all doomed. It’s being optimistic. The world’s largest asset manager has forecast systemic economic chaos. The reality,Negative
2023-11-13,New Hawaiian Wildfire Causes Irreplaceable Biodiversity Loss,Negative
2019-09-17,David Attenborough to front UK study on biodiversity loss | Sir David Attenborough has agreed to become the public face of a landmark government study into biodiversity loss and its impact on the economy.,Positive
2022-12-08,The U.N. Wants to Criminalize Climate Change - A new report pushes to hold companies criminally accountable if their actions lead to global temperature rise.,Negative
2022-08-04,China warns that its temperatures are rising faster than global average,Negative
2019-08-01,Greenland's ice sheet melting so fast it has caused global sea levels to rise 0.5mm in just a month,Negative
2020-08-04,Rising temperatures will cause more deaths than all infectious diseases – study,Negative
2019-05-07,How 10 year average global temperature compares to 1851 to 1900 average global temperature [OC],Negative
2018-08-01,"If people cannot adapt to future climate temperatures, heatwave deaths will rise steadily by 2080 as the globe warms up in tropical and subtropical regions, followed closely by Australia, Europe, and the United States, according to a new global Monash University-led study.",Negative
2019-09-02,A global team of scientists including researchers from Australia and the United States has found deforestation in the Brazilian Amazaon-Cerrado region is causing temperatures to rise in areas as far as 50km away from deforestation sites.,Negative
2019-03-29,"A billion people may be newly exposed to diseases like dengue fever as world temperature rises by the end of the century because of global warming, says a new study that examines temperature changes on a monthly basis across the world.",Negative
2019-01-23,"‘No alternative to 100% renewables’: Transition to a world run entirely on clean energy – together with the implementation of natural climate solutions – is the only way to halt climate change and keep the global temperature rise below 1.5°C, according to another significant study.",Positive
2018-02-09,New study suggests 15 million gallons of mercury buried in the permafrost of the Northern Hemisphere could begin leaking as global temperatures rise,Negative
2016-01-21,"Global temperatures in 2015 by far hottest in modern times. Not only was 2015 the warmest year since records began, it shattered the previous record held in 2014 by the widest margin ever observed.",Negative
2017-01-04,New study confirms that global warming never “paused” and has in fact continued to rise unabated for the last 45 years.,Negative
2023-05-17,Global temperatures likely to rise beyond 1.5C limit within next five years — It would be the first time in human history such a temperature has been recorded,Negative
2017-01-20,"Sea level in the Northeast and in some other US regions will rise significantly faster than the global average, according to a new report. In a worst-case scenario, global sea level could rise by about 8 feet by 2100. The report lays out 6 scenarios intended to inform national and regional planning.",Negative
2017-07-07,"Global Surface Temperature Anomaly, made directly from NASA's GISTEMP [OC]",Negative
2018-10-05,Scientists say halting deforestation 'just as urgent' as reducing emissions: Protecting and restoring forests would reduce 18% of emissions by 2030 and help to avoid global temperature rise beyond 1.5C.,Positive
2019-08-31,"Even if atmospheric CO2 stabilizes around current levels, the global mean sea level would still rise 16.2 meters above current levels, new Nature study finds",Negative
2024-09-22,Global Surface Temperatures Are Rising Faster Now Than At Any Time In The Past 485 Million Years,Negative
2015-04-06,"Environmental activist and billionaire Tom Steyer served notice on Monday that he will use his wealth to try to bring climate change into the 2016 U.S. presidential campaign, vowing to target Republican hopefuls who deny the connection between burning fossil fuels and rising global temperatures.",Positive
2025-01-20,Global Surface Temperatures Are Rising Faster Now Than At Any Time In The Past 485 Million Years,Negative
2025-01-20,Global Surface Temperatures Are Rising Faster Now Than At Any Time In The Past 485 Million Years,Negative
2024-05-10,"Reminder that there is no climate crisis. Raw temperature data shows the 1930s were hotter than today and a NY Times article from 1992 confirms was much hotter than today during the medieval warm period 1k years ago and it was global not regional. Earth is greener from CO2. Sun drives temp, not CO2",Negative
2019-01-04,Global temperature 1850 to 2018 compared to pre-industrial values [OC],Neutral
2024-12-10,"Three leading climate scientists have combined insights from 10 global climate models and, with the help of AI, conclude that most of the world will see temperatures rise to 3°C much faster than previously expected.",Negative
2019-03-17,"A devastating Arctic temperature rise that could submerge coastal cities and trigger species extinction is now locked in | According to a new report from the United Nations Environment Assembly, the Arctic is in even more dire straits than experts thought",Negative
2013-04-01,Global warming predictions prove accurate - Analysis of climate change modelling for past 15 years reveal accurate forecasts of rising global temperatures,Positive
2022-11-03,"Some of the world's most famous glaciers, including in the Dolomites in Italy, the Yosemite and Yellowstone parks in the United States and Mount Kilimanjaro in Tanzania are set to disappear by 2050 due to global warming, whatever the temperature rise scenario, according to a UNESCO report.",Negative
2022-11-10,"During the Eemian interglacial (130,000 to 115,000 years ago), average annual global temperatures were about 3°C higher than today. The associated rise in sea level connected the Baltic and White seas, making Scandinavia an island.",Neutral
2024-06-02,"As global temperatures rise, are liberal democracies on trial?",Neutral
2024-06-09,Plastics production alone will doom climate goals | Manufacturing plastics is a highly emissive process. The world needs to shrink production rapidly to stay within the 1.5 °C global temperature rise.,Negative
2024-12-05,"Stop emissions, stop warming: A climate reality check — Why future warming isn't as ""locked in"" as you might think — “In our actual climate system...after emissions stop, global temperatures are expected to remain relatively stable instead of significantly rising or falling”",Neutral
2023-07-07,Is there any theoretical limit to how high the Earth's temperature can become within the next 50 years due to global warming?,Neutral
2023-05-20,"Only 13 per cent of methane emissions are covered by global methane mitigation policies, according to a new study. Methane is responsible for around 30 per cent of the rise in global temperatures since the Industrial Revolution",Negative
2020-08-04,Global death rate from rising temperatures projected to surpass the current death rate of all infectious diseases combined,Negative
2024-08-03,"A nocturnal civilization — If global mean surface temperature continues to rise for decades and then plateaus at a new high temperature for up to 500 or more years, will the best time for going to work and school be in the cooler nighttime hours to avoid the brutal and searing daytime temperatures?",Neutral
2019-10-16,Bank of England boss says global finance is funding 4C temperature rise | Governor of the Bank of England has warned that the global financial system is backing carbon-producing projects that will raise the temperature of the planet by over 4C,Negative
2012-07-02,"Rising sea levels cannot be stopped over the next several hundred years, even if deep emissions cuts lower global average temperatures, but they can be slowed down, climate scientists said in a study on Sunday.",Neutral
2014-05-14,"Some say temps aren't rising, but April Was 2nd Warmest Globally; Average for U.S. | That makes April the 350th month in a row — more than 29 years — with above-average temperatures, largely caused by the buildup of manmade greenhouse gases in Earth’s atmosphere.",Negative
2025-03-18,"Destroying His Own Country Isn’t Enough, Time To Punish The Planet",Negative
2019-11-19,RISING Global Surface Temperature change 1850-2018 [OC],Neutral
2025-03-07,How many more species will we let disappear? Extinctions will accelerate rapidly if global temperatures continue to rise. Cutting emissions has to come first.,Negative
2022-06-21,"New data reveals extraordinary global heating in the Arctic. Annual average temperatures in the area are rising across the year by up to 2.7C a decade, with particularly high rises in the months of autumn of up to 4C a decade.",Negative
2023-05-20,Only 13 per cent of methane emissions are covered by global methane mitigation policies. Methane is 80 times more potent than carbon dioxide over 20 years. It is responsible for around 30 per cent of the rise in global temperatures since the Industrial Revolution,Negative
2023-09-09,Deadly humid heatwaves to spread rapidly as climate warms: Small rise in global temperatures would affect hundreds of millions of people and could cause a sharp rise in deaths,Negative
2017-05-23,"If nuclear winter from 100 atomic bombs would cause global temperature to fall by 1°C, why don't we just do that everytime global warming causes it to rise by 1°C?",Negative
2025-02-02,"A new study finds that global water shortages will worsen as temperatures rise. Under 3°C warming, water gaps could grow by nearly 15%, worsening scarcity.",Negative
2015-05-01,"Coffee catastrophe beckons as climate change threatens arabica plant - Study warns that rising temperatures pose serious threat to global coffee market, potentially affecting livelihoods of small farmers & pushing up prices",Negative
2025-01-20,Global Surface Temperatures Are Rising Faster Now Than At Any Time In The Past 485 Million Years,Negative
2023-06-19,"Worldwide temperatures briefly exceeded a key warming threshold earlier this month, a hint of heat and its harms to come, scientists worry | The start of June saw global surface air temperatures rise 1.5 degrees Celsius (2.7 Fahrenheit) above pre-industrial levels for the first time.",Negative
2025-01-26,Global Surface Temperatures Are Rising Faster Now Than At Any Time In The Past 485 Million Years,Negative
2019-03-14,"3-5°C temperature rise is now ‘locked-in’ for the Arctic | Even if Paris Agreement goals met, Arctic winter temperatures will increase 3-5°C by 2050 compared to 1986-2005 levels. Thawing permafrost could wake ‘sleeping giant’ of more greenhouse gases, potentially derailing global climate goals",Negative
2023-09-21,🤔 Confused about global temperature increase & climate change,Neutral
2023-11-15,"Faster warming in the Arctic will be responsible for a global 2C temperature rise being reached eight years earlier than if the region was warming at the average global rate, according to a new modelling study.",Negative
2016-08-30,"Nasa: Earth is warming at a pace 'unprecedented in 1,000 years' | the global temperature typically rose by between 4-7C over a period of 5,000 years as the world moved out of ice ages. The temperature rise clocked up over the past century is around 10 times faster than this previous rate of warming.",Negative
2025-01-02,We hit 1.6°C in 2024. Happy New Year!,Neutral
2020-01-18,"Southern Africa in throes of climate emergency, 45 million people facing hunger across the region. With temperatures rising at twice the global average and most of its food produced by subsistence farmers entirely dependent on increasingly unreliable rains",Negative
2021-03-09,"Atmospheric Drying will lead to less global vegetation, and food as temperatures rise.",Negative
2018-09-28,"Does the fact that the Trump Administration's own numbers forecast a catastrophic rise in global temperatures by 2100, and they plan on doing nothing about it, concern you at all?",Negative
2025-03-07,How many more species will we let disappear? Extinctions will accelerate rapidly if global temperatures continue to rise. Cutting emissions has to come first.,Negative
2022-11-10,"Climate change: efforts to halt rise in global temperatures may be too late to save key glaciers, report warns",Negative
2021-10-03,"Sea levels rising and Arctic ice at a record low, global report says",Negative
2024-12-04,"Yes, Climate Change Is Probably Going To Kill You",Negative
2021-10-27,"Global warming happening three times as fast in Sweden. The Arctic’s average annual temperature rose by 3.1 degrees Celsius (37.6 degrees Fahrenheit) from 1971 to 2019, compared to 1C for the planet as a whole",Negative
2018-09-28,Trump administration sees a 7-degree rise in global temperatures by 2100,Negative
2022-09-25,Scientists chart 45 million years of Antarctic temperature change. The new study of Earth’s past is one of the clearest indications yet that humans continue to produce CO2 levels for which we can expect major ice loss at the Antarctic margins and global sea-level rise over the coming decades,Negative
2025-03-10,"Trump’s USAid Cuts Will Have Huge Impact on Global Climate Finance, Data Shows |   “The US retreat from its global climate finance commitments is a staggering blow to the chances of keeping global temperature rise to 1.5C.""
– Anne Jellema, 350,org  
#GlobalCarbonFeeAndDividendPetition",Negative
2023-03-17,"Breaking: NASA proves it's the Sun causing global warming, and not CO2. The rate of temperature increase and sea level rise didn't accelerate when CO2 emissions increased 10x in 1950. Looks like we don't have to eat bugs and lock down in 15 minute open air prison camps",Negative
2023-12-07,"2023 shatters climate records, with major impacts — Global temperatures — Greenhouse gases — Sea surface temperatures — Ocean heat content — Sea level rise — Cryosphere — Extreme weather and climate events — Socio-economic impacts — Renewable energy capacity and use is booming — [WMO video]",Negative
2020-02-18,"Antarctica's ice will be lost before 2°C temperature rise, new study finds",Negative
2024-09-22,CleanTechnica: Global Surface Temperatures Are Rising Faster Now Than At Any Time In The Past 485 Million Years,Neutral
2024-10-03,"Melting glaciers force Italy and Switzerland to redraw border in Alps — Temperatures across Europe’s biggest mountain range rising at about 0.3C per decade, about twice as fast as global average — It is estimated that Alpine glaciers will shrink by up to 90 per cent by the end of the century",Negative
2023-08-03,"Replacing average, non-native turf grass lawns, that are frequently mowed will have a dramatic impact on rising global temperatures. The following temperature readings were documented at noon on a 94.2 degree day:",Negative
2024-12-24,IPCC — Climate Change 2021: The Physical Science Basis — “It is virtually certain that global surface temperature rise and associated changes can be limited through rapid and substantial reductions in global GHG emissions”,Positive
2025-03-06,"I think it just dawned on me why Trump wants Canada and Greenland so much, and it's absolutely terrifying",Negative
2023-08-02,"If solar activity is the sole cause of warming, why are global temperatures rising, when solar activity has been declining since the mid 20th century?",Negative
2024-02-08,Global food production at risk as rising temperatures threaten farmers’ physical ability to work – new study,Negative
2022-08-04,China warns that its temperatures are rising faster than global average,Negative
2019-10-15,Former Governor of the Bank of Canada says global finance is funding 4C temperature rise - Mark Carney says capital markets are financing projects likely to fuel a catastrophic rise in global heating,Negative
2024-02-20,Question about ocean temperature rise (thermodynamics),Neutral
2018-10-07,"Climate scientists meeting in Korea are being urged to avoid relying on untested technologies as a way of keeping global temperature rise under 1.5C. Early drafts said it would require machines to suck carbon out of the air. The ideas are unrealistic, said one expert, calling them ""carbon unicorns"".",Negative
2025-01-21,Inaguration Confirms Collapse & American Megastate,Negative
2019-05-22,"Plankton, responsible for 70 percent of Earth's oxygen, are fleeing the mid latitudes and headed north. ""It means that even if we manage to keep the global temperature rise below 1.5 degrees, which is doubtful, ecosystems around the globe are likely to be profoundly affected.""",Negative
2023-08-06,"If global temperatures are rising a little, it's only because the earth was cooling for the prior 4000 years.",Negative
2025-02-03,"As Charlotte Temperatures Rise, Brad Panovich Blamed For Global Warming",Negative
2023-08-02,Are their any conservative solutions to rising global temperatures?,Neutral
2022-12-07,The U.N. Wants to Criminalize Climate Change | A new report pushes to hold companies criminally accountable if their actions lead to global temperature rise.,Negative
2020-07-04,UK Government told to prepare for a 4C rise in global temperatures,Negative
2024-04-09,The world ended 40+ years ago,Negative
2022-09-07,"Global Warming Effect on Vienna, Austria Temperatures : Dramatic Rise Since 2008",Negative
2020-02-06,"Multiple eco-crises could trigger 'systemic collapse' | Overlapping environmental crises could tip the planet into ""global systemic collapse,"" more than 200 top scientists warned Wednesday. Rising temperatures could tip the planet's climate system into a self-perpetuating spiral of global warming",Negative
2017-05-05,Oil company Santos admits business plan is based on 4C temperature rise,Negative
2020-07-05,UK Government told to prepare for a 4C rise in global temperatures.,Negative
2023-04-20,"""....we are making a big mistake when we think we can ‘park’ the Earth System at any given temperature rise – say 2°C – and expect it to stay there.” – Will Steffen, Australian climate scientist #GlobalCarbonFeeAndDividendPetition",Positive
2024-11-26,A concern from global warming is the recent data that shows the heat content and temperature of the ocean is growing at an accelerating rate. A many-body quantum model is proposed as the mechanism responsible for accelerating rates of heat uptake by oceans as anthropogenic heat inputs rise.,Negative
2025-01-05,"Hong Kong’s weather service said Friday that 2024 was the city’s hottest year since records began 140 years ago, mirroring a global trend of rising temperatures and extreme weather sparked by climate change.",Negative
2025-02-22,Scientists Discover ‘Unexpected’ Decline In Global Ocean Evaporation Amid Rising Sea Temperatures,Negative
2024-10-30,Earth is Becoming ‘Increasingly Uninhabitable’,Negative
2025-01-15,Why is climate change so underestimated???,Neutral
2023-07-13,Global temperature rises in steps – here’s why we can expect a steep climb this year and next,Neutral
2024-06-26,"We were told that CO2 causes global warming, despite there being no evidence of this mechanism, because its level increase is correlated with an increase in Earth's temperature. Actually, what happens is the converse: first the temperature rises, then we observe an increase in carbon dioxide levels.",Negative
2021-10-07,What’s the point of bringing a life into Singapore?,Neutral
2025-03-07,How many more species will we let disappear? Extinctions will accelerate rapidly if global temperatures continue to rise. Cutting emissions has to come first.,Negative
2022-07-25,"As global warming ramps up, are any of you accounting for local temperature rises when sizing HVAC systems for larger buildings?",Neutral
2022-06-16,"As global temperatures rise, desert climates have spread north by up to 100 kilometres in parts of Central Asia since the 1980s, a climate assessment reveals.In the same period, mountain regions have become hotter and wetter — which might have accelerated the retreat of some major glaciers.",Negative
2023-12-16,Global Temperature Rise by country in 2022,Neutral
2024-09-01,"Due to the global temperatures rising, aviation will suffer like more like needing more fuel to take off because cold air's density helps planes take off and makes it harder in hotter climate, many flights would get cancelled and downdrafts and severe like in turbulence SQ321  will happen ",Negative
2025-03-07,How many more species will we let disappear? Extinctions will accelerate rapidly if global temperatures continue to rise. Cutting emissions has to come first.,Negative
2022-12-07,The U.N. Wants to Criminalize Climate Change | A new report pushes to hold companies criminally accountable if their actions lead to global temperature rise.,Negative
2024-08-27,‘The ocean is overflowing’: UN chief issues global SOS as new reports warn Pacific sea-level rise and sea surface temperature increase  outstrips global average ,Negative
2022-02-13,"Wildlife experts and gardeners are reporting a series of highly unusual early sightings of flora, fauna, insects and birds across Britain, some of them weeks before when they would normally appear, in a further sign that rising global temperatures are having a significant impact on British wildlife.",Negative
2025-02-12,"Just a small rise in global temperatures could be deadly. By mid-century, lots of spots around the globe could hit temperatures hazardous for human health.",Negative
2023-12-04,"A nonprofit research organization recently released approximations of how cities around the world will look if global temperature and, in tandem, sea levels continue to rise. Here they show Baltimore, with Camden Yards brimming with water. We must extend Gunnar and Adley before this happens.",Negative
2025-01-28,"The Coming Great Global Land Reshuffle /   ""The share of Canada’s farmland suitable for agriculture could expand dramatically in coming decades as temperatures rise. Greenland is another expected climate winner.""
– Michael Albertus, University of Chicago  
#GlobalCarbonFeeAndDividendPetition",Positive
2023-11-20,Earth facing dire sea level rise — up to 20m — even if climate goals met By Kathryn Mannie Global News,Negative
2018-10-08,"Climate report: Scientists urge deep rapid change to limit warming. It's the final call, say scientists, the most extensive warning yet on the risks of rising global temperatures.",Negative
2024-12-12,"Feared threshold now a reality:  ""Earth Will Exceed 1.5 Degrees Celsius of Warming This Year""",Negative
2024-09-29,Global warming is on track to double,Negative
2023-08-15,"The world is likely to face major disruption to food supplies well before temperatures rise by the 1.5C target, the president of the UN’s desertification conference has warned, as the impacts of the climate crisis combine with water scarcity and poor farming practices to threaten global agriculture",Negative
2025-03-26,"Bhutan hits record high 40°C as global temperatures rise. Data shows that between 1990 and 2020, Bhutan’s three benchmark glaciers—Thana, Gangjula, and Shodug—have been retreating at an accelerating pace.",Negative
2025-03-04,"Rising Temperatures, Rapid Aging: How Ambient Heat Affects DNA in Seniors",Negative
2024-02-10,5 factors to explain the record heat in 2023 — Long-term rise in greenhouse gases is primary driver — Return of El Niño — Long-term ocean warming and hotter-than-normal sea surface temperatures — Decrease in atmospheric aerosols — Tonga volcanic eruption did not substantially add to the record heat,Neutral
2020-02-19,"Global warming causing 'irreversible' mass melting in Antarctica. The hottest temperature ever recorded in Antarctica of 18.3 deg C ( 64. 94 F) was taken at a research base there on Feb 6. If hotter temperatures were to sustain, they could cause an extreme global sea level rise.",Negative
2016-02-25,Australia's biggest banks pump 5.5bn into fossil fuels despite acknowledging it would cause a 2.5℃ global rise in temperature,Negative
2024-09-03,"Rising global temperatures, grandma? Time for bed ",Neutral
2014-03-05,"Sydney Opera House and Statue of Liberty 'will be lost to sea level rise'. Nearly one-fifth of world cultural heritage sites would be affected by global warming of a further 3C, scientists warn",Negative
2025-03-31,Claim: Rising global temperatures cause more frequent and intense extreme weather events.,Neutral
2025-03-31,Claim: Rising global temperatures increase the frequency and intensity of extreme weather events,Neutral
2025-03-31,"Claim: Rising global temperatures increase the frequency and intensity of extreme weather events, causing human suffering and economic damage.",Negative
2025-03-31,Claim: The scientific consensus confirms a clear and present danger from rising global temperatures.,Neutral
2025-03-30,"Claim: Rising global temperatures, melting polar ice caps, and increased extreme weather events are observable phenomena.",Neutral
2025-03-30,Claim: Rising global temperatures cause more frequent and intense extreme weather events.,Neutral
2025-03-30,"Claim: Rising global temperatures are causing observable shifts in weather patterns, sea levels, and ecosystems.",Neutral
2025-03-30,"Claim: Rising global temperatures are causing melting glaciers and ice caps, rising sea levels, and more frequent extreme weather.",Neutral
2025-03-30,"Claim: Human activity is the primary cause of rising global temperatures, according to a scientific consensus supported by NASA and the IPCC.",Neutral
2025-03-30,"Claim: Rising global temperatures are evident through melting glaciers and polar ice caps, rising sea levels, and more frequent extreme weather events.",Neutral
2025-03-29,Claim: Rising global temperatures are increasing the frequency and intensity of extreme weather events.,Neutral
2025-03-29,"Claim: Global temperatures, rising sea levels, and extreme weather events are demonstrably increasing.",Neutral
2025-03-29,Claim: Rising greenhouse gas emissions from industrial activities and deforestation correlate strongly with the observed increase in global average temperatures.,Neutral
2013-03-17,"The Dangerous Myth That Climate Change Is Reversible: ""We’d have to drop total global emissions to zero now & for the rest of the century lower concentrations enough to stop temperatures from rising. Even in this implausible scenario, we still aren’t talking about reversing climate change.""",Negative
2021-04-11,"Is The Venus Project The Next Stage In Human Evolution? ""Against the backdrop of rising temperatures, collapsing ecosystems, and the threat of species extinction, technologies like artificial intelligence (AI) and robotics are now moving to transform the global order."" Sep 1, 2020",Neutral
2025-03-29,"Claim: Rising global temperatures are causing more frequent and intense heatwaves, droughts, and wildfires.",Neutral
2025-03-28,"Claim: Rising global temperatures are causing more frequent and intense heatwaves, droughts, floods, and wildfires, according to recent IPCC reports.",Neutral
2025-03-28,"Claim: Rising global temperatures are causing more frequent and intense extreme weather events, impacting human lives and economies.",Negative
2025-03-28,"Claim: Climate change is accelerating, as evidenced by rising global temperatures, extreme weather, and sea-level rise impacting global communities.",Negative
2025-03-28,"Claim: Global temperatures are increasing, ice is melting rapidly, and sea levels are rising.",Neutral
2024-12-10,"Three leading climate scientists have combined insights from 10 global climate models and, with the help of AI, conclude that most of the world will see temperatures rise to 3°C much faster than previously expected.",Neutral
2025-03-27,Claim: Rising global temperatures cause more frequent and intense extreme weather events.,Neutral
2025-03-27,"Claim: Rising global temperatures are causing melting glaciers and ice sheets, rising sea levels, and more frequent extreme weather.",Neutral
2025-03-27,"Claim: Rising global temperatures, extreme weather, and melting ice caps serve as clear evidence of a changing climate.",Neutral
2024-11-14,"‘Minimal progress’ made this year on curbing global heating, report finds | Analysis by Climate Action Tracker puts median temperature rise by 2100 at 2.7C if current policies continue",Negative
2019-10-15,Bank of England boss says global finance is funding 4C temperature rise,Negative
2013-05-20,"Climate change: human disaster looms, claims new research. Forecast global temperature rise of 4C a calamity for large swaths of planet even if predicted extremes are not reached",Negative
2024-01-08,"Scientists have isolated a key temperature tolerance gene in wheat, which could help future-proofing the crop against rising global temperatures.",Positive
2025-03-19,"Claim 2: Rising global temperatures, extreme weather, and melting ice caps serve as clear evidence of a changing climate.",Neutral
2009-11-30,Many people have come to believe that scientists are unfairly restricting access to the raw data relating to the global rise in temperature. So here's the raw data,Neutral
2025-03-25,"Carbon cycle feedbacks may amplify global heating risk. The analysis shows that achieving the Paris Agreement's aim of limiting global temperature rise to well below 2°C is only feasible under very low emission scenarios, and if climate sensitivity is lower than current best estimates.",Negative
2020-08-14,Global death rate from rising temperatures projected to surpass the current death rate of all infectious diseases combined,Negative
2021-05-17,AskScience AMA Series: We're the scientists who figured out cutting methane emissions can avoid 0.3°C of global warming by 2045. Ask us anything!,Positive
2021-08-23,Banning water breaks while global temperatures are rising.,Negative
2025-03-21,Record-Breaking Global Temperatures in 2025 – Scientists Issue Warning 🌍,Negative
2024-10-11,"'Irreversible' environmental disasters loom as global temperatures rise, new study finds",Negative
2025-03-10,"Trump’s USAid Cuts Will Have Huge Impact on Global Climate Finance, Data Shows |   “The US retreat from its global climate finance commitments is a staggering blow to the chances of keeping global temperature rise to 1.5C.""
– Anne Jellema, 350,org  
#GlobalCarbonFeeAndDividendPetition",Negative
2025-03-11,"Permian mass extinction linked to 10°C global temperature rise that reshaped Earth's ecosystems. The mass extinction that ended the Permian geological epoch, 252 million years ago, wiped out most animals living on Earth.",Negative
2024-11-24,"Climate Change and Air Pollution Could Risk 30 Million Lives Annually by 2100. New study projects a sharp rise in temperature- and pollution-related mortality, with the impact of temperature surpassing that of pollution for a fifth of the global population",Negative
2018-09-29,Trump administration predicts a 7-degree global temperature rise. Its policies assume planet’s fate is sealed.,Negative
2023-05-25,"Hansen et al. 2022, Global warming in the pipeline suggests a 10 degree rise in average global temperature may already be baked in",Negative
2025-03-13,Cumulative economic output reduced by 15% to 34% if the global average temperature allowed to rise by 3°C by 2100 rather than limited to 2°C. Mitigation could return 5 to 14 times original investment.,Negative
2024-12-12,What would be the required global temperature rise in order to have the dew point temperature above 38℃ >6months per year over major cities ?,Neutral
2024-12-10,"Three leading climate scientists have combined insights from 10 global climate models and, with the help of AI, conclude that most of the world will see temperatures rise to 3°C much faster than previously expected.",Negative
2018-10-04,Global temperature for last 150 years [OC],Neutral
2012-12-14,Nearly 4 out of 5 Americans now think temperatures are rising and that global warming will be a serious problem.,Neutral
2025-03-01,"The US is losing its grip on global warming, and China and India are taking advantage. Global average temperatures may rise by 2 degrees Celsius if they keep rising at the same rate.",Negative
2019-05-12,U.N. Secretary-General warns world 'not on track' to limiting temperature rise to 1.5 percent: TVNZ,Negative
2015-07-09,"Scientists show that unusually cold winters which seem to buck the trend of global warming are not contradictions at all. They even predict that in 2100, after 85 years of climate change, there will still be a chance of such cold winters while unusually warm summers will rise by 90%.",Neutral
2025-03-04,"World's critical food crops at imminent risk from rising temperatures, research reveals",Negative
2023-12-03,The Summer of 2024 Will Be A Nightmare For Many,Negative
2024-10-02,"The pace at which oceans are warming has almost doubled since 2005 as global temperatures rise because of human-caused climate change, a report from the EU monitor Copernicus",Negative
2025-01-21,BREAKING: President Trump has officially withdrawn the US from the Paris Climate Accord,Negative
2014-06-09,"Rising global temperatures could increase the amount of carbon dioxide naturally released by the world's oceans, fuelling further climate change, a study published in Nature Geoscience suggests.",Negative
2025-01-26,Global Surface Temperatures Are Rising Faster Now Than At Any Time In The Past 485 Million Years,Negative
2024-10-01,How Can a 1-2 Degree Rise in Global Temperature Have Such a Huge Impact?,Neutral
2022-01-20,[OC] STATE OF THE CLIMATE | Global Temperatures from 1880-2021.,Neutral
2017-03-14,Louisiana wetlands struggling with sea-level rise 4 times the global average,Negative
2023-11-14,"Faster warming in the Arctic will be responsible for a global 2C temperature rise being reached eight years earlier than if the region was warming at the average global rate, according to a new modelling study",Negative
2023-11-21,"Is it too late to keep global warmingbelow 1.5°C? The challenge in 7 charts | Chances are rapidly disappearing to limit Earth’s temperature rise to the globally agreed mark, but researchers say there are some positive signs of progress.",Negative
2024-06-21,ShowYourStripes display global and local temperature rises in the last 100 years,Neutral
2017-09-16,The Window Is Closing to Avoid Dangerous Global Warming - There's a 50 percent chance that temperatures will rise 4 degrees Celsius under a business-as-usual scenario,Negative
2017-12-06,Global Warming’s Worst-Case Projections Look Increasingly Likely. A new study based on satellite observations finds that temperatures could rise nearly 5 °C by the end of the century.,Negative
2023-03-10,"Rising Temperatures Due to Climate Change Will Reduce Coffee Production Globally, Study Suggests",Negative
2013-12-31,Global average temperatures will rise at least 4°C by 2100 and potentially more than 8°C by 2200 if carbon dioxide emissions are not reduced. Scientists found global climate is more sensitive to carbon dioxide than most previous estimates,Negative
2024-09-24,I have a question for the redditors here. Is the Sun behind the rising temperatures causing Global Warming/Climate Change ( besides C/O/G emissions )?,Neutral
2024-05-26,"🔥🐸💦🔥 Rising Global Sea Surface Temperatures: Consequences, Causes, and the Faustian Bargain [Science Sunday][In-Depth][May 2024]",Neutral
2025-02-01,Temperatures in the Netherlands rising twice as fast as global average,Negative
2025-02-01,Temperatures in the Netherlands rising twice as fast as global average,Negative
2025-01-20,Global Surface Temperatures Are Rising Faster Now Than At Any Time In The Past 485 Million Years,Negative
2013-02-22,"Caves point to thawing of Siberia: a global temperature rise of just 1.5 °C destroyed much of Siberia's permafrost, suggesting that large-scale melting is just around the corner",Negative
2022-03-06,"Climate change: effect on forests could last millennia, ancient ruins suggest. Forests are home to 80% of land-based biodiversity, but these arks of life are under threat. The rising average global temperature is forcing tiny plants to shift upslope in search of cooler climes.",Negative
2025-01-28,"The Coming Great Global Land Reshuffle /   ""The share of Canada’s farmland suitable for agriculture could expand dramatically in coming decades as temperatures rise. Greenland is another expected climate winner.""
– Michael Albertus, University of Chicago  
#GlobalCarbonFeeAndDividendPetition",Negative
2025-01-27,Global Surface Temperatures Are Rising Faster Now Than At Any Time In The Past 485 Million Years,Negative
2025-01-20,Global Surface Temperatures Are Rising Faster Now Than At Any Time In The Past 485 Million Years,Negative
2023-11-04,Humans Are Now Functionally Extinct,Negative
2016-08-18,"According to the latest NOAA report, July 2016 marks the 15th consecutive month to set a new global average temperature record and, in absolute terms, is the warmest month ever recorded in the historical data set dating back to 1880.",Negative
2020-09-03,"I'm Sarah, a Professor at The University of Manchester. I'm using my astrophysics research background to identify ways to help reduce greenhouse gas emissions... from food. Ask me Anything!",Positive
2025-01-20,Global surface temperatures are rising faster now than at any point in the last 485 million years ,Negative
2020-09-24,"At 2°C of warming, melting and the accelerated ice flow into the ocean will, eventually, entail 2.5m of global sea level rise just from Antarctica alone. At 4°C, it will be 6.5m and at 6°C almost 12m... ""We're looking at removing nations from the map, it doesn't get much more serious than that.""",Negative
2023-01-06,California's sudden jump from withering drought to violent floods is a warning for the whole world — This drought-flood weather whiplash is becoming more common and severe as global temperatures rise.,Negative
2024-10-23,"With global temperatures on the rise, Swiss researchers found that diamonds in the sky would deflect sunlight back to space. The technique, known as solar geoengineering, involves sending reflective materials into the atmosphere to direct sunlight away from the planet thereby lowering temperatures.",Positive
2025-01-17,[1] Global temperature rise has been 0.5°c since 2015,Neutral
2024-08-04,Antarctica heat wave sends temperatures 50 degrees above normal | CNN,Negative
2024-06-05,You simply can’t make this stuff up,Neutral
2025-01-10,EU climate monitor warns global temperature rise breached 1.5 degrees Celsius for first time in 2024,Negative
2025-01-06,"The UK may soon be facing a climate emergency caused by the rise of extreme weather conditions, with global mean temperatures expected to be as high as 3C in some areas.",Negative
2024-09-22,Global Surface Temperatures Are Rising Faster Now Than At Any Time In The Past 485 Million Years,Negative
2024-04-11,More Than Half a Million Global Stroke Deaths May Be Tied to Climate Change. Stroke-Related Deaths on Rise in Regions With High Temperatures,Negative
2024-12-06,Global Temperature Spiking Upward due to Fewer Low Level Clouds,Negative
2019-07-24,"Climate scientists drive stake through heart of skeptics' argument: New research shows that the recent rise in global temperatures is unlike anything seen on Earth during the past 2,000 years.",Negative
2024-07-18,"The corporate predecessor to America’s largest refiner of oil, Marathon Petroleum, explained in a company periodical nearly 50 years ago that global temperature rise potentially linked to “industrial expansion” could one day cause “widespread starvation and other social and economic calamities”.",Negative
2024-08-11,"Capital of Alaska Flooded by Melting Glacier. The outbursts have become a regular occurrence since 2011 and are a consequence of climate change. The Arctic, including Alaska, is warming twice as fast as the rest of the planet as global temperatures rise because of fossil fuel pollution.",Negative
2024-10-01,"Rising temperatures due to global warming are causing the famous Kangal dogs, known for their distinctive porcelain-white coats, to develop a yellowish tint. This phenomenon highlights the broader impact of climate change on animal species and their physical characteristics",Positive
2024-12-30,"AI Weekly Rundown December 22nd to December 29th 2024: 🧠Sam Altman: AI Is Integrated. Superintelligence Is Coming 🤔Yann LeCun Disputes AGI Timeline, Contradicting Sam Altman and Dario Amodei 🤖DeepSeek’s New AI Model Among the Best Open Challengers Yet 🌡️AI Predicts Accelerated Global Temperature",Neutral
2024-12-26,"Today in AI: ♾️ ChatGPT's Infinite Memory Feature is Real 📚AI is a Game Changer for Students with Disabilities, Schools Still Learning to Harness It 🤖Nvidia's Jim Fan: Embodied Agents to Emerge from Simulation with a ""Hive Mind"" 🌡️ AI Predicts Accelerated Global Temperature Rise to 3°C",Neutral
2014-11-23,"US poll finds most back limits on coal emissions even if power prices rise. The survey also reveals a ""misunderstanding"" of climate change as only one in 10 of those polled said they know that more than 90 per cent of climate scientists say humans are contributing to global warming.",Negative
2024-09-21,Why isn’t the temperature of the world rising (not global warming),Neutral
2015-09-08,"Six island nations call for global moratorium on coalmines. Leaders from the Cook Islands, Kiribati, Marshall Islands, Nauru, Palau and Tuvalu demanded the world limit the global temperature rise to 1.5 degrees Celsius and that countries uphold the principle of polluter pays.",Positive
2024-09-26,The hottest city in the US is at a tipping point. ,Negative
2023-12-18,Global Temperature Rise by 2100,Neutral
2019-11-19,Sea levels are not going to rise and we are about to enter a severe period of global cooling.,Negative
2024-12-10,AI Model Indicates Global Temperatures Will Rise Faster Than Expected,Neutral
2024-08-22,Would a 5 degree Celsius rise in average temperature be more destructive to the earth vs a 5 degree drop in average temperature?,Neutral
2024-12-06,"Climate change is putting the global food supply at risk. Rising temperatures, pest outbreaks, and diseases are slashing crop yields. Even surviving crops lose nutritional value. As the crisis deepens, are we doing enough to safeguard food security for future generations?",Negative
2024-11-21,Rising Global Mortality: The Dual Threat of Air Pollution and Extreme Temperatures,Negative
2023-09-16,Russia is encouraging right wing conspiracies about climate change around the world because their country would benefit greatly from global temperature rises,Negative
2022-03-13,Global temperature rise vs. global gas price rise,Neutral
2023-08-30,Are all lead carpenters by law required to believe in conspiracy theories?,Neutral
2024-09-01,"Rising Global Temperatures Saving Millions Of Lives, Study Finds. Cold Kills 30 Times More!",Positive
2025-03-14,Anyone else doing Sustainability for Accountants this term?,Neutral
2023-03-06,What are you doing personally to practice sustainability?,Neutral
2023-11-30,Career switch to sustainability?,Neutral
2022-11-25,Is sustainability still a useful concept?,Neutral
2023-11-20,What are the biggest problems you struggle with when it comes to sustainability?,Negative
2023-09-12,How do you get into sustainability jobs?,Neutral
2024-12-23,Is Sustainability the Next Big Thing in Careers?,Neutral
2024-10-12,"What do we think of ""Sustainability"" degrees?",Neutral
2023-06-29,Anyone working in the Sustainability/Environmental Sector?,Neutral
2024-04-23,ESG/sustainability?,Neutral
2024-12-11,UnitedHealth CEO Andrew Witty says that the company will continue the legacy of Brian Thompson and will combat 'unnecessary' care for sustainability reasons.,Positive
2025-03-13,Tesla (TSLA) Stock: Trump's Purchase Fails to Sustain Rally,Negative
2025-03-13,Tesla (TSLA) Stock: Trump’s Purchase Fails to Sustain Rally,Negative
2024-09-24,21-year-old climber dies after sustaining 'major injuries' in fall off Devil's Tower,Negative
2025-03-09,How is this sustainable,Neutral
2023-10-22,"If you can't get 8 hours sleep per day, your life isn't sustainable",Negative
2025-03-22,We should stop calling life-sustaining nutrients (vitamins) by their irrelevant letter names and use their actual names.,Neutral
2024-01-29,Just a light afternoon snack to sustain his healthy frame ,Positive
2024-06-19,It's a win for natural sustainability,Positive
2022-12-22,Zelensky greeted with loud and sustained applause as he enters the House floor,Positive
2025-02-09,Google Calendar removed events like Pride and BHM because its holiday list wasn’t ‘sustainable’,Negative
2024-04-26,Canadian food banks are on the brink: ‘This is not a sustainable situation’ | Globalnews.ca,Negative
2024-12-11,MRW UnitedHealth CEO Andrew Witty says that the company will continue the legacy of Brian Thompson and will combat 'unnecessary' care for sustainability reasons.,Positive
2023-08-04,Reverse graffiti: Removing dirt by using a stencil and a pressure washer. A sustainable alternative.,Positive
2024-09-17,Our healthcare system isn’t sustainable ,Negative
2024-09-19,Forbes namechecks this sub in explaining why Elon isn't on their sustainability leaders list,Neutral
2024-03-05,State of every sustain rn,Neutral
2025-02-16,My self sustaining shrimp jar still holding strong,Positive
2025-02-09,[SPOILER] Main event fighters chat backstage about injury sustained in cage.,Negative
2023-09-08,Is being a bottle girl sustainable?,Neutral
2022-05-07,you cant say sustainable without saying fuck golf courses,Negative
2023-09-14,Wagner Group sustains significant losses in clashes with Central African Republic rebels,Negative
2024-11-14,Sustainable 600 km/sec spaceship,Positive
2022-03-24,"Zelenskyy urges Russians to leave Russia, stop paying taxes that sustain the war",Negative
2025-01-29,Is this sustainable growth? 💁🦋,Neutral
2024-09-24,"World's oceans close to becoming too acidic to sustain marine life, report says",Negative
2024-10-08,"Russian spies ‘on sustained mission to generate mayhem in British and European streets’, says MI5",Negative
2022-12-21,How Maine lobster fisherman keep the lobster population sustainable,Positive
2022-04-26,"Meat consumption must fall by at least 75% for sustainable consumption, says study",Negative
2023-11-28,The most intense storm in our solar system (by sustained winds),Neutral
2023-09-08,Let me remind you of something about the sustainer of heavenly principals,Neutral
2023-06-09,"Ah yes, the cattle industry. The best example of sustainable environmentalism.",Negative
2024-04-26,I wonder can anything other than the sustain unit appear in here.....,Neutral
2022-10-10,Researchers describe in a paper how growing algae onshore could close a projected gap in society’s future nutritional demands while also improving environmental sustainability,Positive
2022-05-21,Lovely control on the sustained notes.,Positive
2021-06-27,Every job should be able to sustain a dignified living,Positive
2024-09-24,World's Oceans CLOSE to Becoming Too Acidic to Sustain Marine Life,Negative
2021-11-23,Every job should be able to sustain a dignified living,Positive
2021-12-24,It can't be stopped. It's self-sustaining now.,Negative
2023-01-01,I designed some sustainable NYE glasses last night.,Positive
2025-01-07,"Russia ‘delusional’ about its ability to sustain Ukraine war, says Latvian foreign minister",Negative
2020-08-15,"Trump’s attacks on the Postal Service deserve sustained, red-alert coverage from the media",Negative
2024-12-05,Oligarchy is not sustainable ,Negative
2020-04-09,1 in 3 Americans say their stimulus checks won’t sustain them for even a month,Negative
2025-01-21,Joella is a sustainable queen of LA,Positive
2024-11-19,Bluesky Sees Greatest Sustained Growth So Far in the US and UK,Positive
2024-10-27,[SPOILER] Co-main event loser talks about ending of fight and sustained injury. ,Negative
2024-08-27,West Virginia 8th grader dies from injuries sustained during football practice,Negative
2020-07-22,"World seafood species in decline . 82 % were below levels that can produce maximum sustainable yields. 87 populations were in the “very bad” category, with biomass levels at less than 20 % of what is needed to maximize sustainable fishery catches",Negative
2024-08-04,THIS IS NOT SUSTAINABLE ,Negative
2024-04-17,70 percent of devs unsure of live-service games sustainability,Negative
2022-08-25,[OC] Sustainable Travel - Distance travelled per emitted kg of CO2 equivalent,Positive
2025-01-11,ELI5 How Did The Economy Sustain Itself When 90% of People Were Farmers?,Neutral
2021-11-27,They Are Self-Sustaining Now.,Positive
2025-03-06,Dorit and Kyle hating on sustainable fashion,Negative
2024-06-14,The most intense storm in our solar system (by sustained winds),Neutral
2023-01-09,"Aww, you mean this business model wasn’t sustainable? Who’s have thunk it",Negative
2024-08-27,West Virginia 8th grader dies from injuries sustained during football practice,Negative
2025-01-25,YSK: Exercise can be self sustaining.,Positive
2025-02-03,Howl's Moving & Self Sustaining Castle (sound),Positive
2018-12-01,Goldman Sachs asks in biotech research report: 'Is curing patients a sustainable business model?',Negative
2024-02-12,[Request] How fast would the flying machine realistically have to pedal in order to sustain flight?,Neutral
2017-04-25,Police Reports Blame United Passenger for Injuries he Sustained While Dragged Off Flight,Negative
2025-02-11,My first sustainable 2k region,Positive
2022-02-02,EU plans to label natural gas and nuclear power plants “sustainable”,Negative
2024-02-14,"Russia can sustain war effort for ‘two or three years,’ finds defense study",Negative
2020-09-14,"Microsoft finds underwater datacenters are reliable, practical and use energy sustainably",Positive
2021-11-01,Lab-grown gemstones are sustainable dammit,Positive
2017-06-13,I'm lucky to be broke at a time when minimalism and sustainability are in style.,Positive
2020-12-20,Researchers Achieve First “Sustained” Long Distance Quantum Teleportation,Positive
2024-07-08,The stock market is unfairly and unjustly sustained by the Fed and only benefits the elite. ,Negative
2022-03-08,This is not sustainable. How much longer is this going to last before this “system” collapses?,Negative
2024-12-05, To be a barrister in Ireland requires parental wealth to sustain your career. Crazy.,Negative
2023-03-15,UK Budget 2023: Nuclear power to be reclassed as 'environmentally sustainable',Positive
2020-02-08,Scientists have found deveral funghi at Chernobyl that sustain themselves using Radiosynthesis. They feed on radiation.,Positive
2024-05-22,Yankees owner Hal Steinbrenner warns of lower payrolls after 2024: 'Simply not sustainable for us financially',Negative
2025-03-06,"We could have healthy, sustainable cities, but instead we choose to have this.",Negative
2021-09-23,"Who exactly is Working in Western Europe, how does EU sustain this? Holy Fuck.",Negative
2022-03-12,What's degrading about work is the social relations that sustain it,Negative
2023-10-27,"UN calls for ""immediate durable and sustained humanitarian truce"" in Israel-Hamas war",Positive
2020-02-17,The march toward the $2000 smartphone isn't sustainable,Negative
2020-03-19,Pennsylvania to close all businesses that are not essential to sustaining life,Negative
2024-06-14,The most intense storm in our solar system (by sustained winds).,Positive
2024-12-11,UnitedHealth CEO Andrew Witty says that the company will continue the legacy of Brian Thompson and will combat 'unnecessary' care for sustainability reasons.,Positive
2025-02-16,Let's keep the momentum sustainable by not turning this into a purity test,Positive
2025-03-07,curly hair is just not sustainable and i’m at my breaking point,Negative
2020-05-14,"Coronavirus Pandemic Has Inspired 64 Percent of Americans to Live More Sustainably, Survey Finds",Positive
2023-05-13,"Beans are protein-rich, sustainable, and delicious. Why doesn’t the US eat more of them?",Positive
2020-05-05,The Self Sustaining Garden Guy.,Positive
2021-10-11,Finland lobbies Nuclear Energy as a sustainable source,Positive
2024-09-03,"if by ""self sufficient"" you mean sustained by slavery, then sure...",Negative
2015-03-05,Lockheed Martin Claims Sustainable Fusion Is Within Its Grasp,Positive
2022-07-02,Perfectly conveys what sustainability is about! [Credit to respective owner],Positive
2023-06-01,A STAGGERED GREEN ROOF GIVES THIS EDUCATIONAL BUILDING ORGANIC ARCHITECTURE WITH SUSTAINABLE BUILDING PRACTICES.,Positive
2023-02-03,Electric Cars won’t make this sustainable,Negative
2019-12-01,"Cuba found to be the most sustainably developed country in the world, new research finds",Positive
2021-03-13,Live sustainably to own the libs,Negative
2021-02-08,"""Amazon is committed to building a sustainable business for our customers and the planet.""",Positive
2019-09-23,What's the dumbest injury you've sustained from a seemingly harmless act or scenario?,Negative
2021-10-02,Fairphone’s latest sustainable smartphone comes with a five-year warranty,Positive
2023-03-03,THE EARTH SUSTAINS ME!,Positive
2024-12-25,PJ on career sustainability ,Neutral
2024-10-01,"World's oceans close to becoming too acidic to sustain marine life, report says.",Negative
2024-10-18,"The mandatory Alia praise in a KJO production. “Sustainability, man!” How out of touch are these people?  ",Negative
2023-03-31,"E3 Has Been Canceled: The show ""did not garner the sustained interest necessary""",Negative
2024-04-17,"Cyberpunk 2077 sequel lead says avoiding crunch is key to keeping studios afloat: ""Sustainability is incredibly important""",Positive
2016-07-19,WikiLeaks suffers ‘sustained attack’ after announcing megaleak of Turkey govt docs,Negative
2024-08-30,Sustained by cookies like the Grandmas,Neutral
2022-06-21,Roaches can sustain underwater?!,Neutral
2021-12-21,It's self-sustaining now,Neutral
2019-10-17,"Exclusive: Patagonia founder Yvon Chouinard talks about the sustainability myth, the problem with Amazon—and why it’s not too late to save the planet",Positive
2019-12-16,"Goldman Sachs on Monday announced its plan to invest $750 billion over 10 years to fight climate change by funding sustainable development. Goldman Sachs plans to invest in five areas: clean energy, sustainable transportation, food and agriculture, waste and materials, and ecosystem services",Positive
2022-06-10,This is totally sustainable right?,Negative
2025-03-10,KADOKAWA Anime Producers Takuya Yoshioka and Maki Mihara Say Japan Needs to Protect Its Unique Style and Calls for Sustainable Production,Positive
2024-04-11,WELT IS NOT A SUSTAIN/SUPPORT,Negative
2022-04-20,Please start building vertically. Forcing single unit homes with zoning is not sustainable!,Negative
2023-12-17,Three Guys Own As Much As Half Of America. How Is This Sustainable?,Negative
2025-02-24,Bro what is this sustain 💀 mythic 80 solo gameplay,Negative
2022-10-02,Low-meat diets nutritionally adequate for recommendation to the general population in reaching environmental sustainability.,Positive
2024-12-28,Landlords are making a perfectly self sustaining business go under,Negative
2024-05-09,This isn’t sustainable 🔥,Negative
2022-12-22,[KNBR] Giants were concerned about Carlos Correa’s ankle injury sustained in 2014,Negative
2022-08-02,Something’s got to give. This isn’t sustainable.,Negative
2024-07-28,Surely this isnt sustainable....,Negative
2019-06-18,cursed_sustainability,Negative
2022-04-13,Nick Saban believes current state of NCAA football is not ‘sustainable’,Negative
2024-07-10,Sean Strickland sustains injuries in motorcycle accident,Negative
2015-01-05,I invented a sustainable jar that lifts it all!,Positive
2023-11-23,Vegas-Middle East back-to-back doesn't fit F1's sustainability agenda - Verstappen,Negative
2022-02-17,WE HAVE SUSTAINED CRITICAL DAMAGE,Negative
2023-10-06,"The best sustained single target damage, Optimal TB OH Monk complete build guide",Positive
2019-02-20,‘Sustained and ongoing’ disinformation assault targets Dem presidential candidates,Negative
2025-01-18,This is not sustainable,Negative
2019-12-28,This wearable vest grows a self-sustaining garden watered by your own urine,Positive
2023-12-28,2 Hours 14 minutes and 19 seconds. Longest self sustained no input flight. ,Positive
2021-07-14,Leeds striker Patrick Bamford says Marcus Rashford's off-field activism has inspired him to do more in the battle against climate change and to promote sustainability.,Positive
2020-04-13,America’s Self-Sustaining Economy,Positive
2024-09-02,HSR sustains in a nutshell as of 2.4,Neutral
2022-12-20,What’s the deal with the hate on Bill Gates promoting altruism and sustainability for the future?,Neutral
2023-12-22,CPP is sustainable for at least the next 75 years,Positive
2024-03-15,Sustainable transit,Positive
2024-09-11,Exec behind $500 billion sustainable paradise Neom complained about worker deaths taking up his time,Negative
2023-06-27,Here's hoping that Fontaine tells us something more about miss Sustainer..,Neutral
2018-02-11,Researchers discover efficient and sustainable way to filter salt and metal ions from water,Positive
2020-01-10,Australian PM Abruptly Ends Press Conference After Sustained Q's On Climate Change,Negative
2024-06-23,"""It can't be stopped, it's self-sustaining now""",Positive
2023-02-19,"Back from a 22 year break, how can I sustain a bond with these stats?",Neutral
2017-09-25,Doctors concerned Sidney Crosby has sustained another concussion after he accepts invitation to Trump White House,Negative
2023-10-07,I'm a little new to wrestling but how is this sustainable? Ouch.,Negative
2022-08-17,Scientists Achieved Self-Sustaining Nuclear Fusion… But Now They Can't Replicate It,Negative
2020-03-05,It's time we stop the obsession of changing our phones every 2 years. SUSTAINABILITY must be the next tech evolution,Positive
2024-02-22,I love being an unkillable tank with infinite sustain and damage.,Positive
2024-01-02,"Marvel Actress Carrie Bernans Hit by Car, Sustains Horrific Injuries",Negative
2020-01-21,"Coca-Cola will not ditch single-use plastic bottles because consumers still want them, the firm's head of sustainability told the BBC",Negative
2024-06-19,It's a win for natural sustainability.,Positive
2022-12-15,Dell's new sustainable Concept Luna laptop can be dismantled in seconds,Positive
2022-08-09,"Poke, zoning, sustain, disengage",Neutral
2022-05-28,European Cities Are Turning Rooftops Into Community and Sustainability Hubs: 'A revolution in urban planning',Positive
2019-02-02,Samsung ditches plastic packaging for 'sustainable materials',Positive
2024-06-14,World first US patent for insects as sustainable protein,Positive
2022-10-11,Where to find witchy clothes from a sustainable brand?,Positive
2023-04-20,Niantic removing the advertised 1/2 buddy candy distance for Sustainability Week,Negative
2022-06-26,"NHL experiencing sustained growth with female, younger fans",Positive
2025-03-04,Sustainable Development Goal for a dignified ലൈഫ് ഇൽ ഒന്നാം സ്ഥാനത്തു കേരളം 😍,Positive
2023-01-14,Hypothetically speaking: how long could one sustain themselves on panettone alone?,Neutral
2021-03-15,"Location, Source, & Duration of every injury Hazard sustained since he arrived at Real Madrid.",Neutral
2022-10-18,‘It’s not sustainable’: overcrowding is changing the soul of US national parks,Negative
2023-08-10,Why does it feel everyone's done with sustain?,Negative
2024-09-02,Anyone who's serious about sustainability should change to a plant-based diet,Positive
2024-08-23,"""Demand Sustainable Immigration"" Billboard in Mississauga at Creditview and Eglinton.",Positive
2020-09-24,"Caffeine can help sustain attention over long periods of time, according to new experimental research",Positive
2022-10-21,"US supermarket in 1940; no plastic, just wood; express checkout line; we were already sustainable",Positive
2020-02-01,H&M accused of ‘greenwashing’ over plans to make clothes from sustainable fabric - ‘Fashion this fast can never and will never be sustainable’,Negative
2025-01-27,The Eagles way of winning isn’t sustainable 😡😡😡,Negative
2024-02-07,This looks… sustainable,Neutral
2020-12-30,Youth voter turnout in Georgia runoffs shows signs of sustained enthusiasm post-November,Positive
2023-01-13,PBE changes inc. for bruiser items and sustain.,Neutral
2024-12-17,PSA: Area level 80+ is ruining your waystone sustain,Negative
2021-08-12,Does Kokomi sustain fall damage while she's falling into water and her burst is up?,Neutral
2021-10-06,Formula 1 Is Creating a 100% Sustainable Fuel to Keep Internal Combustion Alive,Positive
2020-01-15,You can fall from any height and not sustain any damage,Positive
2023-03-28,Why Americans should eat lentils every day | Food is the single strongest lever to optimize human health and environmental sustainability on Earth,Positive
2017-10-29,"SpaceX envisions a “permanent, self-sustaining human presence” on the red planet.",Positive
2024-05-26,Why is it racist to want a sustainable plan?,Negative
2022-05-08,Sustainable energy propaganda poster by the European Greens,Positive
2024-04-18,"It's crazy how much value a limited sustain give for a ""new"" account",Positive
2018-04-12,Goldman Sachs asks in biotech research report: 'Is curing patients a sustainable business model?',Negative
2023-08-01,United Airlines B767 (UA702) sustained substantial damage upon hard landing.,Negative
2023-06-13,Charlotte is a 4* sustain character via Team China,Neutral
2022-11-21,"Massive jungle adjustments coming in Patch 12.23 - Pets, clearspeed, sustain, leash ranges, EXP",Neutral
2024-09-23,"Thanks, I love sustainable Christmas tree rental ",Positive
2024-08-10,Rate my summer sustainment kit,Neutral
2022-11-28,Epson stops making laser printers for sustainability reasons,Positive
2022-05-18,Wernher Von Braun discusses his concept for a sustainable Space Station in 1956,Positive
2021-02-06,WotC must make more sustainable packaging decisions,Positive
2024-01-05,PSA: You are allowed to run two sustains,Neutral
2021-06-02,"New kind of sustainable energy generation ""the children mill""",Positive
2023-01-28,Efficient and Sustainable Housing,Positive
2024-04-04,"Capitalism! The ideology so good, it needs socialism to sustain it 😀",Positive
2022-05-08,you cant say sustainable without saying fuck golf courses,Negative
2021-06-10,Sustainable drink containers,Positive
2022-08-21,“Self-sustainable” doesn’t mean “don’t heal them”,Neutral
2024-04-14,Epic equipment returning for gems isn’t sustainable,Negative
2024-03-13,Never tell a Boomer that minimum wage isn't sustainable for people,Negative
2023-12-24,Lucid's new all-electric Gravity SUV is a sustainability champion,Positive
2025-02-06,Toyota Is Attacking Sustainable Transportation Even More Than You Think,Negative
2024-01-10,The Bad Bitch Guide to Sustainable Shopping,Positive
2022-10-08,Its self sustaining now,Positive
2022-10-19,"European game is not sustainable, says Super League backer",Negative
2021-05-12,Great news for the likes of Cardano with PoS. Glad to see sustainability is being brought into the spotlight.,Positive
2024-04-17,"70% of developers worry about the live service model’s sustainability, survey shows.",Negative
2024-10-05,"AI startup culture, Is this level of intensity sustainable?",Neutral
2024-12-22,Does anyone believe that this game will sustain a long lifetime?,Neutral
2024-04-22,Sustainability Week over the last 4 years,Positive
2023-04-10,Urban water crises driven by elites’ unsustainable consumption | Nature Sustainability,Negative
2023-05-16,"Patriot system sustained damage in the attack but remains operational, says U.S. officials.",Positive
2024-01-04,Bro you're sustaining my ecosystem,Positive
2023-06-03,Coldplay and Sustainable Tourinng,Positive
2023-09-14,"Hi Reddit! I’m Christina Shim, with IBM Sustainability Software. Everyone is talking about data and AI right now, but can they help drive sustainability? Yes! On 9/25 at 4 PM ET let’s discuss how tech can help reduce waste, lower emissions, manage extreme weather, and support human rights. AMA!",Positive
2021-07-10,Scientists produce continuous sheets of sustainable mushroom leather,Positive
2023-01-19,[Bryson Sullivan] F1 is considering a complete ban on wind tunnel testing as part of its carbon neutral and sustainability objectives.,Positive
2018-05-04,Weird blue sphere capable of sustaining life,Neutral
2020-11-30,Oh my god! Is this actually sustainable? 😂,Neutral
2021-08-22,Babies are an sustainable and safe substitute to firewood,Negative
2024-01-21,"As Houthis vow to fight on, U.S. prepares for sustained campaign",Negative
2024-09-10,"Conservatives and liberals may be at odds on environmental issues, but a new study shows that framing the need to address climate change as patriotic and necessary to preserve the American “way of life” can increase belief in climate change and support for environmental policies among both groups.",Positive
2025-03-18,"Trump pushes for 'beautiful, clean coal' to boost US energy, counter China.Trump has announced plans to restart coal-based energy, saying that environmental policies have held the US back. ""I am authorizing my Administration to immediately begin producing Energy with BEAUTIFUL, CLEAN coal.""",Negative
2023-02-14,"Guess whose policy changes directly led to multiple train accidents, a catastrophic explosion and environmental disasters!? I'll give you a hint, he's an idiot",Negative
2021-01-23,"Critics say green policies stifle growth. The opposite may be true. Environmental regulation can in fact increase worker productivity and overall capital accumulation, according to new research, with green taxes having the largest potential effect on productivity.",Positive
2021-02-15,"Single-issue voters drive senators to ignore majority - US senators seeking re-election “flip-flop” on bills related to gun and environmental policies, playing to preferences of single-issue voters rather than majority, which could explain why bills don’t pass, even with overwhelming support.",Negative
2021-01-23,Biden pumps the brakes on more than 100 Trump environmental policy decisions,Negative
2019-03-21,"I am reporter Rob Davis with The Oregonian investigating how corporate cash corrupted environmental policy in Oregon, one of the greenest states in America. Ask me anything.",Negative
2024-06-26,Biden’s Record Is Full of Climate Wins — So Why Don’t Voters Know It? Environmental groups are making a concerted effort to educate voters about President Joe Biden’s climate policies ahead of the election.,Positive
2016-11-15,"Trump chooses fracking billionaire Howard Hamm, and Robert Grady to roll back environmental, energy policies.",Negative
2025-02-19,The full Executive Order is out! ⚠️ This is the biggest executive power grab in U.S. history. ⚠️,Negative
2019-04-30,"Pennsylvania joins U.S. Climate Alliance: ""In the absence of leadership from the federal government and the wholesale dismantling of national climate and environmental policies, I am proud to join with states that are leading the way toward new climate solutions."" said Gov. Tom Wolf.",Positive
2024-10-12,California Tries ‘Trump-Proofing’ Its Climate Policies | A second Trump administration would be expected to shred climate polices. California officials are devising ways to insulate its environmental regulations.,Positive
2019-02-14,The Green New Deal Is What Realistic Environmental Policy Looks Like,Positive
2014-05-20,"Poll shows Germans want smaller role in military missions, favouring instead a foreign policy promoting human rights and environmental causes",Positive
2025-03-09,"/r/conservative debates the Trump tariffs with Canada and Mexico, fiscal conservatives are generally horrified while the MAGA faithful defend his actions.",Negative
2016-11-28,"Science AMA Series: Hi, reddit! I’m Alex Lu, Associate Professor of Environmental Exposure Biology at Harvard T.H. Chan School of Public Health, and I’m here to talk about the state of science and public policy around the world on protecting honeybee health",Positive
2022-05-31,"Trump Policies Sent U.S. Tumbling in a Climate Ranking. The Environmental Performance Index, published every two years by researchers at Yale and Columbia, found only Denmark and Britain on sustainable paths to net-zero emissions by 2050.",Negative
2020-10-20,"I Am Watching My Planet, My Home, Die - Our world cannot survive four more years of the Trump administration’s environmental policy.",Negative
2025-02-09,Wake Up: The Trump Coup Is Happening Right in Front of You,Negative
2016-12-10,Donald Trump’s Interior Pick Thinks Climate Change Is ‘Creative Writing’: Congresswoman and climate change denier Cathy McMorris Rodgers has a long history of supporting terrible environmental policies.,Negative
2023-09-07,"Last time the Conservatives had a convention, they didn’t agree that climate change is real Now after a year of climate catastrophe their ONLY proposals are to gut environmental programs & make it free to pollute And they think it will magically cut GHGs. So much for wise policy!",Negative
2021-01-23,"Biden pumps the brakes on more than 100 Trump environmental policy decisions. Many of Donald Trump’s actions on endangered species, energy, hazardous chemicals and more are on hold as President Joe Biden takes office.",Negative
2019-08-18,"Environmentalists renew bid to overturn EPA policy barring scientists from advisory panels: “Trump administration is simply trying to payback its polluter cronies by gutting sound science that our health and environmental protections rely on"" - Neil Gormley, an attorney with Earthjustice",Negative
2025-01-11,Right-wing media push Trump's false claim that California water policies are hurting efforts to suppress LA fires | Casting blame on environmental policies in an attempt to distract from increasingly deadly climate impacts is core to right-wing media’s extreme weather playbook,Negative
2025-02-19,"Things Just Got a Lot Worse – WH Announces Massive Power Grab Through Executive Orders, Our Enabling Act Moment of Germany 1933 is HERE.",Negative
2025-03-05,Trump Calls for End to $52 Billion Chips Act Subsidy Program,Negative
2023-08-07,Inside the Republican Plot to Dismantle US Environmental Policy Heritage Foundation’s “Project 2025” is a blueprint for a GOP president to gut climate protections.,Negative
2016-03-14,"“Free Trade”: The Elites Are Selling It But The Public Is No Longer Buying - ""Current U.S. trade policies are written by representatives of multinational corporations with the intent of locking in their dominance while driving wages and environmental costs down.""",Negative
2019-11-04,"China's one child policy, whilst undeniably monstrous, was in fact the most environmentally friendly legislation ever enacted.",Positive
2025-02-11,Displaced from the Eaton Fire. Embassy Suites charged me $182 to wash my clothes....,Negative
2022-01-15,"'Appalling': Outrage as Biden Prolongs Trump Coal Policy. ""Coal is killing our climate, yet the Biden administration is defending it"" in federal court, one environmental advocate lamented.",Negative
2020-01-26,"Hundreds of Amazon employees plan to risk their jobs this week by violating company policy: Workers say Amazon threatened to fire employees who criticized its environmental policies; now, they’re planning to speak out en masse.",Negative
2024-11-13,"Minnesota attorney general on Trump: ‘If he violates the rights of people, we’re going to sue’",Negative
2020-01-09,Trump has created a loophole to allow pipelines to avoid environmental review - It’s one of the biggest deregulatory changes to the 50-year-old National Environmental Policy Act in nearly three decades.,Negative
2025-02-19,The full Executive Order is out ⚠️ This is the biggest executive power grab in U.S. history. ⚠️,Negative
2025-03-22,"RE US collapse: Can anyone explain the behaviour of Americans in response to whats happening? Why are so many Americans still saying ""vote!"" or ""write to your congressman!""?",Negative
2024-03-20,"Project 2025 is a collection of policy proposals to reshape the executive branch of the U.S. federal government in the event of a Republican victory in the 2024 presidential election. It proposes slashing Department of Justice funding, dismantling the FBI, and gutting environmental regulations.",Negative
2019-12-14,"Amazon sees alarming rise in deforestation. Brazil's state space agency reports a 100% increase in the destruction of the world's largest tropical rainforest in November, compared to last year. President Bolsonaro denies his environmental policies are to blame.",Negative
2025-03-15,EO Signed Last Night: CONTINUING THE REDUCTION OF THE FEDERAL BUREAUCRACY,Negative
2025-02-15,Last email from USDA staffer,Neutral
2024-06-13,🛠️ PATCH 01.000.400 ⚙️,Neutral
2023-05-17,It is environmental policies that I support,Neutral
2019-08-27,"Ecosia: Search engine that plants trees worldwide sees 1,150% spike in users as Amazon fires rage - Ecosia pledges a million extra trees in six months in response to President Bolsonaro’s anti-environmental policies",Positive
2014-05-30,"Obama is planning his biggest climate policy yet — and he doesn't need Congress. The trick is he'll be working through the Environmental Protection Agency (EPA), which already has the legal authority to regulate US greenhouse gases.",Positive
2018-10-14,"Time to 'put politicians feet to the fire' on climate change, says SFU environmental prof. ""The opposition politicians who see a chance to get into power by killing climate policies, those are the ones that we, as voters, have the responsibility to defeat.""",Positive
2020-12-26,"""who wants to start paying their own people to make things instead of relying on cheap labor from countries with poor environmental policies""",Negative
2025-03-05,How can I spread the word?? Public comment period for removal of the National Environmental Policy Act (NEPA),Neutral
2024-05-09,"‘In a meeting at his Mar-a-Lago estate last month with top oil executives, Trump offered a remarkably blunt and transactional pitch: donate $1 billion to get me re-elected to the White House, and I will reverse President Biden’s environmental policies and stop new ones from being enacted.’

",Negative
2020-07-21,"Trump rolls back the historic National Environmental Policy Act (NEPA), removing environmental review requirements for thousands of polluting projects like power plants and pipelines. Citizens and advocacy groups will no longer be allowed to speak up when these projects are being built.",Negative
2025-02-16,Why do right-wing folk support environmental deregulatory policies?,Neutral
2025-01-22,This is insane. CDC unable to put out updates.,Negative
2025-01-30,"For my fellow prepared ladies, a list from my bot to widen MAGA cracks",Neutral
2025-01-24,A little good news…,Positive
2024-07-17,The biggest problem with satire is that you hit “comically extreme” before you hit “realistic”,Neutral
2025-01-08,Plea from a plebe for some RTO perspective,Neutral
2025-02-17,"Target lost $15.7 billion of market value after share prices fell 22% After Removing DEI and ESG (environmental, social, and governance) policies",Negative
2025-03-29,Do American farmers who vote democrat have any concerns over stringent environmental policies mirroring those of Western European countries like Netherlands?,Neutral
2025-02-28,Removal of National Environmental Policy Act Implementing Regulations,Neutral
2024-05-14,"What are your thoughts on a report that Trump asked oil executives for $1 billion in exchange for environmental policy rollbacks, then the next day Trump promised to scrap offshore wind projects?",Negative
2024-10-18,"The UCP created a policy so moronic, that I printed it and framed it for it's comedic value",Neutral
2025-01-21,🚀 SOC: Trump's Executive Order Just Turned California Into The Greatest Regulatory Arbitrage Play of 2025 - A Deep F*cking Value Analysis,Neutral
2025-01-30,Senate Confirms Lee Zeldin to Head E.P.A. | The former New York congressman has little experience in environmental policy. He is expected to follow orders to weaken climate rules.,Negative
2024-11-09,California prepares to battle Trump over environmental policies,Neutral
2025-02-20,"WA liberals are promising to remove environmental protection this election. Please do not vote liberal, put them last.",Negative
2019-07-02,"'Slap in the Face to the People of Flint' as Former Mich. Gov. Snyder Appointed to Harvard Fellowship — ""His policies through pushing an emergency manager law led to one of the largest examples of environmental racism in this country's history. The crisis continues to this day.""",Negative
2025-02-08,"Why NDP Majority In Ontario, Could Be a Good Thing",Positive
2024-02-22,Levels of mercury in tuna have remained nearly the same for the past 50 years despite drops in atmospheric mercury emissions. Researchers say it may take decades and very strict environmental policies to start nudging those levels down,Neutral
2024-07-18,"How a Republican election sweep could transform U.S. climate policy | President Biden’s signature environmental actions could be reversed if the GOP takes control of the House, Senate and White House. The EPA and other agencies could see their budgets slashed.",Neutral
2023-04-13,I asked ChatGPT to rewrite the Declaration of Independence with todays grievences,Neutral
2025-01-28,Fertility could reach 0 in 20 years,Negative
2025-01-22,"Hey y’all, Nazi Musk is wild but",Neutral
2021-06-23,Republicans suddenly love nationwide injunctions when used to stop Democratic policies - Conservative judges halt Biden environmental and COVID relief efforts,Neutral
2017-05-06,"Cowspiracy: The Sustainability Secret (2014)- The film explores the impact of animal agriculture on the environment, and investigates the policies of environmental organizations on this issue.",Neutral
2025-03-01,"If you voted for this, then I hope you enjoy your polluted little fiefdom while it lasts. To everyone else, I love you all.",Negative
2023-10-02,"AskScience AMA Series: We're the researchers at Environmental Psychology Groningen (University of Groningen). We research people's willingness to make personal contributions to reducing environmental problems, like climate change, and which policies can encourage sustainable behaviour. AMA!",Neutral
2017-11-02,"Planting cannabis for commercial production in remote locations is creating forest fragmentation, stream modification, soil erosion and landslides. Without land-use policies to limit its environmental footprint, the impacts of cannabis farming could get worse, according to a new study",Negative
2022-11-12,"Four States Just Got a ‘Trifecta’ of Democratic Control, Paving the Way for Climate and Clean Energy Legislation | Democrats in Maryland, Massachusetts, Michigan and Minnesota now run state government—and environmental organizations see the opportunity for more ambitious and equitable policies.",Positive
2025-02-26,"Reading u/SkwrlTail 's *tail* reminded me off my own ""mandatory meeting""...",Neutral
2025-03-02,Politics? In my white powder? Some users on r/skiing bemoan that their hobby is no longer a safe space,Neutral
2024-07-27,"Here is the combined list of quotes from ""Project 2025's Mandate for Leadership: The Conservative Promise"" concerning environmental policies, national parks, and the elimination of environmental regulations of protected parks in the name of resource extraction and corporate gain. ",Neutral
2024-11-12,"Ask Tina Kotek to ""Trump-proof"" our state! ",Neutral
2025-03-16,"The EPA is rolling back environmental regulation, but most Americans support climate policies, study finds",Neutral
2025-02-15,Letter from Farm Service advisor who was terminated,Neutral
2023-12-01,"Climate change is costing the US $150 billion a year and is set to rise. An Environmental Policy Professor says the Federal Reserve should use tools like lower interest rates for renewables projects, to protect the economy.",Neutral
2025-03-28,"I'm Congressman Maxwell Alejandro Frost, AMA!",Neutral
2025-03-16,"The EPA is rolling back environmental regulation, but most Americans support climate policies, study finds",Neutral
2024-12-04,Stop dickriding billionaires and procapitalist policies,Negative
2023-05-10,Socially and environmentally progressive attitudes/ policies are first world problems.,Negative
2021-06-02,“Death by a thousand cuts”: How Congress continues to whittle away at a critical environmental policy- A bipartisan bill aims to rollback parts of the landmark National Environmental Policy Act.,Negative
2024-12-23,Wearing Power Armor to a Magic School (110/?),Neutral
2024-09-03,"Ayn Rand predicted in the 1960s everything that's happening now: Colleges churning out extremists, policies advocating human poverty for sake of environmental welfare, race as a criterion",Negative
2023-07-21,DeSantis F**kup Our State?,Negative
2015-12-18,"Science AMA Series: I am Bill Moomaw, Professor Emeritus of International Environmental Policy at Tufts University, and Chair of the Science Committee at Earthwatch Institute. I have worked on solutions to climate change since 1988 and I will be addressing the recent Paris negotiations. AMA!",Neutral
2025-02-19,The philosophy behind DOGE: Curtis Yarvin and the Butterfly Revolution,Neutral
2024-09-29,Biodiversity and habitat score 2024,Neutral
2025-03-15,The Chinese World Order (alterative to A.R.C. treaty map),Neutral
2022-02-02,"Amazon deforestation fuelled by disinformation. Policy has used various tactics to dismantle environmental protections in Brazil, such as manufacturing uncertainty in relation to consensual science; making claims that appear as scientific facts but that contradict scientific consensus",Negative
2024-12-07,Thousands of Federal Employees Land Work-From-Home Deal Ahead of Trump ,Neutral
2024-09-17,"The environmental policies of Joe Biden’s administration will save approximately 200,000 Americans’ lives from dangerous pollution in the coming decades and have spurred a surge in clean energy jobs",Positive
2016-11-04,"ACTUAL Billionaire Elon Musk: Donald Trump ""doesn't seem to have the sort of character that reflects well on the United States"". Clinton's economic and environmental policies are ""the right ones"".",Neutral
2023-04-17,New Report: “The economic growth and well-being in Europe and the United States are more threatened by extremist and delusional environmental policies than by global warming.” See comments for details.,Negative
2024-06-26,Rule,Neutral
2022-10-23,Canada is 'weaving' Indigenous science into environmental policy-making,Positive
2024-06-12,City of Edmonton environmental policies driving up capital budget costs,Negative
2024-11-15,Here we go again: California prepares to battle Trump over environmental policies,Neutral
2023-05-05,"If you support environmental policies but don't support modern modular nuclear reactors, why?",Neutral
2021-07-12,"Biden To End $90 billion worth of Tax Breaks For Gas Companies. ppl from americanpolitics, R/oil, R/climate, R/energy, electricvehicles, R/economy, teslamotors and politics all put in their TOTALLY well-researched & calm opinions on the subject",Negative
2018-06-16,"Harvard scientists: Trump environmental policies could result in 80,000 more deaths per decade",Negative
2025-02-06,Why haven't we seen Democrats do what Trump is doing?,Neutral
2019-09-20,"Science Discussion Series: Climate Change is in the news so let’s talk about it! We’re experts in climate science and science communication, let’s discuss!",Neutral
2018-07-05,Scott Pruitt Resigns as Administrator of the Environmental Protection Agency,Neutral
2024-03-29,The way humans approach resource management and environmental policy is insane,Negative
2021-01-06,"CO2 already emitted will warm Earth beyond climate targets, study finds | Carbon pollution already put in the air will push global temperatures to about 2.3 degrees Celsius (4.1 degrees Fahrenheit) of warming since pre-industrial times.",Negative
2025-02-16,"ChatGPT reacts with incredulity, shock and panic when I describe recent political events. Is OpenAI making it more emotional and unfiltered?",Neutral
2024-07-17,MAGA/Trump support from Elon Musk will kill Tesla,Negative
2024-08-27,Who is the best president we never had?,Neutral
2024-10-12,California Tries ‘Trump-Proofing’ Its Climate Policies: A second Trump administration would be expected to shred climate polices. California officials are devising ways to insulate its environmental regulations.,Neutral
2025-01-21,Inaguration Confirms Collapse & American Megastate,Neutral
2016-05-17,"American Chemical Society AMA: I’m Tony Noce, Chair of the American Chemical Society Committee on Environmental Improvement. Ask me anything about how scientists can lend their expertise to policy discussions!",Neutral
2020-09-09,"American Environmentalists are less likely to vote than the average American, and our policies reflect that | Register to vote, and turn the electorate into an environmental electorate",Neutral
2025-01-13,Environmental policy in Denmark,Neutral
2025-02-23,American National Parks—under attack from Musk’s DOGE,Negative
2018-09-18,TIFU by making a joke and losing the right to see my daughter,Neutral
2020-01-16,Several dozen indigenous leaders and representatives of Amazon communities have gathered in the heart of the threatened rainforest to form an alliance against Brazil President Jair Bolsonaro's environmental policy and his threats to throw their homelands open to mining concerns,Negative
2025-03-24,Tesla short thesis and the U.S. market (House of Cards) pending crash Part 2,Neutral
2015-11-09,"VERY IMPORTANT : Hillary is set to receive endorsement from the 'League of Conservation Voters.' Do they know Bernie's record on environmental policy? Intelligently, thoughtfully, and professionally- let us send a message that conservation voters choose Sanders! (Links in post)",Neutral
2018-06-29,"The 2010 Deepwater Horizon oil spill disaster may have had a lasting impact upon even the smallest organisms in the Gulf of Mexico, scientists have found – amid warnings that the oceans around America are also under fresh assault as a result of environmental policies under Donald Trump.",Negative
2020-08-11,Megathread: Joe Biden announces Kamala Harris as his running mate | Part II,Neutral
2024-01-19,"If you refuse to vote, people will die. Possibly including you",Negative
2024-01-25,I'm a conservative environmentalist activist. What do you think conservative environmental policy should look like?,Neutral
2024-05-09,""" At the dinner, he vowed to immediately reverse dozens of President Biden’s environmental rules and policies and stop new ones from being enacted, according to people with knowledge of the meeting"". What Trump promised oil CEOs as he asked them to steer $1 billion to his campaign",Negative
2022-12-08,"Ontario did not consult public properly on environmental policy changes, report says | CBC News",Negative
2018-05-10,"Cities in the United States are increasingly seeing concrete in place of greenery as urban areas lose an estimated 36m trees annually, according to a study from the Forest Service. Scientists warn of environmental threats rising from trend that is ‘likely to continue unless policies are altered’.",Negative
2024-09-28,Fears environmental policy debate taking the backseat to other issues ahead of Queensland election,Negative
2024-10-10,Which environmental/geotech companies have the best PTO policy? ,Neutral
2018-05-26,Arnold Schwarzenegger would like to terminate Scott Pruit's environmental policies,Negative
2023-12-16,Revised 2024 Presidential Candidates Compass,Neutral
2017-04-10,Scott Pruitt undermines the EPA with anti-scientific ignorance - the Trump team is moving quickly to return national environmental policy to a pre-scientific age.,Negative
2025-03-17,"""Governor Newsom to Californians: ‘Drop the Avocado Toast and Get Back to the Office!’""",Neutral
2025-03-05,From NPS : comment on Removal of National Environmental Policy Act,Neutral
2024-03-04,For people who say environmental issues are a top policy if not their top one why would they vote for Trump or not Biden?,Neutral
2024-11-17,Go look at what they did to Trump’s Wikipedia page and the Wikipedia page about this election ,Neutral
2020-06-16,"Trump advisers foresee big energy moves in second term. A second term would mean a more aggressive dismantling of environmental policy and an expansion of the fossil fuel industry. First, though, he has to win. Environmental groups have called him the worst president for the environment in history.",Negative
2023-03-04,I'm Not The Vice Principal Anymore? Ok! + NEW UPDATES!!,Neutral
2024-08-10,"Why environmental justice leaders see an ally in Kamala Harris | Over 350 environmental justice advocates, policy makers and politicians endorsed Harris last week, citing her “bold leadership” to fight climate change.",Positive
2025-03-11,"Trump plans to gut the National Environmental Policy Act. If you're in the US, you have 16 days left to leave a public comment!!",Negative
2025-02-21,"Asked ChatGPT what it would do if it suddenly gained full control over US government, including diplomatic and military components.",Neutral
2021-06-02,“Death by a thousand cuts”: How Congress continues to whittle away at a critical environmental policy- A bipartisan bill aims to rollback parts of the landmark National Environmental Policy Act.,Negative
2023-08-03,"Here’s the dirt: how Doug Ford is shaping Ontario’s environmental laws in his second term | From fast-tracking development to sending more sewage towards Lake Ontario, the Progressive Conservatives are still making dramatic changes to environment and energy policy",Negative
2024-10-07,"Canada’s carbon tax is popular, innovative and helps save the planet – but now it faces the axe | As prime minister Justin Trudeau trails in polls, opposition seek to persuade voters environmental policy is a burden",Neutral
2017-01-22,"Pope: I'll judge Trump after we see what he does - In an interview published Saturday evening by Spanish newspaper El Pais, Francis says he doesn't like ""judging people early. We'll see what Trump does.""",Neutral
2024-10-17,"American Environmentalists are less likely to vote than the average American, and our policies reflect that reality | Canvassing with EVP can turn out environmental voters by more than 5% | Canvass Environmental Voters in Sewickley, PA!",Positive
2025-03-24,BREAKING: Robert F Kennedy Jr has told US food and drink manufacturers he intends to ban synthetic dyes being added to their products.,Positive
2016-07-21,"We are Evangeline Lilly (Lost, Hobbit, Ant-Man), members of Anti-Flag, Flobots, and Firebrand Records plus organizers and policy experts from FFTF, Sierra Club, the Wikimedia Foundation, and more, kicking off a nationwide roadshow to defeat the Trans-Pacific Partnership (TPP). Ask us anything!",Positive
2025-03-23,Governor Candidates Compared,Neutral
2025-02-23,we voted for drastic cuts to government spending BuT sOciAl SeCuriTy iS ofF tHe TaBle,Negative
2025-02-01,CDC Datasets Are Being Scrubbed,Neutral
2025-01-27,We had our meeting today….,Neutral
2018-06-16,"Harvard scientists: Trump environmental policies could result in 80,000 more deaths per decade",Negative
2025-02-20,Emergency Protest this Saturday at 12! We need you there!,Negative
2025-02-23,2025 German Election Thunderdome,Neutral
2021-06-21,"Hyperinflation is Coming- The Dollar Endgame: PART 1, “A New Rome”",Negative
2014-11-20,Poll: Two-Thirds of Americans Support an Environmental Policy That Republicans Hate. Two in three Americans support strict restrictions on carbon emissions at America’s coal-fired power plants,Positive
2024-12-09,Supreme Court Looking to Severely Dampen the Strength of the National Environmental Policy Act,Negative
2025-02-19,"EU Commission sets Green Deal aside in new agri-food vision. The new approach to agri-food policy presented by the EU Commission focuses on simplifying regulations and making farming an attractive profession once again, rather than raising environmental standards.",Neutral
2019-08-06,"I’m Astead W. Herndon, a national political reporter for The New York Times. I spent 3 months reporting on the Sunrise Movement, a group of young climate activists trying to push Democrats to the left ahead of the 2020 election. Ask me anything.",Neutral
2024-10-09,"My workplace printed a plastic ""environmental policy"" card for each and every employee",Neutral
2025-01-27,"Trump first week of executive orders: Military at the border, discrimination in the workplace, and an end to clean energy",Negative
2024-11-14,Does a women's nude spa have the legal right to exclude men? Learn about the Olympus Spa case at upcoming 11/16 panel event in Seattle,Neutral
2022-12-02,Hyperinflation is Coming- The Dollar Endgame ADDENDUM (FIRST PART),Negative
2024-06-09,"Without introducing Socialist-leaning policies, How can the system of Capitalism Fix Current Societal or Environmental issues? ",Neutral
2024-12-11,What do you think of Trump’s proposed environmental policies?,Neutral
2021-09-05,I'm tired of being blamed for climate change as a consumer,Negative
2024-04-07,Wearing Power Armor to a Magic School (74/?),Negative
2025-01-02,"Diasporans, how are environmental policies affecting your daily life?",Neutral
2020-01-04,"Scott Morrison railed against environmental protesters on Friday, warning of a “new breed of radical activism” that was “apocalyptic in tone” and pledging to outlaw boycott campaigns that he argued could hurt the country’s mining industry.",Negative
2020-11-07,"Biden defeats Trump, ending 4 years of environmental destruction",Positive
2022-07-01,"U.S. Supreme Court has taken control of climate policy | The Japan Times ""By a 6-3 vote, the U.S. Supreme Court has held that the Environmental Protection Agency lacks authority to order reduced emissions to fight climate change.""",Negative
2024-10-29,[RANT] Sending public servants back to the office was a terrible idea,Negative
2025-02-15,Last letter from an FSA stafffer,Neutral
2018-07-10,Megathread: President Trump nominates Judge Brett Kavanaugh as next US Supreme Court Justice,Neutral
2025-01-15,LA wildfires and Trump environmental policies,Negative
2020-06-04,"Trump to sign order to waive environmental reviews for key projects - New executive order would affect how agencies apply laws such as the Endangered Species Act, National Environmental Policy Act",Negative
2024-09-06,Costco's price match policy has me feeling conflicted,Neutral
2023-04-23,A (Musical) History of Environmental Policy in the United States,Neutral
2024-06-23,"I was forced to reply to 4 classmates, but only three had posted. So I replied to my own post and my online UNI accepted it hahahah",Neutral
2021-04-21,"Car makers, environmental groups blast ‘worst electric vehicle policy in the world’",Negative
2020-03-27,Megathread: House Passes $2 Trillion Coronavirus Relief Bill,Positive
2025-01-10,California fires - British Columbia environmental policy?,Neutral
2023-05-21,Corporations Would Literally Kill You to Turn a Profit,Negative
2020-01-24,"Climate experts agree: ""Steve Mnuchin should go back to college"" — not Greta Thunberg. Mnuchin needs to ""develop an understanding of the environmental threats posed by his economic policies,"" while ""Greta Thunberg's remarks on climate science have been accurate.""",Neutral
2024-11-20,CMV: Modern Politics is no longer Left/Right but Up/Down on Maslow's Hierarchy of Needs,Neutral
2025-02-28,Removal of National Environmental Policy Act Implementing Regulations,Negative
2023-09-12,"Major Right-Wing Groups Form Plan to Imprison LGBTQ People, Censor the Internet (& More) in 2025",Negative
2021-04-24,"In times of sustainability and environmental friendly policy, I present you the first renewable tank program:",Positive
2025-01-24,New research (1990–2018) shows that countries with stronger environmental policies often face growing opposition groups. These groups emerge from cultural backlash rather than just economic interests.,Neutral
2025-01-24,Trump suggests that the North Carolina RNC will handle funding distribution instead of FEMA. Because FEMA “mishandled” the situation. That’ll work fine I’m sure. Not even giving it to a state agency.,Negative
2025-03-24,A foreigner killing the (undead) locals in Africa: RACIST - A foreigner killing the (unarmed) locals in Japan: This is Fine,Negative
2024-04-11,"Meanwhile, in Texas, the State Affairs Committee has a bad idea on their agenda.",Negative
2024-04-05,What it’s like debating MAGA,Neutral
2022-10-11,I'm Not The Vice Principal Anymore? Ok! + NEW UPDATE,Negative
2022-05-13,You want me to be on-call but not pay on-call. No,Negative
2025-01-20,Are there any jobs that combined environmental policy with field work?,Neutral
2024-09-28,Fears environmental policy debate taking the backseat to other issues ahead of Queensland election,Negative
2025-03-26,Environmental Law/Policy to MLA conversion ... is it possible?,Neutral
2025-03-18,[Academic] Perceptions of Environmental Policies – 10-Minute Survey for my Dissertation,Neutral
2022-11-30,USA vs Netherlands,Neutral
2024-11-22,NO ONE is talking about this except this article on the con sub but- Argentina has been a trial run of project 2025. They are SHOUTING it.,Negative
2024-08-24,Friend Showed Me Political Ads They're getting. Gag. ,Negative
2019-01-09,[Megathread] President Trump’s Address on Border Security and the Democratic Response (Part 2),Neutral
2025-01-31,DOJ Environmental & Natural Resources Division Law & Policy Section RIF'd,Neutral
2023-04-27,Rate my Environmental policy resumes,Neutral
2024-11-09,"Biden and Environmental Groups Try to Protect Climate Policies from Trump | John Podesta, President Biden’s clean energy adviser, said agencies were racing to deliver money from the 2022 climate law before Donald Trump arrives.",Positive
2021-01-23,"Biden pumps the brakes on more than 100 Trump environmental policy decisions. Many of the Trump administration’s actions on energy sought to expand use and extraction of coal, oil and natural gas. “It’s gonna take some time for the agencies to undo all the damage Trump did.""",Positive
2020-04-30,"With all the Chinese propaganda and shilling, I just wanted to remind the sub, Fuck China",Negative
2016-03-12,I'm a 44 year old gay man. I am kind of losing my mind right now over Clinton saying that Nancy Reagan helped people with HIV in the 80s...How do I start phone-banking for Sanders?,Negative
2024-11-08,Biden races to Trump-proof his climate legacy | Several agencies are working to finalize environmental rules and policies before Donald Trump’s inauguration.,Positive
2025-03-26,"Environmental protection laws still apply even under new US administration's national energy emergency − here’s why: For instance, the National Environmental Policy Act generally requires federal agencies to analyze and publicly disclose the environmental impacts of their actions.",Positive
2025-03-07,"Environmental group, The Sierra Club of Hawaii, took to the streets in a parody demonstration called “Street Theatre” to point out the absurdity of shortchanging programs and policies aimed at keeping unwelcomed pests out of Hawaii.",Positive
2025-03-06,From NPS : comment on Removal of National Environmental Policy Act,Neutral
2024-11-14,"Trump picked Lee Zeldin to lead the EPA. What will that mean for environmental policy? What to expect: deregulation justified as boosts for the economy, and platitudes about the importance of clean air and water.",Negative
2025-02-28,"American foreign policy, domestic policy, economic policy, social policy, environmental policy, trade policy, fiscal policy, monetary policy, immigration policy, energy policy, education policy, health policy:",Neutral
2024-01-29,Reagan was disastrous for the US (see comments for links),Negative
2023-07-02,Wearing Power Armor to a Magic School (37/?),Neutral
2025-02-14,A former EPA assistant administrator on US environmental policy in the age of Musk and Trump,Neutral
2020-10-29,Called Racist and Sexist for paper on being childfree,Negative
2024-07-04,⚡️⚡️⚡️⚡️⚡️BANGERS AND TORIES MASHED: A UK ELECTION THUNDERDOME⚡️⚡️⚡️⚡️⚡️,Neutral
2025-02-05,"I want to get into environmental policy, is it worth it?",Neutral
2024-11-08,Environmental Policy Work in Vermont,Neutral
2024-09-12,"Study finds that the personal carbon footprint of the richest people in society is grossly underestimated, both by the rich themselves and by those on middle and lower incomes, no matter which country they come from.",Positive
2024-10-28,"Fun fact, ""carbon footprint"" was literally invented by Shell lmfao",Neutral
2024-07-29,Lil Nas X responds to comments calling him “broke” for flying commercial: “I don’t wanna see not one viral carbon footprint tweet when yall see my ass on a jet 😭”,Neutral
2023-10-27,"Research shows making simple substitutions like switching from beef to chicken or drinking plant-based milk instead of cow's milk could reduce the average American's carbon footprint from food by 35%, while also boosting diet quality by between 4–10%",Positive
2024-07-29,Logitech CEO Hanneke Faber wants your next mouse to last forever | The new head of Logitech discusses the company’s return to growth and plans to reduce its carbon footprint by half,Positive
2024-02-02,Microsoft wants us to play on 60 Hz so that our carbon footprint is lower.,Neutral
2024-03-04,"A person’s diet-related carbon footprint plummets by 25%, and they live on average nearly 9 months longer, when they replace half of their intake of red and processed meats with plant protein foods. Males gain more by making the switch, with the gain in life expectancy doubling that for females.",Positive
2024-10-06,"Liquefied natural gas leaves a greenhouse gas footprint that is 33% worse than coal, when processing and shipping are taken into account. Methane is more than 80 times more harmful to the atmosphere than carbon dioxide, so even small emissions can have a large climate impact",Negative
2023-12-01,Cut your carbon footprint or whatever,Neutral
2023-03-26,Gotta get ya carbon footprint down,Neutral
2021-12-19,"The pandemic has shown a new way to reduce climate change: scrap in-person meetings & conventions. Moving a professional conference completely online reduces its carbon footprint by 94%, and shifting it to a hybrid model, with no more than half of conventioneers online, curtails the footprint to 67%",Positive
2021-05-28,"Adopting a plant-based diet can help shrink a person’s carbon footprint. However, improving efficiency of livestock production will be a more effective strategy for reducing emissions, as advances in farming have made it possible to produce meat, eggs and milk with a smaller methane footprint.",Positive
2020-12-16,"Global rich must cut their carbon footprint 97% to stave off climate change, UN says",Positive
2021-03-10,Cannabis production is generating large amounts of gases that heat up Earth’s physical climate. Moving weed production from indoor facilities to greenhouses and the great outdoors would help to shrink the carbon footprint of the nation’s legal cannabis industry.,Negative
2021-08-19,"Substituting only 10% of daily caloric intake of beef and processed meats for a diverse mix of whole grains, fruits, vegetables, nuts, legumes and select seafood could reduce, on average, the dietary carbon footprint of a U.S. consumer by one-third and add 48 healthy minutes of life per day.",Positive
2021-05-24,[OC] Comparing Emissions Sources - How to Shrink your Carbon Footprint More Effectively,Positive
2022-07-28,Taylor's private jet and carbon footprint,Negative
2019-12-24,Trump rails against windmills: 'I never understood wind'; Trump claims the production of wind turbines causes a large carbon footprint.,Negative
2020-11-08,I desperately wish to infect a million brains with ideas about how to cut our personal carbon footprint. AMA!,Positive
2020-07-21,"Wealthier Americans have estimated per capita carbon footprints about 25% higher than those of lower-income residents, with emissions up to 15 times higher in especially affluent suburbs.",Negative
2021-01-20,"In India, the rich cause seven times more emissions than the poor. The study presents the first nation-wide, region- and class-specific assessment of carbon footprint using the consumption data across 623 districts and 2,03,313 households.",Negative
2019-10-31,"Having children is worse for your carbon footprint than eating meat, car travel and flying combined.",Negative
2022-02-21,"Netflix generates highest CO2 emissions due to its high-resolution video delivery and number of users, according to a study that calculated carbon footprint of popular online services: TikTok, Facebook, Netflix & YouTube. Video streaming usage per day is 51 times more than 14h of an airplane ride.",Negative
2020-01-27,"The world’s most profitable hedge fund is now a climate radical. With $30 billion in assets, its money manager pushes portfolio companies to dramatically reduce greenhouse gas emissions and disclose their carbon footprint. If they don’t, he says he’ll oust their boards or dump their shares.",Positive
2018-10-09,"Cost of cigarettes must rise to reflect environmental damage from tobacco industry, WHO says: Sector's carbon footprint is comparable to entire countries, study finds",Negative
2025-01-24,"President Trump has announced plans to ban windmills and halt the spread of solar fields, citing their devastating impact on property values, wildlife, and their inefficiency in offsetting their own carbon footprint.",Negative
2021-03-12,"A pair of new studies show that cultured meat, when produced with renewable energy, reduces the carbon footprint, land use, and air pollution by 92% or more compared to normal beef production",Positive
2019-11-11,"Flight shaming sees record number choose train over plane to get from London to Glasgow, Virgin announces - Record numbers of people are taking trains over planes to get from London to Scotland as a ""flight shaming"" movement urges travellers to cut their carbon footprint.",Positive
2020-01-13,"Quorn, the biggest meat alternative brand in the world, is introducing carbon footprint data for its top 30 selling products. The new labelling will better inform people who want to understand the environmental impact of the foods they buy",Positive
2017-05-27,"It is widely believed that eating organic food is better for the environment and climate than eating conventionally grown food. But a new study shows that the typical organic diet does not reduce a person's carbon footprint, and it requires 40% more land.",Negative
2022-01-11,"Study: Plant-based diets not only reduce our carbon footprint, but also increase carbon capture. The double carbon profit of returning farmland to its natural state would equal about 14 years’ worth of agricultural emissions.",Positive
2019-11-15,Sweden's central bank has sold off all its holdings in Alberta because of the province's high carbon footprint,Negative
2019-04-22,Meal kit delivery services like Blue Apron or HelloFresh have an overall smaller carbon footprint than grocery shopping because of less food waste and a more streamlined supply chain.,Positive
2018-01-26,"Shell buying spree cranks up race for clean energy - “spent over $400 million on a range of acquisitions in recent weeks, from solar power to electric car charging points, cranking up its drive to expand beyond its oil and gas business and reduce its carbon footprint.”",Positive
2021-08-26,"Big oil coined ‘carbon footprints’ to blame us for their greed. Keep them on the hook: Climate-conscious individual choices are good – but not nearly enough to save the planet. More than personal virtue, we need collective action.",Negative
2024-03-12,Carbon Footprint ,Neutral
2022-07-29,"Taylor Swift, Kim Kardashian, Among Celebs Leaving Biggest Carbon Footprint. Taylor tops with 8293.54 tonnes, that's 1184.8 times the average person's annual emissions! followed by Floyd Mayweather with 7,076 tonnes",Negative
2022-05-12,"Remember this next time someone says ""carbon footprint""",Neutral
2021-03-05,If every household had their own acre of land to live on but we had to use that land to manage our own trash most of us would take our carbon footprint and recycling way more seriously.,Positive
2022-09-12,"In two days, Ethereum will no longer be able to be mined with GPUs, cutting carbon footprint by 99.95%.",Positive
2018-03-07,"TIL that scientists aren't just working on lab-grown meat, but lab-grown milk as well, which will yield vegan-friendly cheese, butter, and ice cream, and also reduce the carbon footprint of the dairy industry.",Positive
2021-12-28,Visualizing the carbon footprint of gold vs. Bitcoin mining,Neutral
2021-11-03,Chefs declare war on a trendy fruit because of its enormous carbon footprint,Negative
2024-05-19,A cool guide to the carbon footprint of major travel methods,Positive
2019-05-14,"99% of the people who preach about climate change are doing nothing personally to combat it. Most of them have carbon footprint many times the average person's, yet the ""activists"" don't bother calling them on it.",Negative
2020-02-05,"Ørsted, one of the world’s largest renewable energy companies and recently named the most sustainable company in the world, has announced that it will be carbon neutral by 2025 and will reach net-zero emissions across the company’s entire carbon footprint by 2040.",Positive
2022-03-25,"Superyachts symbolize climate breakdown. The top 20 billionaires analyzed by Wilk and Barros emitted around 8,000 metric tons of CO2 annually in 2018, while average citizens worldwide had a carbon footprint of around 4 tons — and 15 tons in the United States.",Negative
2023-10-24,"UN study reveals the hidden environmental impacts of bitcoin: Carbon is not the only harmful byproduct. The global Bitcoin mining network is highly dependent on fossil fuels, having worrying impacts on water and land in addition to a significant carbon footprint",Negative
2023-06-12,"Nearly half the world's biggest companies have pledged to erase their carbon footprints by around mid-century, but only a handful have credible game plans for doing so, climate policy research groups said",Positive
2021-07-13,Bought a train ticket before leaving the office but got held up so had to buy another full price ticket on the train. So annoyed with our expensive and inflexible system and penalised for trying to do the right thing to cut my carbon footprint. Guess I'll go back to my car which is cheaper.,Negative
2022-05-06,[OC] Carbon Footprint of Travel,Neutral
2020-09-15,Google says its carbon footprint is now zero,Positive
2022-08-16,"Meat has a big carbon footprint. The Inflation Reduction Act ignores it | The historic climate legislation is a missed opportunity to cut food emissions, but it can show us how to navigate the messy politics of meat.",Negative
2021-06-19,"Rather than being Vegan, a better way to reduce your carbon footprint is Cannibilism",Negative
2018-10-26,"High steaks: Lab-grown meat necessary for future protein demands, expert says. The practice doesn't require mass slaughter of animals, or the hefty carbon footprint associated with livestock rearing.",Positive
2021-06-06,"Four-day working week would slash UK carbon footprint, report says.",Positive
2022-08-25,"The focus on carbon footprints should come to an end. It started out as a well-meaning idea, but it has now been hijacked by those opposed to meaningful action to tackle the climate emergency.",Negative
2019-03-19,"SLPT: If you are a smoker and want to be more eco-friendly, smoke unfiltered cigarettes. This way, you can't leave butts around as litter and also die sooner, reducing your carbon footprint",Negative
2024-12-22,"TikTok’s annual carbon footprint is likely bigger than Greece’s, study finds",Negative
2021-11-12,"Rich People Are Destroying the Planet: Rich people have a carbon footprint 25 times the size of even the typical American. To tackle climate change, we need to start with fossil capital and the most affluent.",Negative
2019-05-04,"Rooftop solar projects at schools could reduce harmful air pollution, help the environment and enhance student learning while cutting electricity costs, a new study finds, allowing schools to meet up to 75% of electricity needs and reduce the education sector’s carbon footprint by as much as 28%.",Positive
2021-09-06,Why Big Oil loves to talk about YOUR carbon footprint,Negative
2024-10-30,"Musk, Bezos need just 90 minutes to match your lifetime carbon footprint, says Oxfam | Between jets, yachts and investments in destructive companies, billionaires are speed running the apocalypse",Negative
2020-08-14,"do you want to be saved, or do you want to minimize your carbon footprint and animal suffering?",Negative
2025-01-23,The Swiss carbon footprint is among the highest in the world,Negative
2015-12-04,"Uruguay makes dramatic shift to nearly 95% electricity from clean energy: In less than 10 years the country has slashed its carbon footprint and lowered electricity costs, without government subsidies",Positive
2020-02-04,Want to reduce your carbon footprint? Less meat is nearly always better than sustainable meat,Positive
2022-02-16,Eradicating ‘extreme poverty’ would raise global emissions by less than 1% - The authors find that the average carbon footprint in the top 1% of emitters was more than 75-times higher than that in the bottom 50%.,Positive
2024-12-16,Doomscrolling has reportedly made TikTok’s annual carbon footprint almost the same as the entire country of Greece,Negative
2022-12-31,CMV: there is far too much focus on recycling in popular culture as a way to reduce your carbon footprint.,Negative
2022-01-25,Norwegian Consumers Ditch Red Meat After Carbon Footprint Is Printed On Oda Grocery Receipts,Negative
2024-10-26,"POV: The year is 2059 and I go to the restroom to relieve myself, but I forgot I installed my consciousness onto a micro drone (to lower my carbon footprint) and I no longer need to pee ever again. ",Neutral
2022-01-17,"Dude, Your Cannabis Habit Has an Epic Carbon Footprint",Negative
2020-05-13,"Exxon Chairman's Re-Election Opposed by LGIM Over Climate Response. LGIM, which manages around 1 trillion pounds ($1.2 trillion), said Exxon has persistently refused to disclose its full carbon footprint or set targets for reducing emissions.",Negative
2022-02-15,"Electric cars have a smaller carbon footprint than traditional cars, despite claim",Positive
2021-07-27,"The hatred for Men in media is insane. CNN now reports that Men have a bigger carbon footprint than women, because of cars and meat of course.",Negative
2024-02-05,Girlypop adding to carbon footprint while talking about crisp air. Sure girl.,Negative
2022-07-30,"with all this talk about emissions I'd like to point out Taylor swift has emitted over 8,000 tons of co2 this year flying around. the average person emits only 7 tons a year. its absolutely disgusting how its always pushed on the average person to be mindful of their carbon footprint",Negative
2024-10-28,We really gotta do something about this guy's carbon footprint.,Negative
2024-07-19,Why can't we put solar panels on deserts to decrease our carbon footprint are we stupid?1?1?1!1!!1,Neutral
2024-11-03,Microsoft claims timber-built datacenters can reduce its carbon footprint by up to 65%,Positive
2024-04-27,The carbon footprint of major travel methods,Neutral
2025-01-15,SLPT: Carbon Footprint ,Neutral
2019-10-10,Gavin talks about reducing his carbon footprint but forgets Rooster Teeth's roots.,Neutral
2024-09-12,"Australia's global carbon footprint far exceeds its economic size and population - and is responsible for around 4.5% of global fossil CO2 emissions, with 80% coming from fossil fuel exports.",Negative
2024-04-04,EVs are lowering Bay Area's carbon footprint,Positive
2024-01-23,"Food from urban agriculture has carbon footprint six times larger than conventional produce, study shows",Negative
2022-09-20,"""Carbon Footprint"" was BP (British Petroleum)'s PR campaign to people blame their self instead of big oil companies.",Negative
2020-09-04,"'War on plastic' could strand oil industry's £300bn investment. Research highlights the plastics industry as “a bloated behemoth, ripe for disruption” by governments eager to reduce its heavy carbon footprint and tackle the scourge of plastics in the world’s oceans.",Negative
2024-04-26,"Ask your socialist friend how many miles it takes for a new Electric Vehicle to offset its carbon footprint.  Then, watch them explode 😂",Negative
2018-08-08,"Considering the insanely high carbon footprint of cruise ships, the iceberg that sunk the Titanic was probably acting in self defence",Negative
2022-08-01,Average carbon footprint of citizens vs Taylor Swift,Neutral
2020-11-22,India has set target of cutting carbon footprint by 30-35%: PM Narendra Modi,Positive
2023-11-07,Apple Shrunk the iPhone’s Carbon Footprint. There’s a Way to Shrink It Even Further | Ensuring users can hang onto their phones as long as possible would help reduce the biggest source of emissions: producing phones in the first place.,Positive
2024-12-10,Greenhouse gas emissions from tourism have been growing more than two times faster than those from the rest of the global economy. The study tracked international and domestic travel for 175 countries to find tourism's carbon footprint is 9% of the world's total emissions.,Negative
2022-08-16,People who are complaining about the emphasis on environmental sustainability in the new regulations by pointing out that logistics and travel are the real cause of F1's carbon footprint are completely missing the point.,Negative
2023-08-27,Thanks I hate these pears carbon footprint,Negative
2023-01-05,New research shows dairy farmers can reduce carbon footprint by up to 31.5%,Positive
2021-03-18,"Study finds that red seaweed dramatically reduces the amount of methane that cows emit, with emissions from cow belches decreasing by 80%. Supplementing cow diets with small amounts of the food would be an effective way to cut down the livestock industry's carbon footprint",Positive
2025-01-09,The carbon footprint is a scam. Capitalist corporations use it to blame individuals for their pollution.,Negative
2022-07-22,"Moving the entire U.S. grain-fed beef production system to a grass-finished system is possible without displacing food production and under conservative soil carbon (C) change estimates would result in a reduced but similar C footprint, while improving soil health, water quality, and biodiversity.",Positive
2025-02-28,protesting the surge in trash while racking up frequent flyer miles. gotta offset my own carbon footprint somehow! #balance,Negative
2022-07-19,Worried About the Climate? Join the Club—Literally. Forget your carbon footprint; the best thing to do about climate change is join a group focused on collective action.,Positive
2022-01-11,Next time you wonder if glass or aluminium has a higher carbon footprint. Sigh.,Neutral
2024-07-07,The best way to reduce your carbon footprint is...,Neutral
2023-11-28,Is the carbon tax actually going to have people reduce their carbon footprint or is it just an additional tax?,Negative
2023-04-20,"I'm a proud Alberta today, I've planted my 10,000th tree recently and currently have negative carbon footprint!",Positive
2021-11-13,"Rich People Are Destroying the Planet: Rich people have a carbon footprint 25 times the size of even the typical American. To tackle climate change, we need to start with fossil capital and the most affluent.",Negative
2023-09-19,"Remote workers can have a 54% lower carbon footprint compared with onsite workers: Hybrid workers who work from home two to four days per week can reduce their carbon footprint by 11% to 29%, but working from home one day per week is more negligible, cutting carbon footprint by only 2%.",Positive
2021-06-05,"Bitcoin mining consumes as much electricity as a country like the Netherlands—half of 1% of global electricity consumption. And because the majority of mining is powered by fossil fuels, it results in a carbon footprint that exceeds the global net CO2 savings from electric vehicles",Negative
2021-11-07,Average household carbon footprint by zip code (spot the trend),Neutral
2021-08-10,Carbon Footprint Follow up by Stanford Kay. Details in the Comments.,Neutral
2015-07-08,Calculate how great your carbon footprint is and how many earths it would take to sustain your lifestyle if everyone lived that way.,Neutral
2020-05-01,Scotland: Farmer is converted to hydrogen. What started as a cursory interest in reducing the carbon footprint of his farm has led to David Barron...retrofitting of two tractors and a farm jeep with H2 electrolysers – and making a big saving on fuel,Positive
2023-06-13,Pigeons prefer used cable ties for nests; increasing their carbon footprint.,Negative
2021-12-15,"Require companies to pay employees during their commute. This will incentivize them to let people work from home where possible, and hire nearby when not, both of which will lower carbon footprint.",Positive
2019-09-07,Mike Tyson has a low carbon footprint.,Positive
2017-09-19,"LPT: Latex isn't biodegradable. A single condom can be used dozens of times by many people to reduce your carbon footprint. Here is a rhyme to help you remember: ""You'll be pleased to discover, you can reuse your rubber!""",Negative
2025-01-16,TIL the term 'jaywalking' was promoted and popularized by the automobile industry to blame pedestrians for traffic issues ,Negative
2021-06-20,Carbon footprint,Neutral
2018-10-03,Tonight a Virgin Atlantic 747 will fly on fuel made from industrial waste gas - Displacing jet fuel is a first step toward reducing the carbon footprint of flight.,Positive
2021-12-31,“Carbon footprint”,Neutral
2022-12-17,Carbon footprint bad,Negative
2020-05-31,"Talking about carbon ""Footprint""",Neutral
2024-05-05,Why do Boomers like to tell me how great my time in the military was?,Neutral
2022-04-17,Can anyone explain me why not eating meat will lower my carbon footprint? I just cannot understand it.,Neutral
2024-08-05,Midwest Logic,Neutral
2024-02-21,You can't defend Taylor Swift's carbon footprint,Negative
2024-04-05,Taylor Swift's carbon footprint revealed in new study,Neutral
2021-10-11,"100 companies are responsible for 71% of global emissions. The top 20 polluters are all fossil fuels, including Aramco, Petrobras, ExxonMobil and others. The individual carbon footprint was a misinformation campaign backed by these companies to protect their profits.",Negative
2024-09-18,"People Hugely Underestimate the Carbon Footprints of the 1 Per Cent /  The richest 1% of the US is responsible for more CO2 emissions than the bottom 50%. More than half of US respondents underestimate the average carbon footprint of the top 1% by a factor of 10 
#GlobalCarbonFeeAndDividendPetition",Negative
2024-11-24,Tommy's Line About Wind Turbines Not Offsetting the Carbon Footprint of Manufacturing Them Over Their Lifespan? Pure & Total Bullshit.,Negative
2019-04-10,"Not having children a way to cut a person's carbon footprint, some environmental groups say - Voluntary Human Extinction Movement, Population Matters say having fewer kids key to sustaining our existence",Positive
2025-01-02,Cruise ships are unethical and a net negative for humanity ,Negative
2023-12-15,"‘Elephant in the room’: The US military’s devastating carbon footprint. The US military emits more than entire industrialised nations like Portugal and Denmark, yet evades scrutiny.",Negative
2020-12-09,"The world’s rich need to cut their carbon footprint by a factor of 30 to slow climate change, U.N. warns",Negative
2022-09-06,"You want to reduce the carbon footprint of your food? Focus on what you eat, not whether your food is local",Positive
2022-10-23,EVs start with a bigger carbon footprint but that doesn't last,Neutral
2022-09-05,"Recommended reading. If I had a book club, “The Hundred Mile Diet” would definitely make the list. It’s such a great study about a couple who decide to eat locally, and sustainably. It’s definitely changed the way I think about the food I buy, and the carbon footprint it costs.",Positive
2022-11-02,it is not a bad thing to reduce your carbon footprint but it is a bad thing to act like normal people's individual action is to blame for climate change,Negative
2024-05-25,"“A new study shows the world’s richest 1% account for more carbon emissions than the poorest 66%.” Bill Gates: “I spend about $9 million a year buying sustainable aviation fuel, to cancel out my footprint.”",Positive
2014-04-12,Carbon Footprint: total emissions per nation,Neutral
2024-06-30,"A vigilante group called the Blade Runners, who don't own private jets or mansions and make barely a dent in the carbon footprint, is actively destroying all surveillance ULEZ cameras. They have been dismantling cameras across London, even carrying out their attacks in broad daylight.",Negative
2022-10-09,Why E-Bikes Could Change Everything. Cities take on transportation’s whopping carbon footprint,Positive
2022-10-21,"So while Ethereum is cutting its carbon footprint 99.99%, banks are still investing in fossil fuels. And yet we're the untrustworthy ones",Negative
2024-09-27,The Carbon Footprint is protecting the rich!,Negative
2018-05-05,Those Duke Boys Have Lowered Their Carbon Footprint,Positive
2024-12-02,"The city of Dayton projects it will earn $800,000 a year by selling methane collected from its sewage — all while reducing its carbon footprint. Previously, the water reclamation facility had made up about 50% of the city of Dayton’s carbon emissions.",Positive
2024-01-25,My wine has a zero carbon footprint cork,Positive
2024-09-12,"Personal carbon footprint of the rich is vastly underestimated by rich and poor alike, study finds",Negative
2022-08-27,Tomorrow we are avoiding cars and planes. We are taking the train from Germany to sweden on an all electric route. It will take a long time but I am happy to spend the extra time to reduce our carbon footprint.,Positive
2023-12-30,Unpopular opinion: The fact that the idea of a carbon footprint was invented by big oil does not invalidate it,Neutral
2021-07-21,"Men have a bigger carbon footprint than women, thanks to their appetite for cars and meat",Negative
2025-01-26,Husband “politely” reminded me that I’m reaching 40 and need to decide on kids “sooner rather than later.”,Negative
2024-12-16,Doomscrolling has reportedly made TikTok’s annual carbon footprint almost the same as the entire country of Greece,Negative
2024-06-07,AI's Carbon Footprint is Bigger Than You Think,Negative
2024-03-05,They're definitely leaving a carbon footprint ,Negative
2024-02-01,"Trees are struggling to sequester heat-trapping carbon dioxide (CO2) in warmer, drier climates. Meaning that they may no longer serve as a solution for offsetting humanity’s carbon footprint as the planet continues to warm",Negative
2019-06-10,"Swapping out beef for poultry can reduce dietary carbon footprint per day by 48%, equivalent to about 3,700 miles driven by an average passenger vehicle, finds new research. In addition, plant-based and lab-grown meat are gaining ground as beef substitutes.",Positive
2024-07-17,knitty natty and her carbon footprint,Neutral
2017-07-22,Showerthought: The Factorio engineer probably has the largest carbon footprint of any one character in any medium.,Neutral
2024-09-12,"Personal carbon footprint of the rich is vastly underestimated by rich and poor alike, study finds",Negative
2025-01-08,Is it just me who cannot stand virtue signaling by the ultra rich with n times carbon footprint as all of us combined?,Negative
2025-03-21,What is the carbon footprint of a Tesla set on fire using oil-based products?,Negative
2024-09-16,💎Bhutan is mining Bitcoin with renewable hydropower and no carbon footprints! ,Positive
2021-11-04,Why do news outlets keep talking about the carbon footprint of crypto but fail to accurately represent the carbon footprint of all banks and credit processors?,Negative
2024-12-08,"Aprons at Skyservice, Landmark Aviation & Million Air are completely full and more private bizjets expected for the last show Sunday.  Carbon footprint ",Negative
2022-02-04,"‘Carbon footprint gap’ between rich and poor expanding, study finds",Negative
2019-09-03,"Reducing your own carbon footprint is great, but it won’t save the planet unless governments and corporations step up",Negative
2024-01-13,If Tree is reading these recent posts: NetJets is a reasonable option for Taylor to drastically mitigate her carbon footprint.,Positive
2023-10-29,"What do you guys think about the idea that the ""carbon footprint"" concept is propaganda?",Negative
2020-12-28,One of my new year's resolutions for 2020 will be to cut down my carbon footprint and use of plastics. Do you have tips for me?,Positive
2022-07-30,"Taylor Swift's private jets took 170 trips this year, landing her #1 on a new report that tracks the carbon emissions of celebrity private jets",Negative
2022-05-31,What currently legal thing do you expect to be illegal in the next 20 years?,Neutral
2024-11-23,What airline uses these planes? I’m trying to lower my carbon footprint.,Neutral
2023-06-17,This is what a fully programmed sheep sounds like. She's complaining about the protesters in Canada because they leave a carbon footprint ...... 🤡 🌎,Negative
2023-08-03,Two changes could nearly halve carbon footprint of US school lunches,Positive
2022-07-30,Annual Carbon Footprint of the average... [OC],Neutral
2012-03-20,Does a dog have a larger carbon footprint than an SUV?,Neutral
2023-12-19,And he also does not emit any amounts of carbon footprint anymore,Positive
2024-06-13,Dan has a bigger carbon footprint (and big fat regular footprint) than most of the total listeners combined.,Negative
2018-06-13,#1 way to reduce your carbon footprint : go r/Vegan,Positive
2024-11-08,Wish people would realize that one of the best ways to reduce your carbon footprint is to have fewer children,Positive
2024-02-25,"Sorry Microsoft, not happening",Neutral
2022-08-07,Kourtney Kardashian & Travis Barker Fly Commercial Amid Carbon Footprint Concerns,Negative
2024-09-18,Reduce my 240 Hz? Hard pass...,Neutral
2023-07-28,The carbon footprint of some flights...,Negative
2024-04-16,"[Chris Medland] Data is from 2022 re: carbon footprint, but last year's initiatives look like leading to a bigger jump moving forward. Encouraging stat of a 265% increase in female participants aged 11-16 qualifying for the British Indoor Karting Championships.",Positive
2025-02-02,"Researchers used AI to build nanomaterials lighter and stronger than titanium | ""This can ultimately help reduce the high carbon footprint of flying""",Positive
2020-01-07,TIL: F1's Carbon Footprint is one-tenth of the Football World Cup's,Positive
2024-10-03,"Liquefied natural gas carbon footprint is worse than coal, study finds ",Negative
2021-08-23,Big oil coined ‘carbon footprints’ to blame us for their greed. Keep them on the hook,Negative
2022-08-15,Healthier and a lower carbon footprint,Positive
2025-03-26,It ain’t no lie!!! These guys deep clean and replace oil every day 🤩,Neutral
2019-12-14,"Greta Sails To Hong Kong To Lecture Protesters On Their Carbon Footprint. ""How dare you burn things as part of these protests when our planet is in crisis!"" ..scathing rebuke of the pro-democracy protesters. Beijing thanked her for identifying the real root of the problem: democracy.",Negative
2023-04-19,Carbon footprint news,Neutral
2022-03-13,"Focus on walking, cycling to reduce carbon footprint",Positive
2022-01-18,Reduce your carbon footprint by not idling! Cars don’t emit when moving.,Positive
2024-09-14,'I'll give you my carbon footprint up the hole' - Offaly pub hits back at turf fire critic - Offaly Live,Negative
2022-07-06,Trying to guilt trip the ordinary people.,Negative
2022-09-07,Ethereum Merge will erase 99.91% of carbon footprint for polygon community : Polygon,Positive
2022-08-04,"Taylor Swift tries to clarify that she wasn't even on most of those 170+ trips her private jet took this year, saying she just loans out her private jet to friends regularly.",Negative
2022-04-28,"F1 strives to be low-emissions by downsizing engines. But the calendar is not arranged in a logical order, thereby increasing the carbon footprint. I wonder if making the engines V8 would induce less emission increase than to not change the F1 calendar.",Negative
2024-01-22,"Study finds that carbon footprints of urban agriculture is six times greater than conventional agriculture. Some urban agriculture crops (for example, tomatoes) and sites (for example, 25% of individually managed gardens) outperform conventional agriculture.",Negative
2022-09-07,Kim Kardashian amid private jet flak: I ‘pick and choose’ how to help climate change. “No one’s going to be 100 percent perfect.”,Negative
2018-04-30,"The advent of GPS must have reduced our carbon footprint much more than we give it credit for, due to all the miles saved through route optimization.",Positive
2021-12-17,When the Soviet union used an Atomic bomb to extinguish a blown out oil well (1966),Neutral
2020-07-21,IKEA's new Plant Balls are a part of their larger mission of becoming Carbon Positive by 2030. The new balls have just 4% of the carbon footprint of the meaty predecessors.,Positive
2024-10-06,"Liquefied natural gas leaves a greenhouse gas footprint that is 33% worse than coal, when processing and shipping are taken into account. Methane is more than 80 times more harmful to the atmosphere than carbon dioxide, so even small emissions can have a large climate impact",Negative
2021-03-25,"A single Bitcoin purchase at a price of ~$50,000 has a carbon footprint equivalent to 60 gas cars.",Negative
2022-04-22,The idea of a ‘carbon footprint’ is a neoliberal lie. The only way we’re going to save the world is until laws drive these evil corporations out of existence.,Negative
2025-01-03,New Chapter Concept,Neutral
2024-11-04,Your Carbon Footprint isn't funny,Negative
2022-10-23,E.V.s Start With a Bigger Carbon Footprint. But That Doesn’t Last.,Neutral
2025-01-22,Microsoft signs deal to restore Amazon rainforest and offset AI emissions: 40% increase in Microsoft's carbon footprint and usage of CO₂ and other greenhouse gases in 2023.,Negative
2023-11-28,Mates have bought the house next door. What sort of cool stuff can we do to save time/money or reduce carbon footprint?,Positive
2025-03-01,"WEF wants everyone to have a carbon footprint tracker to monitor what he eats, what he buys, and where he goes. The tracker aims to change people's shopping and travel behaviors by rewarding those who ""do the right thing"" and potentially punishing those who ""do the wrong thing"".",Negative
2015-11-23,"If I apply enough pressure, can I turn my carbon footprint into a diamond footprint?",Neutral
2023-06-28,"One of the ways to reduce carbon footprint is to transport cargo via trains, but we don't do that here in the Philippines. Why?",Negative
2022-07-28,Taylor Swift At the Top of Most Co2 Emissions This Year With Private Jet Usage,Negative
2021-04-21,"Climate change is driving some to skip having kids - A new study finds that overconsumption, overpopulation and uncertainty about the future are among the top concerns of those who say climate change is affecting their reproductive decision-making.",Negative
2021-12-10,"Deutsche Bank: Crypto is not environmentally sustainable. Mining just one bitcoin consumes a larger carbon footprint than nearly two billion Visa transactions. What’s more, a single bitcoin transaction could power the average U.S. household for more than two months.",Negative
2023-11-11,[Request] What is the carbon footprint of 16000 spam emails?,Neutral
2024-09-16,only half of those firms surveyed were even measuring their carbon footprint,Neutral
2022-08-10,Informative label showing the carbon footprint of a product,Neutral
2022-05-13,"Don't be taken in by the ""individual burden"" thing. The reason you know the phrase ""individual carbon footprint"" is a massive campaign by BP while they were facing pressure about fossil fuel usage",Negative
2019-10-31,Reduce my carbon footprint to 0,Positive
2024-10-14,Polar bear navigating arctic sea ice,Neutral
2025-03-04,Polar bear casually walking on ice across the ocean.,Neutral
2024-11-04,🔥 Polar Bear Walking on Ice 🧊 in the Ocean 🌊 🔥 ,Neutral
2024-02-26,"TIL that all polar bears in Iceland are shot on sight. They are not native to the island, and dangerous because they are hungry after floating over on ice from Greenland. It is too difficult and expensive to return them home.",Negative
2025-02-09,"🔥How To Cross Thin Ice 101, From A Polar Bear",Neutral
2024-05-10,What really kills me about the Polar Patriots warbond is how we didn't get ANY ice themed weapon mechanics,Neutral
2022-10-13,🔥🔥 Master Polar Bear Shows You How to Get Across Thin Ice,Neutral
2024-10-04,Making Ice Blocks to Feed Polar Bears,Neutral
2023-04-02,"Polar bears spread their arms and legs while crossing thin ice, to avoid breaking the ice",Neutral
2022-10-16,"Polar bears spread eagle while crossing thin ice, to avoid breaking the ice.",Neutral
2024-08-30,This is how a polar bear spreads its body weight to avoid falling through thin ice.,Neutral
2024-01-10,Wealthy people literally eating the polar ice caps,Negative
2020-01-27,A mother polar bear periodically breaking holes in thin ice to let her cub breathe,Neutral
2024-04-20,Nuclear submarine crashes through polar ice in the Arctic Ocean,Neutral
2021-09-23,"Melting of polar ice warping Earth's crust itself beneath, not just sea levels",Negative
2024-03-28,"Europe if all the polar ice caps melt. I don't get the big deal, this is an improvement ",Negative
2022-12-24,This is how polar bears manage to cross stretches of sea covered by ice,Neutral
2018-02-04,"Polar Bears Really Are Starving Because of Global Warming, Study Shows: New science sheds more light on recent controversy over how much the large carnivores are being impacted by melting sea ice.",Negative
2020-10-13,"Daily Polar Sea Ice Area with Monthly Ice Extent, 1988 to 2020 [OC]",Neutral
2023-10-16,Polar Bear Shows You How to Cross Thin Ice,Neutral
2019-01-30,"For the first time since 2014, the polar vortex is descending on North America. If Arctic ice continues to melt, polar-vortex events could get more frequent. Recent research shows that the frequency of winter polar-vortex events has increased over the past four decades.",Negative
2022-07-20,We may be looking at the wrong climate change data… and it might be worse than we thought - Living in a time of polar ice caps means the “greenhouse” model may be underestimating of climate change.,Negative
2021-12-27,"Receding ice cap forces the polar bear to change its diet. Taking down reindeer. Svalbard, Norway",Neutral
2022-10-08,"Fresh polar bear tracks on the sea ice, Svalbard [5652x7065] [OC]",Neutral
2024-06-28,Map of the British Isles if all polar ice caps melted!,Neutral
2021-09-30,A polar bear stalking wildlife photographer Paul Souders from under the ice. (Both the bear and the human were not harmed in this encounter),Neutral
2024-03-27,Polar ice is melting and changing Earth’s rotation. It’s messing with time itself,Negative
2020-10-30,A mother polar bear breaking through thin ice at different intervals so her cub can stop to breathe,Neutral
2019-01-18,"Scientists Find Dead Tardigrades Buried 3,200 feet-Deep in Antarctica Lake - In many ways, the Antarctic environment resembles the polar landscapes on planets like Mars. Finding evidence of life under the ice strengthens a possibility that Mars may have once been home to life.",Neutral
2023-01-29,🔥 A Polar Bear following photographer Paul Souders from under the ice.,Neutral
2020-05-02,Satellites Reveal Clearest Picture Of Ice-Melting In Antarctica: Polar Ice Sheets Losing Billions Of Tonnes Of Ice Every Year.,Negative
2025-03-03,Polar bear casually walking on ice across the ocean.,Neutral
2023-07-05,Polar Bear evenly distributes its weight to cross thin ice,Neutral
2024-07-16,"Polar ice melting makes Earth heavier to rotate, causing longer days | A new study reveals that Earth’s spin axis is “shifting” due to climate change and the planet’s internal dynamics.",Neutral
2024-06-02,"Polar bears spread their arms and legs while crossing thin ice, to avoid breaking the ice",Neutral
2024-08-28,"The easier it became to make ice, the faster the polar ice caps started to melt.",Negative
2024-03-27,"Melting polar ice is slowing the Earth’s rotation, with possible consequences for timekeeping",Negative
2024-12-23,Polar Bear evenly distributes its weight to cross thin ice,Neutral
2017-06-21,"If all the polar ice caps melted, would the ocean become less salty?",Neutral
2023-09-29,A polar bear crossing over thin ice,Neutral
2024-12-09,Polar bear enjoys a swim in ice-blue / ice-cold artic waters,Neutral
2018-10-30,PsBattle: Bloody polar bear sitting on ice,Neutral
2021-03-07,It looks like there’s a polar bear melting in my ice cream.,Neutral
2019-06-30,🔥 How thick ICE on the Polar Caps?,Neutral
2024-10-13,Planet Mars in Daylight This Morning Through My Telescope. Polar Ice Cap Visible on the Top Right.,Neutral
2019-08-08,Polar Exploration ship 'Endurance' from the Shackleton trapped by ice and lit by flares. All of the crew survived. (664 x 899) [1915],Neutral
2023-11-15,Smart polar bear is a bit too careful while moving over thin ice,Neutral
2019-12-02,"The Polar Bear's stark white coat provides camouflage in surrounding snow and ice. But under their fur, polar bears have black skin—the better to soak in the sun's warming rays.",Neutral
2024-09-25,Me feeling every ounce of support for the technocrats leave my body the second I see Ice bloods wrestling polar bears:,Neutral
2023-05-20,A clever polar bear slides across the ice to avoid breaking it Video,Neutral
2024-09-18,"🔥 Ice flowers in Norway.
It is a natural phenomenon that occurs in the seas of the polar regions. The flowers are formed from water vapor that escapes from cracks in the thin layer of surface ice. When these vapors come into contact with the cold air, they crystallize.",Neutral
2020-03-11,Polar ice caps melting six times faster than in 1990s,Negative
2017-07-26,Polar bear catches a seal at the exact moment it emerges from the ice for air.,Neutral
2024-12-03,The Polar Express Ice Drift - UNHINGED VERSION,Neutral
2022-10-14,How a polar bear gets across thin ice,Neutral
2020-11-05,Arctic time capsule from 2018 washes up in Ireland as polar ice melts.,Neutral
2021-11-02,Will the melting polar ice caps actually bring on an ice age due to lower ocean salinity?,Neutral
2020-08-22,I drew ice bear as a polar patroller!!,Neutral
2023-01-29,🔥 A Polar Bear following photographer Paul Souders from under the ice.,Neutral
2025-02-10,"🔥How To Cross Thin Ice 101, From A Polar Bear",Neutral
2025-01-08,"Giant Yellow Labrador gets a pumpkin ice block. (Polar Bear in Peak Wildlife Park, UK) ",Neutral
2017-12-01,What if there are diseases frozen in the polar ice caps that will infect humans after they melt?,Negative
2023-04-12,"Polar bear tracks on sea ice, Svalbard, Norway",Neutral
2022-12-26,"Polar bears dying at a rapid rate near Canada's ""Polar Bear Capital"" as Arctic sea ice disappears",Negative
2020-06-24,World Climate - We really should be able to rebuild the Polar Ice. I've got over 100 cities running Carbon Recapture and the world has dropped -200C / 392F.,Neutral
2022-02-27,TIL there have been at least 600 polar bears that have made the swim/ice drift to Iceland since the settlement of the island.,Neutral
2019-01-28,"A Polar bear can smell a seal that is at a distance of 32 km (20 mi) away from it. This is indeed an extraordinary sense of smell. Not only this, Polar Bear can smell a seal which is 3 feet beneath the ice from a distance of 1 km (0.6 mi)",Neutral
2025-03-03,Polar bear casually walking on ice across the ocean,Neutral
2025-03-24,"There’s Something Beneath Us, and the World’s About to Find Out",Neutral
2022-09-06,Polar bear infanticide and cannibalism on melting summer sea ice,Negative
2024-10-04,Making Ice Blocks to Feed Polar Bears -  Who knew,Neutral
2025-01-29,"🔥 When hunting, polar bears use a skill called ""still hunting."" Meaning they wait near a hole/crack in the ice for prey to come. Mainly seals. Also their skin is black.🐻‍❄️",Neutral
2022-12-27,"Polar bears dying at a rapid rate near Canada's ""Polar Bear Capital"" as Arctic sea ice disappears",Negative
2025-01-02,Polar bear breaks through the ice,Neutral
2021-11-26,Melting ice in a warming Arctic are allowing dolphins to become a greater share of the polar bear's diet. The bears are also learning to catch extra dolphins and store them for later use which biologists are claiming is an evolutionary adaptation owing to climate change pressures.,Negative
2024-12-25,Who likes THE POLAR EXPRESS?  200 mph or 322 km/h from Glacier Gulch to Ice Lake!  The Fastest Train Ride EVER in Planet Coaster!  :P ,Neutral
2022-10-13,🔥🔥 Master Polar Bear Shows You How to Get Across Thin Ice,Neutral
2022-07-04,A mother polar bear breaking the ice at different intervals so her cub can stop and breathe.,Neutral
2024-03-27,"Melting polar ice is slowing the Earth's rotation, with possible consequences for timekeeping",Negative
2021-09-13,"TIL that due to the fact that they spend the majority of their lives on sea ice, polar bears are classified as marine mammals, like dolphins, seals, and whales.",Neutral
2015-03-06,"TIL there is a giant species of shark that lives under ice near the north pole, eats polar bears and lives for over 200 years. Oh, and the Vikings used to hunt them and eat their flesh even though it stinks and tastes like pee",Neutral
2018-04-30,Polar bears have an amazing sense of smell. They can sniff out a seal on an ice floe from 32km (20 miles) away.,Neutral
2025-01-31,"Polar Bear Population Decline Due to ""Lack of Food"" | Sea ice loss is starving polar bears in Western Hudson Bay, reducing their size, cub survival and overall population.",Negative
2023-02-02,Tabloids saying 'Polar Vortex' or 'Ice Bomb' instead of saying 'It Might Snow',Neutral
2021-10-08,"USS Connecticut's recent collision was not the first time the sub unexpectedly came into contact with something. After the Connecticut had surfaced in an ice pack in 2003, a polar bear approached and began to lick the rudder before deciding he did not want a sub and wandered off [1920x1080]",Neutral
2020-01-27,🔥 A mother polar bear breaking through thin ice at different intervals so her cub can stop to breathe 🔥,Neutral
2022-12-27,Snow Melter. Now you can melt excess parking lot snow and the polar ice caps in one easy to tow package!,Neutral
2023-05-20,A clever polar bear slides across the ice to avoid breaking it,Neutral
2020-11-05,"Arctic time capsule buried in just 2018 washes up in Ireland after polar ice melts | The metal cylinder was packed in an ice floe by the crew and passengers from the Russian icebreaker ship 50 Years of Victory when it reached the North Pole, with the intention it would be found far in the future.",Neutral
2024-03-12,"Ernest Shackleton's ship—the Endurance—trapped in ice off the coast of Antarctica during a 1915 expedition. In the total darkness of the polar night, 20 charges of flash powder had to be used to illuminate the ship for the photo. The Endurance never escaped from the ice and sank later that year.",Neutral
2022-10-14,🔥 Polar bear gets across thin ice,Neutral
2019-02-10,Russia may shoot dead 52 polar bears ‘invading’ village homes as sea ice melts,Negative
2025-03-28,Sea Ice Thickness and Volume: Polar Portal,Neutral
2023-02-19,"This image of Mars shows the north polar ice cap, the border between highlands and lowlands, former river valleys, plains covered by dark sands and the large Hellas Planitia impact basin in the south. Credit: ESA/DLR/FU Berlin",Positive
2024-08-31,This is how a polar bear spreads its body weight to avoid falling through thin ice.,Positive
2025-01-03,TIL polar bears know how to cross areas of thin ice.,Positive
2022-10-19,Polar bears are smart when crossing over thin ice,Positive
2018-12-18,Inside the Ice King's castle at Polar Peak. (More pictures in comments),Neutral
2019-02-03,Ice Pillars during polar vortex in Northern Ontario,Neutral
2019-05-19,Ice King saw that The Prisoner was the CEO of Pressure Plant and wants to sell Polar Peak for 15.000 V-Bucks! Will Prisoner buy it?,Neutral
2024-10-26,Mars and Polar Ice Caps,Neutral
2024-07-18,"[MLB] The Rockies have a new ballpark food item of spaghetti and meatballs ... except it’s actually ice cream and donuts 😭  Introducing “Polar Pasta”: vanilla ice cream with donut holes, strawberry syrup and mint ",Positive
2024-10-23,"Paws of polar bears sustaining ice-related injuries in a warming Arctic | Researchers found lacerations, hair loss, ice buildup and skin ulcerations primarily affecting the feet of adult bears as well as other parts of the body.",Negative
2025-02-26,Mars Last Night. The Polar Ice Cap is Shrinking as Summer Starts in the North.,Negative
2020-11-05,Arctic time capsule from 2018 washes up in Ireland as polar ice melts,Neutral
2022-05-16,"""No one sucks the life from my penguins except me... and maybe polar bears, because that's just nature, Gunter."" -Ice King",Neutral
2020-08-12,"Polar Bears rely heavily on the Arctic sea ice environment for traveling, hunting, mating, resting, and in some areas, maternal dens. Due to global warming however, scientists predict that some subpopulations will become extinct by year 2100 unless more is done to tackle climate change.",Negative
2024-11-05,"🔥A male polar bear (Ursus maritimus) was observed roaming the sea ice, scanning cracks for seals",Positive
2024-12-25,Perspective view of the Mars north polar ice cap ,Neutral
2024-02-13,"Climate change's effect on Arctic sea ice is forcing polar bears to find food on land, putting the apex predators at risk of starvation. The bears are now using different strategies to reduce their energy loss now that there are more ice-free days, including fasting and eating berries & birds.",Negative
2018-12-14,"Polar bear's cubs are born helpless and typically nurse for two and a half years. For about 12 to 15 days, the family spends time outside the den, then they begin the long walk to the sea ice, where the mother can once again catch seals",Positive
2017-01-12,"Polar bears have finally been added to the endangered species list as ""threatened"" by the U.S. Department of the Interior. This distinction was made based on evidence that the animal's sea ice habitat is shrinking and is likely to continue to do so over the next several decades.",Negative
2020-11-05,Arctic time capsule from 2018 washes up in Ireland as polar ice melts | Arctic,Neutral
2022-04-09,A polar bear jumping from an ice plaque to another,Positive
2024-03-18,"TIL that Ganymede's oceans are 60 miles deep. For comparison, the Mariana Trench is 7 miles deep.",Neutral
2025-03-21,"Arctic or polar horror, secrets in the ice",Negative
2022-12-26,"Polar bears dying at a rapid rate near Canada's ""Polar Bear Capital"" as Arctic sea ice disappears",Negative
2024-01-11,I find this controversial. I could argue for or against.,Neutral
2023-04-03,"Polar bears spread their arms and legs while crossing thin ice, to avoid breaking the ice",Positive
2017-01-04,Thought you had a bad day? check this polar bear on ice.,Neutral
2020-03-11,Polar ice caps now melting six times faster than in 1990s,Negative
2025-02-24,"Gameplay for my adventure project about a polar expedition lost in the ice, inspired by a true story from 1900. Latitude 76: Land of the Onkilons is the result of over 2 years of solo development.",Neutral
2023-03-19,Polar bear increases its surface area to avoid breaking thin ice,Positive
2023-04-17,One Piece: Chapter 1081 - Spoilers,Neutral
2024-12-02,ZikZ tipped over as requested by Polar_IceCream. What’s next?,Neutral
2024-06-08,Will Civ VII feature globe maps?,Neutral
2024-06-28,British Isles if all polar ice on Earth melted (+ coastlines during last ice age)!,Neutral
2024-08-19,Europa has an underground ocean estimated to be 40 to 100 miles (60 to 150 kilometers) deep,Positive
2024-04-16,"It's unbelievable how lush the Swedish Polar Mountains are. I thought, there would be only ice like Nunavut.",Positive
2025-01-31,"Polar Bear Population Decline Due to ""Lack of Food"" | Sea ice loss is starving polar bears in Western Hudson Bay, reducing their size, cub survival and overall population.",Negative
2025-03-10,"A brinicle, also known as an ice stalactite, is an underwater icicle formed in polar regions when supercooled, saline water seeps from sea ice, creating a downward flow that freezes surrounding seawater and anything in its path.",Neutral
2025-01-09,How do I (31F) handle my awful SIL (33F) at my boyfriend (30M)'s family Christmas?,Neutral
2020-03-18,Polar ice cap melt has increased six times faster than expected and tracks the worst-case scenario. - The Politicus,Negative
2024-06-24,AITAH for telling my fiancé I don’t want his last name or his mom at our wedding?,Neutral
2021-02-25,Polar bears are working three times harder to hunt as Arctic ice melts,Negative
2023-12-26,Global Warming: Contiguous U.S. Temperature Zones Predicted for 2070-2099 Under Different Emissions Scenarios [OC],Neutral
2023-02-10,"Polar bears primarily eat seals. Polar bears often rest silently at a seal's breathing hole in the ice, waiting for a seal in the water to surface. A polar bear may also hunt by swimming beneath the ice. Polar bears roam the Arctic ice sheets and swim in that region's coastal waters.",Neutral
2024-09-29,"A Polar Bear Sliding Its Paws On The Ice, To Make Sure It's Stable",Positive
2024-11-14,AITAH for uninviting my cousin from my wedding because of the election,Neutral
2022-07-12,AITA for Punishing my Son Harshly for a Prank on a Vulnerable Person?,Negative
2023-01-20,World map after the polar ice caps melt,Neutral
2022-09-25,Why do Ice mods still have a D polarity? It makes consistent modding across configurations impossible.,Neutral
2020-03-12,Six-fold increase in polar ice losses since the 1990s. Greenland and Antarctica lost 6.4 trillion tonnes of ice between 1992 and 2017. A team of 89 polar scientists from 50 international organisations have produced the most complete picture of polar ice sheet loss to date.,Negative
2025-01-23,"The Last Ice Area in the Arctic could disappear a decade after the central Arctic Ocean reaches seasonally ice-free conditions in a few decades. This loss would impact polar bears, belugas, bowhead whales, walruses, ringed seals, bearded seals, and ivory gulls.",Negative
2024-10-16,"Our Solar System is changing rapidly, and nobody is talking about it",Neutral
2024-05-12,A Compilation of Patch Fails (huge post),Neutral
2021-11-26,"A polar bear eating the carcass of a white-beaked dolphin that had ventured too far north. Biologists think the polar bear probably caught the dolphin when it was trapped below the sea ice. When the dolphin finally found a small hole and surfaced for air, the polar bear was there waiting.",Positive
2024-10-23,"Paws of polar bears sustaining ice-related injuries in a warming Arctic | Researchers found lacerations, hair loss, ice buildup and skin ulcerations primarily affecting the feet of adult bears as well as other parts of the body.",Negative
2019-05-17,I mapped Australia if the polar ice caps melted,Neutral
2019-02-13,"Possibility of recent underground volcanism on Mars: New research suggests liquid water is present beneath the south polar ice cap of Mars. Now, a new study argues there needs to be an underground source of heat for liquid water to exist underneath the polar ice cap.",Positive
2018-03-10,NASA releases time-lapse of the disappearing Arctic polar ice cap,Negative
2024-06-06,[DC] Could Superman reverse global warming by refreezing the polar ice caps with his cold breath periodically?,Neutral
2010-12-16,Polar bear encounters ice breaker,Neutral
2025-03-27,What do polar bears get from sitting on the ice too long?,Neutral
2014-09-01,New satellite maps show polar ice caps melting at 'unprecedented rate'. Scientists reveal Greenland and Antarctica losing 500 cubic kms of ice annually,Negative
2020-12-05,Making an ice chest from ice,Neutral
2020-11-28,Polar scientists wary of impending satellite gap. Won’t be able to monitor melting of ice for years.,Negative
2020-09-11,"Cabin in Alaska for rent, lovely view.",Neutral
2022-09-19,POV: Polar Bear wants to eat you.,Neutral
2021-10-08,"USS Connecticut's recent collision was not the first time the sub unexpectedly came into contact with something. After the Connecticut had surfaced in an ice pack in 2003, a polar bear approached and began to lick the rudder before deciding he did not want a sub and wandered off [1920x1080]",Positive
2022-03-19,"Researchers have discovered a new form of ice, called “Ice-VIIt”, that redefining the properties of water at high pressures. This phase of ice could exists in abundance in expected water-rich planets outside of our solar system, meaning they could have conditions habitable for life",Positive
2024-08-25,"Welcome to my Polar Station. I wanted to depict a fast modular construction in the ice of an unknown planet, I think I succeeded. Thanks u/Zarocus for the coordinates!",Positive
2021-09-03,"The extreme cold snap that left millions of people in Texas without power last winter appears to have been made more likely by melting Arctic sea ice thousands of kilometres away, research suggests.",Negative
2024-05-10,"Because they spend most of their lives on the sea ice of The Arctic Ocean & depend on it for their food and habitat, Polar Bears are the only Bear species to be considered Marine Mammals. They can swim over long distances for many hours at up to 6 miles per hour.",Positive
2025-02-11,"The CIA Buried This Story for 50 Years. Now the Sky is Burning, the Ice is Drowning, and the Prophecy Feels Too Real",Negative
2022-08-09,"It’s too late, folks. Global warming is now unstoppable and the polar ice caps are gone.",Negative
2022-11-09,"""What would you do---19 students, 5 names"" + New SHOCKING Update!",Neutral
2020-09-20,Mars from my backyard - amazing to see polar ice caps!,Positive
2020-01-20,The shower at my hotel has a flow meter to know how much water you use (bonus: ice cap is melting and polar bear disappears if you use too much),Neutral
2022-05-17,Interesting reaction when I added mirin to my shoyu garlic sauce.,Neutral
2019-05-16,I mapped Antarctica if the polar ice caps melted,Neutral
2023-04-23,"""The entire north polar icecap could be completely ice-free within the next five to seven years."" (Al Gore, 2009)",Negative
2025-01-21,Inaguration Confirms Collapse & American Megastate,Negative
2022-01-15,"The Ice Forest - a polar biome including a natural hazard, eight monsters, and five plants",Neutral
2018-01-29,Donald Trump gets polar ice trend backwards,Negative
2020-09-21,This absolute unit of a polar bear,Positive
2024-04-20,Nuclear submarine crashes through polar ice in the Arctic Ocean,Neutral
2023-06-08,Game VI 2023 - Bearwolves - Phase 6 - maybe there was some reference to a garbage ice barge the polar bears lived on,Neutral
2020-06-01,Breaking the ice,Neutral
2020-06-23,Welcome to the Nether - Minecraft Java Edition 1.16 has been released!,Neutral
2018-10-09,"TIL in 1897, 3 Swedes attempted to be the first people to reach the North Pole. They travelled by hot air balloon but crashed after 65 hours. 33 years later, a ship discovered their camp, along with their dead bodies, journal, and camera. They'd survived for weeks by killing and eating polar bears.",Neutral
2024-12-11,S14 little datamining,Neutral
2025-03-21,Are any polar bears insulted if you call them ice bear?,Neutral
2021-06-23,🔥 Kayaking in the Arctic,Positive
2022-07-06,🔥Polar bear mother breaking through thin ice at different intervals so her cub can stop to breathe,Positive
2024-08-27,"Really? •,-,•",Neutral
2022-05-07,Polar bears takeover abandoned buildings on an Arctic Station.,Neutral
2022-06-05,Ann Bancroft and Liv Arnesen at the South Pole. Ann Bancroft was the first woman to cross both polar ice caps to reach the North and South Poles (South Pole 2001) [800x534],Positive
2023-11-01,"Goody Goody Gum Drops: Bubble gum flavored ice cream laced with gumdrops considered iconic to NZ. Its creation was previously deemed mathematically impossible. Perception of the flavor polarizes New Zealanders: some consider it to be a ""national delicacy""; others, a ""national disgrace"".",Neutral
2019-02-03,Surfer after riding waves in Lake Superior during polar vortex.,Neutral
2018-01-29,"Trump told Piers Morgan the polar ice caps were at ""record levels."" Does this statement mesh with your views on the current state of climate change?",Negative
2018-09-13,You don't typically see this part of earth,Neutral
2021-05-09,Young polar bear plays with ice at Oregon Zoo,Positive
2018-09-03,"A lighthouse in Michigan, before and after major ice storm",Neutral
2024-11-21,This should be illegal.,Negative
2020-09-20,The biggest nuclear icebreaker in the world,Positive
2019-01-05,Polar Bear ASW-class attacks the USS Connecticut as it surfaces thru the ice in 2003 [604x453],Negative
2016-10-18,What is your favorite ice breaker to get a conversation started?,Neutral
2017-08-23,Inside The Giant American Freezer Filled With Polar Ice - Tom Scott,Neutral
2025-02-15,BREG Polar Care Ice System,Neutral
2024-11-24,"In the Arctic, ice isn't just melting—it's becoming more dangerous for polar bears to walk on. Large chunks of thawed and refrozen ice stick to their paws, causing painful lacerations as they move.",Negative
2025-01-10,The guitar that took me 20 years to find,Positive
2018-04-26,One of the ice cubes in my drink looked exactly like a polar bear.,Neutral
2022-12-24,This is how polar bears manage to cross stretches of sea covered by ice,Positive
2021-10-05,"🔥 Polar bear leaping over water, captured by Arctic expedition team",Positive
2019-01-27,I guess this is why I’m still single,Negative
2018-08-21,Ice Confirmed at the Moon's Poles,Neutral
2025-02-26,"Reddit scientists, if the polar ice caps are really melting, how do you account for the fact that my ice cream cone is still cold?",Neutral
2025-01-21,Is Barton Springs open today? I really want to jump in for the ultimate polar ice challenge. ,Neutral
2022-06-19,Polar bear population found in Greenland that relies on glaciers rather than sea ice,Positive
2021-02-27,"If you put a polar bear in Antarctica, would it know it doesn't belong there?",Neutral
2021-01-08,I took this 7 years ago. It's still the best picture I've taken of him.,Positive
2021-06-13,A Crater at the North Pole of Mars,Neutral
2019-06-29,"This is what an Igloo looks like when you build a fire inside. The fire inside melts the inner layer of ice, and the cold outside refreezes it, adding a layer of insulation that can keep the igloo at 60° inside while it's -50° outside.",Positive
2019-03-01,She fell for it,Negative
2018-08-08,Polar Bear in northern Canada | CBC North,Neutral
2018-12-21,Image of ice filled crater on Mars,Neutral
2024-12-19,Catch fishing Polar bear sea ice cartoon 3D,Neutral
2021-10-08,A polar bear jumping across a crack in Arctic ice,Positive
2021-01-26,Just two polar bears hunting a drone from under the ice.,Negative
2021-10-13,"Scientists find that summer ice in the ""Last Ice Area"" of the Arctic will disappear by 2100 if we don’t halt global warming, making it difficult for polar bears survive — ""If the year-round ice goes away, entire ice-dependent ecosystems will collapse, and something new will begin.""",Negative
2021-09-04,Sana's 3D debut? Polar ice cap in danger!,Neutral
2020-07-10,Anyone else see a bear?,Neutral
2024-09-18,"Trump Blames 'Antarctican Immigrants' for Eating Arizona's Polar Bears, Vows to Build Ice Wall",Negative
2024-09-20,ELI5 why if the polar ice caps are melting this is raising sea levels?,Neutral
2021-03-02,"WHY TURKEY,WHY????",Negative
2019-08-12,The Ice Sphere is still in the Polar Peak image in the hub,Neutral
2024-04-21,Nuclear submarine crashes through polar ice in the Arctic Ocean,Neutral
