Date,Title,Content,Subreddit
2024-08-24 21:45:16,My first greenhouse,"Hope I can inspire someone. 
",Greenhouses
2024-10-24 20:57:15,been waiting/saving 5 years for a greenhouse and i got one finally 😍😍😍,careful with this hobby or you’ll find yourself making whole new houses for plants ,houseplants
2022-03-22 18:13:10,PSA: you can make a makeshift greenhouse out of a large shed. Holds over twice the amount of crops the normal greenhouse does and never needs to be watered if you use deluxe retaining soil!,,StardewValley
2022-01-10 16:58:00,"Not the most productive greenhouse, but i love spending some time here!",,StardewValley
2025-03-15 20:20:18,The perfect greenhouse- we’ve arrived 🤤,,StardewValley
2024-05-02 11:18:54,I'm happy with my greenhouse 🙂 wanted share ,,StardewValley
2024-02-28 11:16:37,I built the Costco greenhouse and I love it,"After two years of going back and forth researching greenhouses I finally decided on the [Costco greenhouse](https://www.costco.com/yardistry-7.8%E2%80%99-x-6.7'-greenhouse.product.100784646.html) by Yardistry. 

My wife and I are creative problem solvers and both went to art school so we have no problem spending hours and hours working on a single task haha- but we has never built anything like it! If we can do it, so can you! 

Though I’ve researched all sorts of heating and cooling options, I’m going without electricty or solar for at least the first year so I can really understand the temperature fluctuations and how I’d like to use it. 

With that said I’ve already started over 600 seeds in there! Plants that need cold/moist stratification like yarrow and milkweed and summer crops like tomatoes and watermelons! I’ve just been so impressed and ecstatic about having this space. It’s sooo good for me and my brain and my anxiety to have this space to hunker down in and listen to music and just plant things instead of working in my basement. 

I’m also hoping it helps me launch my nursery business for native plants and trees and heirloom fruits and vegetables in the summer. 

Anyway if you have questions ask away because it’s real fresh in my mind. Or if you’ve  thought about getting this greenhouse but are hesitating, I totally recommend it. 

Happy growing,
Justin 


https://imgur.com/a/lNHQ4pK",gardening
2022-03-20 15:36:21,"i’ve seen people looking for the greenhouse sprinklers, i wanted to share this with everyone!",,StardewValley
2023-07-25 23:19:03,I've been using the greenhouse wrong....,"I've always been very meh about the green house. I hate watering plants, and the fact that you have to have everything in a plant pot makes it so that you can't use sprinklers. Not to mention, it's annoying navigating around my sea of pots. 

I usually wait until year two and use it as a rare seed nursery with deluxe retaining soil so that I never have to water anything. 

Then I see someone's greenhouse and there's no pots to be found. WTF are there trees in the ground? Are you shitting me!? YOU CAN DIG INTO THE GREENHOUSE? I would have planted my ancient seeds so much sooner.... But instead I save them until I have ginger island because I don't want to waste my one seed that might not even make it to fruiting. WTF. I assumed that it was a solid floor, not dirt. So many years wasted. ",StardewValley
2025-02-18 03:50:00,"A smaller, organized Greenhouse Layout",,StardewValley
2025-04-05 18:54:00,A cat broke into a greenhouse at work and found the Cat Nip,He must of been here a while he was absolutely off his face ,cats
2024-11-19 17:04:43,China Has Overtaken Europe in All-Time Greenhouse Gas Emissions,,europe
2024-07-15 18:05:23,"Real Madrid's stadium has a four-storey underground greenhouse below the pitch. They store the pitch there when it isn't being used and keep it in perfect condition with fully automated air conditioning, irrigation, mowers, and LED lighting.",,Damnthatsinteresting
2024-12-26 04:12:40,Please admire my mom's greenhouse plant layout.,"- She claims to ""have a system""

- These are the only plants she has on her entire farm

- She's on year eight

- She's having the time of her life ",StardewValley
2024-10-08 15:04:58,"Earth’s ‘vital signs’ show humanity’s future in balance. Human population is increasing at the rate of approximately 200,000 people a day and the number of cattle and sheep by 170,000 a day, all adding to record greenhouse gas emissions.",,science
2024-03-22 20:03:03,Kim Jong Un and his daughter visiting a greenhouse ,,pics
2025-04-09 16:07:42,[New Updates]: Neighbour thinks I breed rats in my greenhouse,"**I am NOT OOP, OOP is** u/Euphoric_Grab_9861

**Originally posted to r/neighborsfromhell**

Previous BoRUs: [1](https://www.reddit.com/r/BestofRedditorUpdates/comments/1hhlcdu/neighbour_thinks_i_breed_rats_in_my_greenhouse/)

**[New Updates]: Neighbour thinks I breed rats in my greenhouse**

**NEW UPDATES MARKED WITH** ----

**Thanks to u/soayherder & u/Direct-Caterpillar77 for suggesting this BoRU**

**Trigger Warnings:** >!harassment, slander, controlling behavior!<

--------------------------------

**RECAP**

[Original Post](https://www.reddit.com/r/neighborsfromhell/s/ZvIswSzsp1): **November 25, 2024**

I’ve lived in the house I own with my husband for 12 years. It’s a terrace built in the 1860s with lots of things like coal shutes and cellars that undercut other people’s properties. We live near farmland and were told when we bought it that rats were in the area and to keep a good supply of rat wire to keep them out. There has never been any sign that there have been rats in our house but we know others have had problems.

On to the weirdness.

My neighbour and I were on decent terms until he decided not to be and called the council on us for having a compost bin, the water company for something that was found to be his fault (they ruined my 40th birthday by constantly calling round) and he tried to call the police because I laughed at another neighbour calling him a ‘bellend’. He threw a fit when we decided we would no longer communicate with him unless absolutely necessary.

So he started claiming to anyone who would listen that I trap and breed rats in my greenhouse. He loudly told an exterminator he’d called after seeing one whole rat in my garden this and I was amused and appalled. I found out when having a casual chat with another neighbour at the bus stop that he’s been making these claims for over a year and then heard it again from the man himself telling someone else. Not once has he mentioned it to us, and he will use any excuse to try to get us to talk to him.

The exterminator was adamant that if I was breeding and keeping rats in a 3x2 metre greenhouse then the smell and the noise would be unbearable but the neighbour is undeterred from his delusion. His partner has been in my greenhouse when I showed her my tomato plants and asked if she wanted the excess crop, so she has been trying to tell him that he’s delusional too.

We’ve installed cameras in case he tries to take matters into his own hands to ‘prove’ I am the ‘Rat Queen’ and have been loudly talking about how ridiculous this situation is in his earshot. We know he has issues and has fixated on me as a malign force (another reason for the cameras). We are compiling a spreadsheet of his odd and harassing behaviour over the years. I know I’m not breeding rats and do not fear anything he tries to do but wanted to tell internet strangers to get it off my chest and in the hope that someone will find it amusing. :)

**Relevant Comments**

**Commenter 1:** I hope you have a stout fence or wall around your property to deter him and act as a definitive boundary so that if he does trespass it's obvious.

> **OOP:** It’s his fence and we’re in the UK where trespass is usually considered a minor, civil matter. It’s also in the front garden so fences can’t be very high.

**Does OOP’s other neighbors believe him at all regarding the rats?**

> **OOP:** No-one believes him so he doubles down. We have each other’s numbers and compare notes.

**Does the neighbor’s partner believe him at all about anything going on at the greenhouse?**

> **OOP:** We like his partner - not wife despite their 20 odd year relationship. In happier times they ate very well from my garden and greenhouse - onions, peppers, chillies, cucumbers and tomatoes

**Commenter 2:** I'm sorry if you've gotten flak for this, but it's too funny! I'm petty, I'd take up to playing the flute around the yard.

> **OOP:** The man is a tit. I’m taking a slow, horticultural revenge by blocking his view of us with tall, spiky, highly scented plants and ensuring that if he wants to talk to us it’s entirely on camera. Given the proximity of other neighbours I can’t take loud revenge.

**Can OOP get in touch with services in their area regarding the neighbor and the possibility of him having mental health issues or dementia?**

> **OOP:** He’s under 50 and adult social care are powerless unless he’s arrested or self-surrenders. I’ve reported and it will lie on file if things escalate.

+

> Very difficult to get someone seen by mental health people in the UK if they don’t want to. He’d have to be arrested or considered a threat to himself and others for an assessment against his will. Delusions of rat breeding neighbours don’t meet the criteria if he’s only talking about it.

&nbsp;

[Update](https://www.reddit.com/r/neighborsfromhell/s/jcSGUNGwzy): **November 30, 2024 (five days later)**

Hi all,

thoroughly enjoyed the comments on my last post and thought I'd give you a quick update.

Just to remind everyone that I'm in the UK.

This morning I got a letter from the council's environmental health department to say that my garden was infested with rats and that I had to take immediate action. So I did.

I called the extermination company to ask for a statement that there are no rats in my garden or greenhouse. They are happy to oblige.

I spoke to all my nice neighbours and they are also happy to vouch that they have seen no evidence of an infestation and find the rat breeding story both bizarre and hilarious.

I wrote a very polite and detailed email to the named contact at the council to say (paraphrased of course) that this is the work of a colossal prick and I am considering suing him for malicious complaint, harassment and slander. Also, that I cannot take immediate action to remove an infestation I do not have and would like to know how they came to the conclusion that there is a problem if no-one from the council has been round to look.

We know the prick next door wants to annoy us into moving but sorry, we're going nowhere.

Edit: the extermination company have sent the statement. I called the council but the named contact is on annual leave until after the deadline I was given to contact them.

**Relevant Comments**

**Does OOP’s other neighbors have issues with him?**

> **OOP:** No-one wants to talk to him at all. He’s alienated every single neighbour and calls us a ‘malign force’ who are out to get him. This is his way of trying to find a bogeyman and prove that he’s an amazing man for drawing attention to unneighbourly behaviour. The council had to respond, though I have raised a concern with them that no-one actually came round to look. If he’d kept his delusions to himself we wouldn’t now be looking to sue him for harassment, as this is one of many times he’s called in other bodies for our perceived bad behaviour and each time he’s proven wrong.

**OOP responds on the neighbor’s strange behaviors** 

> **OOP:** Not a mental health professional but we suspect he is either bipolar or a narcissist or both. Leaning towards both. He’s in his 40s and is open about his recreational pill use in the past. We’re his obsession, as he thinks we head a ‘malign force’ that’s out to get him. But, yes, he is a wanker. His partner wouldn’t disagree and no-one thinks she’ll stick around once the youngest turns 18 in about a year.

+

> It’s his house. Until recently his partner and kids weren’t allowed to have a key or be in the house when he wasn’t there. I could write for days about his controlling behaviour.

**Has the neighbor done similar things to other people in the neighborhood?**

> **OOP:** He managed to get the other side to move so feels emboldened. They didn’t want to but have kids and dogs and were scared of what he might do to them. I hope the new owners will be able to stand against him.
> 
> We know he escalates and have been waiting for the next one. So far (rats aside) he has called the council on us for having a compost bin, trampled my tomatoes, tried to get myself and the moving neighbours arrested for him being called a bellend (neighbour said it and I laughed), sent the water company to ours for a problem he had with his taps, allowed workmen to use our property as an access point for his roofing work, refused to apologise when these workmen damaged our yard, blamed us for damp and woodworm in his cellar, played music at over 90 decibels, complained that we are causing various smells, accused us of smoking weed (he does, we don’t) and called round at all times for a ‘chat’. Cameras have stopped the chats as he fears any recording as it cuts off his gaslighting attempts. I have all this noted in a spreadsheet.
> 
> He is still desperate for us to pay him any attention, good or bad, and hates that his attempts to isolate us from other neighbours have failed. In fact, it’s made us closer.

&nbsp;

[Vexatious neighbour complaints and harassment (unddit)](https://undelete.pullpush.io/r/LegalAdviceUK/comments/1h6p8a7/vexatious_neighbour_complaints_and_harassment/): **December 4, 2024**

My neighbour makes repeated complaints to the council about us - the latest being about breeding rats when we have professional evidence that we don’t have a rat problem. I’ve been trying to ignore him but now he’s harassed the neighbours on his other side into selling up I need advice.

He will not leave us alone - he spreads rumours, visits at odd hours (cameras installed because of this), hovers in his doorway or watches from the windows if we go into the garden, complains of odd smells, accuses us of having drug problems, trespasses to ‘inspect’ our garden and interrogates our visitors. He’s also left gifts and yesterday was staring directly into our window.

We’re in England and have a spreadsheet of his behaviour of over 2 years.

**Relevant Comments**

**OOP should phone the police due to the possible harassing or stalking**

> **OOP** I’ve largely come to this conclusion but fear the counter-campaign and damage to his family. - who we really like. I’m 95% sure that once the council find in our favour that I’ll be taking action as I just want to be able to sit in my garden again without being watched or contacted.

**Commenter 1:** What were the gifts he left?

> **OOP:** Cuttings from his plants

&nbsp;

[Update #2](https://www.reddit.com/r/neighborsfromhell/comments/1h9n5mj/2nd_update_to_neighbour_thinks_i_breed_rats_in_my/): **December 8, 2024 (four days later)** 

Short update to say this may go quiet for a while as I have called the police and will be making a statement tomorrow. I wasn't sure that this route was appropriate but I've taken some legal advice and it has reassured me that I need to do this to protect myself and my peace. I also told this story in my local and they were supportively outraged and also advised that they would absolutely call the police if they were in my position.

I've spent quite some time researching UK laws on stalking and harassment, burdens of proof and the 'average person' argument. It basically says if an average person would be concerned by this person's behaviour towards them then it meets the criteria. Fascinating stuff.

I'm also now half and half about whether the letter from the council is legit as it is riddled with errors and inconsistencies with extremely vague detail for key points. The kind where the Microsoft grammar check would tell you off for using the passive voice :) I'll find out tomorrow, though if it is legit I'll have to stop myself from telling them it seems to have all the quality markers of a text from HMRC (that's the tax office for non-UK friends) telling you to pay thousands in unpaid tax in iTunes cards. If it isn't then I'm adding fraud for the purpose of causing distress to the list of complaints.

Wish me luck, guys. Might be a while, but I'll see you on the other side and maybe have that rat party. Please bring your rat costumes (extra long tails dress code) and a delicacy cheese from your country.

Edit: council letter was legit but the person who handled the case had been moved from another area and this was her first assignment. A long litany of failures but upshot is that I have been cleared and there is no case to answer. I mentioned that a two minute conversation with their guy would have avoided all this malarkey and apologies were made. That bit is done. Police matter is ongoing.

**Relevant Comments**

**Commenter 1:** If the letter is not legit you should also tell the council about it. I believe that this is a crime in the UK.

As for your Ratatouille crazy neighbour, good luck on that. I am bringing a whole tray of cheese from France at your party.

> **OOP:** It is a crime - and the council take a very dim view. Prosecution would be out of my hands for that one.

**Commenter 2:** If it was in your mail... they might be able to tack on, wire fraud, and messing with the post office, or if he placed it in your box himself, more issues, as (at least in the USA) placing anything, that doesn't have a stamp on it in a mailbox, is also a big issue

> **OOP:** We don’t generally have mailboxes as mail (or post as we call it) goes through the letterbox. Most post doesn’t have a stamp on as it’s local crap or part of Royal Mail sponsors’ junk mail that gets delivered whether you want it or not.

&nbsp;

[The lighter side of rats and cheese](https://www.reddit.com/r/Cheese/comments/1hb749b/the_lighter_side_of_rats_and_cheese/): **December 10, 2024 (two days later)**

Hi all,

You may know me as the one who was accused of breeding rats in the greenhouse by a rather odd neighbour. Suggestions were made for a rat party and I responded that it sounded great and that people should bring a speciality cheese from their home country. I’m from the UK where, many think our food is generally awful (it’s not btw), but our cheese is great. I thought it might be nice to share our love of cheese and accompanying things from areas around the world.

My favourites (UK only, though I love many other cheeses) - Lancashire, - Caerphilly, - Red Leicester, - White Stilton (try with rich fruitcake or a mince pie, you will not regret it), - black pepper cheddar.

Until I can update about the harassment case this may be my only outlet :)

&nbsp;

-------------------

#----NEW UPDATES----

**Editor’s note: OOP posted 2 new updates, with the latest one being over one month old, they were not posted here onto the sub**

[Rats and neighbour](https://www.reddit.com/r/neighborsfromhell/comments/1hiyq8p/rats_and_neighbour/): **December 20, 2024 (10 days from the prior update)**

Hi All,

A quick update but with a very low amount of rat-related activity.

The neighbour has had a camera installed above his front door. He is perfectly within his rights to do so. This has coincided with him not instantly appearing in the doorway whenever I am in the garden so it’s a given that his camera is recording my garden. I have added this to the police complaint as something to investigate, but was thrilled to know that two of my other neighbours have filed complaints to the council about it as it’s a wide angle one and could potentially be recording their kids and/or seeing through their windows. Once recording kids is involved the council have to act quickly.

We have blackout zones on our cameras and have shown these to our neighbours - except him, even though his garden is the biggest blackout zone. I’m sure he’ll plead that we’re watching him but, again, the evidence is on our side. We’re unsure if he wants to record to be just an interfering knob or if his delusions are so bad that he needs to prove somehow that the rat breeding really is happening. Anything he records is inadmissible if it’s of our property.

Couple of things from comments:

1) neighbour and his partner are not married. He refuses to marry her for many reasons that are not my story to tell but are part of his control at all costs agenda. She hates being referred to as girlfriend or wife so I will respect that.

2) the council is local government and not any kind of HOA. Most of the UK would consider an HOA as a massive overreach and invasive to the extreme. Being told to control infestations (even if you don’t have them) is fine compared to being told that your grass is 0.000067 inches too long or that your door is the wrong shade of woodland green. I know they’re not all awful but Reddit is the place for horror stories.

3) horticultural revenge is a glorified way of saying ‘I’m planting a hedge’. This hedge will be a glorious array of colours and scents designed to be highly attractive to insects and birds whilst also being tall and thorny. Fences can’t be very high but there is no legal limit to plant height and no right to light laws. He can only prune what grows over the fence.

&nbsp;

[Very small update to neighbour thinks I breed rats in the greenhouse](https://www.reddit.com/r/neighborsfromhell/comments/1j1w4ps/very_small_update_to_neighbour_thinks_i_breed/): **March 2, 2025 (2.5 months later)**

Hi All,

Some have asked for an update so here it is. Apologies that it won’t contain much as he’s gone pretty quiet.

Since the cameras were installed he has stopped popping round for a chat or loitering in places he can see us. He’s still annoying us by stomping around his house and the occasional short blast of crappy music but these are fewer and further apart. I know he overheard both conversations I had with the police and I think it’s unsettled him into not exactly being a great neighbour but not being as much of a creepy invasive bastard. His partner seems to be taking a role in managing him - other neighbours have also noticed that she’s around more and he isn’t trying to insert himself into their business as much. There were a few conversations we could hear through the walls (he’s very loud) that seem to confirm this.

The slow, horticultural revenge is going well. Spring is just around the corner and my plants are starting to show signs of life. I still feel the need to garden when he’s not around; unless I’m in the (still rat-free) greenhouse but it seems he now feels the same about me. He stopped trying to take photos of the greenhouse when he saw me watching him and I put a small sign up reminding him that taking pictures of private property under these circumstances is illegal. Any photo he took and tried to use against us would have this visible. I debated decorating it with a rat but decided against it. He’s not happy that the bird feeders are back but can’t do anything as they now have reinforced waste catchers and as his last complaint wasn’t upheld he is on thin ice about this with the powers that be. Someone else made a complaint about his camera but I don’t know if that came to anything as it’s still there. Whether it’s attached to anything is another matter as he’s generally inept with technology.

We’re planning a retractable awning for the front of the house (windows are full east so the living room gets really hot in summer) and once that’s installed and the plants are grown and in bloom it will cut off any view of us. I checked fence planning laws and it seems nearly everyone on our street is breaking them but we need to be squeaky clean or it’ll be another council letter.

Maybe by summer he’ll be back to his old ways but he seems a little chastened. You never know - maybe he’s read my posts, recognised himself and realised that not only is he a colossal prick, but that I can prove it and will. The police case is ongoing but as he’s backed off it will just chug along in the background unless he crosses the line again.

**Relevant Comments**

**Commenter 1:** What a strange tale. Do you think he has some mental health issues? Perhaps dementia or some sort of nervous break? It seems suspect that he went from being friendly to full blown douche. Eh, hopefully for your sake, he stays quiet.

> **OOP:** He changed as soon as we said no to him. He escalated, lost and keeps doubling down and losing again and again. We know he did a lot of pills in the past and even his Dad thinks he’s weird - he’s a douche to his Dad too.

**Commenter 2:** How old is the guy? I was reading this thinking he was elderly and perhaps senile but you mentioning his father makes it seem like he might be younger.

What exactly did you say no to? I didn't catch that in your posts.

> **OOP:** We didn’t move the compost bin the second he asked us to. Annoyingly, we had consulted him about the initial position but he suddenly took issue after about 18 months.

**Commenter 3:** If you’re holding your breath waiting for any modicum of self-awareness on his part, then I’m afraid you’re in for an untimely end. I do love the idea of horticultural revenge though. Hopefully there’ll be many small furry critters and birds in your garden this year to keep him busy monitoring.

> **OOP:** I’m not really; just hopeful that his very sensible partner is reigning in the worst of his behaviour. The horticultural revenge has been added to today with the addition of fast-growing, highly-scented flowering annuals that I know grow well in my garden and reach dizzying heights and displays.

**Commenter 4:** The sign that would show up in photos was a very hood idea!

I'm interested in this catchment for your bird feeders! My mom lives near a creek and the rats are such a problem she can't have bird feeders anymore, even though she had so many mourning dives they cleaned any seeds that fell.

Look into a product called Gila heat control film. It's not shiny/reflective or anything weird looking from either side of the window. You apply with glass cleaner on a clean window. We've put it up in several room in our house that get direct sun and it has made the feeling in the room like 5-10 degrees cooler. We have a retractable awning over a sliding glass door in the one room with a high ceiling and no option for a ceiling fan but we only have to open it about 3.5 ft so we still feel like we get nice light in the room, but the smaller rooms and even the top of a window box that was feeling like a parabolic mirror standing in a certain spot in the kutchen.

If you have double paned windows you do need to install it on the exterior to not interfere with the windows function, and it lasts about 3 years there for us before it's less clear.

Enjoy your gardening this year!

> **OOP:** I got my seed catchers online and they’re under specialist feeders that block large birds so spillage is minimal anyway - it just gives him less ammunition if I actively block feeding the big birds that can empty a feeder in seconds.
> 
> We have the heat control film but our old windows don’t allow for great adhesion. Plus we have a legitimate reason to further physically block his view from multiple angles if we go for the awning and it will makes a nice outdoor seating area.
> 
> I’ve had a lovely day gardening today. Started lots of tall fast-growing annual plants to weave amongst the shrubs and bushes and I hope the birds, bees and butterflies appreciate the poppies, nasturtiums, honeysuckle and sweet peas.

&nbsp;

**DO NOT COMMENT IN LINKED POSTS OR MESSAGE OOPs – BoRU Rule #7**

**THIS IS A REPOST SUB - I AM NOT OOP**",BestofRedditorUpdates
2022-12-20 04:35:23,"Replacing red meat with chickpeas & lentils good for the wallet, climate, and health. It saves the health system thousands of dollars per person, and cut diet-related greenhouse gas emissions by as much as 35%.",,science
2024-11-21 12:33:28,My floral greenhouse using some 1.6 furniture,,StardewValley
2023-08-13 11:59:21,Should I knock down my 1940s greenhouse?,,GardeningUK
2025-03-18 20:51:42,Just bought a house with a greenhouse - what’s this thing for?,Just bought a home with a large greenhouse. This is inside. It’s irrigated… Can anyone identify what it’s for? ,Greenhouses
2022-09-13 00:56:46,Checking on the greenhouse,,Unexpected
2023-08-15 23:46:36,A simple explanation of the greenhouse effect and how it changes our climate with Carl Sagan,,Damnthatsinteresting
2022-09-28 20:13:02,"Methane leaking from the damaged Nord Stream pipelines is likely to be the biggest burst of the potent greenhouse gas on record, by far.",,worldnews
2025-04-03 00:18:39,This restaurant inside a greenhouse has a unique way of serving strawberries.,,interestingasfuck
2025-03-26 22:14:56,I just bought this house and the previous owners had a greenhouse. They left some plants for me,Not sure what these plants in the back are but I’m gonna do my best to take care of them! ,plants
2024-03-30 11:44:42,Real Madrid have successfully installed the 360 degree big screen spanning around the Santiago Bernabeu and runs its first tests while the stadium roof is retracted as well as the football pitch in the underground greenhouse.,,soccer
2022-01-14 05:40:03,"If Americans swapped one serving of beef per day for chicken, their diets’ greenhouse gas emissions would fall by average of 48% and water-use impact by 30%. Also, replacing a serving of shrimp with cod reduced greenhouse emissions by 34%; replacing dairy milk with soymilk resulted in 8% reduction.",,science
2021-09-07 10:22:00,"20 meat and dairy firms emit more greenhouse gas than Germany, Britain or France",,worldnews
2025-04-08 13:53:53,Someone stole my greenhouse 😢,"Came to the allotment today to find my greenhouse gone! Someone took the time moving all my seedlings out, putting them on the floor, and just taking it! I’m honestly quite upset, I only bought it for a couple of quid from a charity shop, but to think that people can just steal stuff without any worries for other people is just sad 😢😢",Allotment
2024-09-25 21:01:41,Greenhouse Bar on a Tomato Farm - Iceland,,CozyPlaces
2023-02-08 12:44:20,Cosy 57FPS in the greenhouse at Hogwarts with a OC Strix 4080 and 9 7950x. (settings are on ultra),,pcmasterrace
2025-03-24 11:30:41,Canadian Greenhouse sector is at risk,"Most people don't realize that we have a huge greenhouse sector here in Canada (considered second in the world next to the Netherlands), that produces a vast amount of tomatoes, cucumbers, and peppers for the Canadian and US markets. Like services all of Canada and still exports +80% of their produce to the US kinda large. Crops have to be planted months in advance and produce only has like a 10 day shelf life at best so exporting anywhere other than the US isn't really feasible.

So if people are looking for more ways to support Canadian farmers a great way would be buying more tomatoes, cucumbers, and peppers. Common greenhouse brands are Naturefresh, Mucci, Sunset, and Windset (all these brands are based out of Canada but do have operations in Mexico, so if you see product of Mexico that's still supporting Canadian brands). But most of the fresh tomatoes, cucumbers, and peppers are coming from greenhouses (just google the brand name). 


https://www.ctvnews.ca/business/article/us-tariffs-pose-major-risk-for-canadas-export-dependent-greenhouse-sector/",BuyCanadian
2024-12-19 05:01:35,Neighbour thinks I breed rats in my greenhouse,"**I am NOT OOP, OOP is** u/Euphoric_Grab_9861

**Originally posted to r/neighborsfromhell**

**Neighbour thinks I breed rats in my greenhouse**

**Thanks to u/soayherder & u/Direct-Caterpillar77 for suggesting this BoRU**

**Trigger Warnings:** >!harassment, slander, controlling behavior!<

--------------------------------

[Original Post](https://www.reddit.com/r/neighborsfromhell/s/ZvIswSzsp1): **November 25, 2024**

I’ve lived in the house I own with my husband for 12 years. It’s a terrace built in the 1860s with lots of things like coal shutes and cellars that undercut other people’s properties. We live near farmland and were told when we bought it that rats were in the area and to keep a good supply of rat wire to keep them out. There has never been any sign that there have been rats in our house but we know others have had problems.

On to the weirdness.

My neighbour and I were on decent terms until he decided not to be and called the council on us for having a compost bin, the water company for something that was found to be his fault (they ruined my 40th birthday by constantly calling round) and he tried to call the police because I laughed at another neighbour calling him a ‘bellend’. He threw a fit when we decided we would no longer communicate with him unless absolutely necessary.

So he started claiming to anyone who would listen that I trap and breed rats in my greenhouse. He loudly told an exterminator he’d called after seeing one whole rat in my garden this and I was amused and appalled. I found out when having a casual chat with another neighbour at the bus stop that he’s been making these claims for over a year and then heard it again from the man himself telling someone else. Not once has he mentioned it to us, and he will use any excuse to try to get us to talk to him.

The exterminator was adamant that if I was breeding and keeping rats in a 3x2 metre greenhouse then the smell and the noise would be unbearable but the neighbour is undeterred from his delusion. His partner has been in my greenhouse when I showed her my tomato plants and asked if she wanted the excess crop, so she has been trying to tell him that he’s delusional too.

We’ve installed cameras in case he tries to take matters into his own hands to ‘prove’ I am the ‘Rat Queen’ and have been loudly talking about how ridiculous this situation is in his earshot. We know he has issues and has fixated on me as a malign force (another reason for the cameras). We are compiling a spreadsheet of his odd and harassing behaviour over the years. I know I’m not breeding rats and do not fear anything he tries to do but wanted to tell internet strangers to get it off my chest and in the hope that someone will find it amusing. :)

**Relevant Comments**

**Commenter 1:** I hope you have a stout fence or wall around your property to deter him and act as a definitive boundary so that if he does trespass it's obvious.

> **OOP:** It’s his fence and we’re in the UK where trespass is usually considered a minor, civil matter. It’s also in the front garden so fences can’t be very high.

**Does OOP’s other neighbors believe him at all regarding the rats?**

> **OOP:** No-one believes him so he doubles down. We have each other’s numbers and compare notes.

**Does the neighbor’s partner believe him at all about anything going on at the greenhouse?**

> **OOP:** We like his partner - not wife despite their 20 odd year relationship. In happier times they ate very well from my garden and greenhouse - onions, peppers, chillies, cucumbers and tomatoes

**Commenter 2;** I'm sorry if you've gotten flak for this, but it's too funny! I'm petty, I'd take up to playing the flute around the yard.

> **OOP:** The man is a tit. I’m taking a slow, horticultural revenge by blocking his view of us with tall, spiky, highly scented plants and ensuring that if he wants to talk to us it’s entirely on camera. Given the proximity of other neighbours I can’t take loud revenge.

**Can OOP get in touch with services in their area regarding the neighbor and the possibility of him having mental health issues or dementia?**

> **OOP:** He’s under 50 and adult social care are powerless unless he’s arrested or self-surrenders. I’ve reported and it will lie on file if things escalate.

+

> Very difficult to get someone seen by mental health people in the UK if they don’t want to. He’d have to be arrested or considered a threat to himself and others for an assessment against his will. Delusions of rat breeding neighbours don’t meet the criteria if he’s only talking about it.

&nbsp;

[Update](https://www.reddit.com/r/neighborsfromhell/s/jcSGUNGwzy): **November 30, 2024 (five days later)**

Hi all,

thoroughly enjoyed the comments on my last post and thought I'd give you a quick update.

Just to remind everyone that I'm in the UK.

This morning I got a letter from the council's environmental health department to say that my garden was infested with rats and that I had to take immediate action. So I did.

I called the extermination company to ask for a statement that there are no rats in my garden or greenhouse. They are happy to oblige.

I spoke to all my nice neighbours and they are also happy to vouch that they have seen no evidence of an infestation and find the rat breeding story both bizarre and hilarious.

I wrote a very polite and detailed email to the named contact at the council to say (paraphrased of course) that this is the work of a colossal prick and I am considering suing him for malicious complaint, harassment and slander. Also, that I cannot take immediate action to remove an infestation I do not have and would like to know how they came to the conclusion that there is a problem if no-one from the council has been round to look.

We know the prick next door wants to annoy us into moving but sorry, we're going nowhere.

Edit: the extermination company have sent the statement. I called the council but the named contact is on annual leave until after the deadline I was given to contact them.

**Relevant Comments**

**Does OOP’s other neighbors have issues with him?**

> **OOP:** No-one wants to talk to him at all. He’s alienated every single neighbour and calls us a ‘malign force’ who are out to get him. This is his way of trying to find a bogeyman and prove that he’s an amazing man for drawing attention to unneighbourly behaviour. The council had to respond, though I have raised a concern with them that no-one actually came round to look. If he’d kept his delusions to himself we wouldn’t now be looking to sue him for harassment, as this is one of many times he’s called in other bodies for our perceived bad behaviour and each time he’s proven wrong.

**OOP responds on the neighbor’s strange behaviors** 

> **OOP:** Not a mental health professional but we suspect he is either bipolar or a narcissist or both. Leaning towards both. He’s in his 40s and is open about his recreational pill use in the past. We’re his obsession, as he thinks we head a ‘malign force’ that’s out to get him. But, yes, he is a wanker. His partner wouldn’t disagree and no-one thinks she’ll stick around once the youngest turns 18 in about a year.

+

> It’s his house. Until recently his partner and kids weren’t allowed to have a key or be in the house when he wasn’t there. I could write for days about his controlling behaviour.

**Has the neighbor done similar things to other people in the neighborhood?**

> **OOP:** He managed to get the other side to move so feels emboldened. They didn’t want to but have kids and dogs and were scared of what he might do to them. I hope the new owners will be able to stand against him.
> 
> We know he escalates and have been waiting for the next one. So far (rats aside) he has called the council on us for having a compost bin, trampled my tomatoes, tried to get myself and the moving neighbours arrested for him being called a bellend (neighbour said it and I laughed), sent the water company to ours for a problem he had with his taps, allowed workmen to use our property as an access point for his roofing work, refused to apologise when these workmen damaged our yard, blamed us for damp and woodworm in his cellar, played music at over 90 decibels, complained that we are causing various smells, accused us of smoking weed (he does, we don’t) and called round at all times for a ‘chat’. Cameras have stopped the chats as he fears any recording as it cuts off his gaslighting attempts. I have all this noted in a spreadsheet.
> 
> He is still desperate for us to pay him any attention, good or bad, and hates that his attempts to isolate us from other neighbours have failed. In fact, it’s made us closer.

&nbsp;

[Vexatious neighbour complaints and harassment (unddit)](https://undelete.pullpush.io/r/LegalAdviceUK/comments/1h6p8a7/vexatious_neighbour_complaints_and_harassment/): **December 4, 2024**

My neighbour makes repeated complaints to the council about us - the latest being about breeding rats when we have professional evidence that we don’t have a rat problem. I’ve been trying to ignore him but now he’s harassed the neighbours on his other side into selling up I need advice.

He will not leave us alone - he spreads rumours, visits at odd hours (cameras installed because of this), hovers in his doorway or watches from the windows if we go into the garden, complains of odd smells, accuses us of having drug problems, trespasses to ‘inspect’ our garden and interrogates our visitors. He’s also left gifts and yesterday was staring directly into our window.

We’re in England and have a spreadsheet of his behaviour of over 2 years.

**Relevant Comments**

**OOP should phone the police due to the possible harassing or stalking**

> **OOP** I’ve largely come to this conclusion but fear the counter-campaign and damage to his family. - who we really like. I’m 95% sure that once the council find in our favour that I’ll be taking action as I just want to be able to sit in my garden again without being watched or contacted.

**Commenter 1:** What were the gifts he left?

> **OOP:** Cuttings from his plants

&nbsp;

[Update #2](https://www.reddit.com/r/neighborsfromhell/comments/1h9n5mj/2nd_update_to_neighbour_thinks_i_breed_rats_in_my/): **December 8, 2024 (four days later)** 

Short update to say this may go quiet for a while as I have called the police and will be making a statement tomorrow. I wasn't sure that this route was appropriate but I've taken some legal advice and it has reassured me that I need to do this to protect myself and my peace. I also told this story in my local and they were supportively outraged and also advised that they would absolutely call the police if they were in my position.

I've spent quite some time researching UK laws on stalking and harassment, burdens of proof and the 'average person' argument. It basically says if an average person would be concerned by this person's behaviour towards them then it meets the criteria. Fascinating stuff.

I'm also now half and half about whether the letter from the council is legit as it is riddled with errors and inconsistencies with extremely vague detail for key points. The kind where the Microsoft grammar check would tell you off for using the passive voice :) I'll find out tomorrow, though if it is legit I'll have to stop myself from telling them it seems to have all the quality markers of a text from HMRC (that's the tax office for non-UK friends) telling you to pay thousands in unpaid tax in iTunes cards. If it isn't then I'm adding fraud for the purpose of causing distress to the list of complaints.

Wish me luck, guys. Might be a while, but I'll see you on the other side and maybe have that rat party. Please bring your rat costumes (extra long tails dress code) and a delicacy cheese from your country.

Edit: council letter was legit but the person who handled the case had been moved from another area and this was her first assignment. A long litany of failures but upshot is that I have been cleared and there is no case to answer. I mentioned that a two minute conversation with their guy would have avoided all this malarkey and apologies were made. That bit is done. Police matter is ongoing.

**Relevant Comments**

**Commenter 1:** If the letter is not legit you should also tell the council about it. I believe that this is a crime in the UK.

As for your Ratatouille crazy neighbour, good luck on that. I am bringing a whole tray of cheese from France at your party.

> **OOP:** It is a crime - and the council take a very dim view. Prosecution would be out of my hands for that one.

**Commenter 2:** If it was in your mail... they might be able to tack on, wire fraud, and messing with the post office, or if he placed it in your box himself, more issues, as (at least in the USA) placing anything, that doesn't have a stamp on it in a mailbox, is also a big issue

> **OOP:** We don’t generally have mailboxes as mail (or post as we call it) goes through the letterbox. Most post doesn’t have a stamp on as it’s local crap or part of Royal Mail sponsors’ junk mail that gets delivered whether you want it or not.

&nbsp;

[The lighter side of rats and cheese](https://www.reddit.com/r/Cheese/comments/1hb749b/the_lighter_side_of_rats_and_cheese/): **December 10, 2024 (two days later)**

Hi all,

You may know me as the one who was accused of breeding rats in the greenhouse by a rather odd neighbour. Suggestions were made for a rat party and I responded that it sounded great and that people should bring a speciality cheese from their home country. I’m from the UK where, many think our food is generally awful (it’s not btw), but our cheese is great. I thought it might be nice to share our love of cheese and accompanying things from areas around the world.

My favourites (UK only, though I love many other cheeses) - Lancashire, - Caerphilly, - Red Leicester, - White Stilton (try with rich fruitcake or a mince pie, you will not regret it), - black pepper cheddar.

Until I can update about the harassment case this may be my only outlet :)

&nbsp;

Latest Update here: [BoRU #2](https://www.reddit.com/r/BestofRedditorUpdates/comments/1jv9iw2/new_updates_neighbour_thinks_i_breed_rats_in_my/?)

&nbsp;

**DO NOT COMMENT IN LINKED POSTS OR MESSAGE OOPs – BoRU Rule #7**

**THIS IS A REPOST SUB - I AM NOT OOP**",BestofRedditorUpdates
2024-12-08 23:09:45,This is our greenhouse. But this is not my cat. ,,notmycat
2021-06-25 12:21:38,"'Worst is yet to come': Disastrous future ahead for millions worldwide due to climate change, UN report warns | ""Climate change will fundamentally reshape life on Earth in the coming decades, even if humans can tame planet-warming greenhouse gas emissions""",,worldnews
2021-08-09 00:13:41,"Permafrost Thaw in Siberia Creates a Ticking ‘Methane Bomb’ of Greenhouse Gases, Scientists Warn",,science
2024-11-12 16:56:30,"18 bedrooms, 14 bathrooms, guard house, indoor pool, and greenhouse.  Talk amongst yourselves.",https://www.zillow.com/homedetails/45-Oak-Bend-Rd-West-Orange-Twp.-NJ-07052/240053044_zpid/?utm_campaign=iosappmessage&utm_medium=referral&utm_source=txtshare,zillowgonewild
2022-05-20 22:17:01,"Between 2003 and 2018, the diet-related greenhouse gas emissions of US citizens has fallen 35% as Americans have shifted away from beef and other animal-based foods.",,science
2021-04-01 09:15:52,The Amazon Rainforest Now Emits More Greenhouse Gases Than It Absorbs. Climate change and deforestation have transformed the ecosystem into a net source of planet-warming gases instead of a carbon sink,,worldnews
2021-03-10 11:00:45,Cannabis production is generating large amounts of gases that heat up Earth’s physical climate. Moving weed production from indoor facilities to greenhouses and the great outdoors would help to shrink the carbon footprint of the nation’s legal cannabis industry.,,science
2024-11-10 19:05:17,"Climate-controlled farms such as these grow crops around the clock and in every kind of weather. Each acre in the greenhouse yields as much produce as 10 outdoor acres, uses 95% less of water than traditional agriculture, and cuts the need for chemicals by 97 percent.",,interestingasfuck
2021-01-03 05:54:10,Organic meats found to have approximately the same greenhouse impact as regular meats,,worldnews
2021-07-29 13:52:15,About 74 million lives could be saved this century if humans cut greenhouse gas emissions to zero by 2050,,science
2021-04-04 20:32:17,"Climate-controlled farms such as these grow crops around the clock and in every kind of weather. Each acre in the greenhouse yields as much produce as 10 outdoor acres, uses 95% less of water than traditional agriculture, and cuts the need for chemicals by 97 percent.",,interestingasfuck
2021-06-09 17:22:37,Today was catnip trimming day at the greenhouse. It’s Harry’s favorite day.,,aww
2022-12-29 01:39:49,"Carl Sagan testifies to Congress on climate change, comparing the greenhouse effect on Earth to that of Venus, Mars, Jupiter, and Saturn's Titan [1985]",,space
2025-03-13 03:56:46,"A huge greenhouse on the wasted space of a Walmart roof - great northern idea, by Canadian company Lufa Farms! in Montreal",,Damnthatsinteresting
2023-11-06 16:03:01,Pink lights in the sky from cannabis greenhouses,,pics
2023-07-26 12:24:37,ELI5 why can’t we just remove greenhouse gasses from the atmosphere,What are the technological impediments to sucking greenhouse gasses from the atmosphere and displacing them elsewhere? Jettisoning them into space for example?,explainlikeimfive
2023-11-20 14:37:36,"Richest 1% account for more carbon emissions than poorest 66%, report says | Greenhouse gas emissions",,news
2021-02-16 10:49:14,Scientists have found that permafrost buried beneath the Arctic Ocean holds 60 billion tons of methane and 560 billion tons of organic carbon — making it a major source of greenhouse gases not currently included in climate projections that could have a significant impact on climate change,,science
2021-05-03 10:54:58,"Greenhouse gases are slowly shrinking the middle atmosphere - Rising concentrations of carbon dioxide and other greenhouse gases are cooling and shrinking the stratosphere and mesosphere, a phenomenon observed for the first time in a new analysis of satellite data.",,science
2020-03-07 22:40:07,"Coronavirus outbreak causes decline in China greenhouse gas emissions. Experts say greenhouse gas emissions in China, the world’s largest current contributor to climate change, are down 25 per cent",,worldnews
2019-06-06 12:51:11,"'Single Most Important Stat on the Planet': Alarm as Atmospheric CO2 Soars to 'Legit Scary' Record High: ""We should no longer measure our wealth and success in the graph that shows economic growth, but in the curve that shows the emissions of greenhouse gases.""",,worldnews
2021-05-06 14:24:26,"China’s greenhouse gas emissions exceed those of U.S. and developed countries combined, report says",,worldnews
2022-09-21 01:46:42,"Study: Plant-based Diets Have Potential to Reduce Diet-Related Land Use by 76%, Greenhouse Gas Emissions by 49%",,science
2022-08-23 21:27:18,"Democrats Designed the Climate Law to Be a Game Changer. Here’s How. In a first, the measure legally defines greenhouse gases as pollution. ...explicitly gives the EPA the authority to regulate greenhouse gases. “A total end run” around the Supreme Court decision limiting the EPA.",,energy
2025-03-18 23:57:29,Just set up an Ikea display greenhouse and I'm in love,,houseplants
2020-11-17 08:56:55,"Climate scientists say net zero by 2050 is too late: their predictions about the rate of the global temperature increase have been too conservative, and stronger and more decisive action is needed to reduce dangerous greenhouse gas emissions.",,worldnews
2021-02-01 22:03:34,"TIL that Iceland has largest banana plantation in Europe. They use geothermal energy to heat greenhouses, allowing for the production of tropical fruits like banananas.",,todayilearned
2022-08-22 21:58:29,Nearly all marine species face extinction if greenhouse emissions don’t drop,,science
2023-04-28 14:41:11,Some people asked for some more greenhouse shots so here you go!,,gardening
2020-01-22 09:31:57,"Africa’s richest man, Aliko Dangote, commissions a greenhouse nursery in Nigeria to supply farmers with the best quality tomato seedlings, making Nigeria self-sufficient in tomato production",,worldnews
2024-12-14 15:58:44,Built a Greenhouse on a Deck Over my Creek: A Summer-Long DIY Adventure,,DIY
2019-09-14 13:16:54,How the U.S. Military Churns Out More Greenhouse Gas Emissions Than Entire Countries - The Pentagon is the world’s biggest consumer of fossil fuels—and agent of climate change.,,Futurology
2024-08-18 21:52:29,"Greenhouse gas emissions associated with global food supply chains could fall by 17% if people change their food choices towards more plant-based diets, reports a study. ",,science
2023-07-06 20:10:58,"TIL of the Middlemist Red Camilla, the rarest flower on earth. Only two known specimens exist: a garden in New Zealand and a greenhouse in the UK.",,todayilearned
2020-01-27 13:49:07,"The world’s most profitable hedge fund is now a climate radical. With $30 billion in assets, its money manager pushes portfolio companies to dramatically reduce greenhouse gas emissions and disclose their carbon footprint. If they don’t, he says he’ll oust their boards or dump their shares.",,Futurology
2020-09-27 13:38:45,"California's Bay Area may require telecommuting, even after the pandemic wanes. A proposal would have employees at large companies working remotely three days a week, even after the pandemic, to reduce greenhouse gas emissions.",,Futurology
2024-02-27 14:29:24,new baby rabbit born in my greenhouse class :-) currently unnamed,,Eyebleach
2018-10-12 10:20:57,"The world’s five largest meat and dairy companies combined, including Tyson, Cargill and Dairy Farmers of America, are responsible for more greenhouse gas emissions every year than any of the world’s biggest oil and gas companies.",,Futurology
2019-04-18 11:03:21,"A wave of satellites set to orbit the Earth will be able to pinpoint producers of greenhouse gases, right down to an individual leak at an oil rig. They are looking to track nations, industries, companies and even individual facilities",,Futurology
2021-09-24 17:04:38,Finishing my recycled jar greenhouse! :) Just plugging in the gaps with repurposed nail polish bottles and moss.,,gardening
2018-07-12 18:29:32,California has hit its 2020 greenhouse gas emissions goal years ahead of schedule,,news
2017-05-24 10:24:27,"If Americans would eat beans instead of beef, the US would immediately realize approximately 50 to 75% of its greenhouse gas reduction targets for the year 2020, according to researchers from four American universities in a new paper.",,Futurology
2023-04-28 18:30:36,My Harley Botanic Greenhouse (36.5’x13.5’),,gardening
2024-12-27 01:09:48,What do you guys think about my greenhouse layout.,,StardewValley
2024-10-29 18:54:51,'First tree on Mars:' Scientists measure greenhouse effect needed to terraform Red Planet,,Futurology
2024-12-24 05:49:26,I use hundreds of cheap neodymium magnets to hang the bubble wrap in my cattle panel greenhouse.,,Greenhouses
2021-08-04 20:51:31,Senate Democrats to introduce legislation that would tax energy companies responsible for major greenhouse gas emissions,,technology
2021-03-13 15:33:43,"First study of all Amazon greenhouse gases suggests the damaged forest is now worsening climate change: Thanks to human disturbance, the Amazon rainforest appears now to be releasing more climate-warming gases than it stores.",,worldnews
2018-08-15 15:01:41,U.S. $23 trillion will be lost if temperatures rise four degrees by 2100. Economic modelling suggests this is the reality facing us if we continue emitting greenhouse gases and allowing temperatures to rise unabated.,,Futurology
2021-03-28 14:01:35,This mini greenhouse from the turtle shell lid to my son's sandbox,,mildlyinteresting
2020-11-24 19:24:11,"Ivanka Trump called out for boasting about drop in greenhouse emissions: ""This is largely because of the pandemic""",,politics
2018-03-07 08:15:59,"China’s increasing demand for milk will have far-reaching consequences for the world - ""Even if the efficiency of the dairy industry in China is drastically increased, global emissions of greenhouse gases and nitrogen produced by this sector will still rise by 20 to 25%.""",,science
2021-03-22 20:16:51,"Greenhouses fitted with semi-transparent solar cells can generate electricity without affecting the growth and health of the plants inside, according to a new study, suggesting we could build energy-neutral greenhouses without harming crops.",,science
2024-08-14 16:34:50,"Don't get high AF and try and incase a floating island in a greenhouse. It will take forever and not even look that good. Or do, I'm not your ma.",,NoMansSkyTheGame
2021-04-20 19:51:48,I drew a Pokemon filled greenhouse!,,pokemon
2024-07-07 02:31:08,Does Ancient Fruit make the best use of the greenhouse?,"I usually throw these in casks right away to produce wine, then age it in my cellar",StardewValley
2022-09-10 19:59:39,Which flooring looks better next to my greenhouse?,,StardewValley
2020-04-28 19:24:11,"Governments should not use taxpayer cash to rescue fossil fuel companies and carbon-intensive industries, but should devote economic rescue packages for the coronavirus crisis to businesses that cut greenhouse gas emissions and create green jobs, the UN secretary general has urged.",,Futurology
2019-08-24 16:20:46,Where Do Greenhouse Gas Emissions Come From? [OC],,dataisbeautiful
2023-04-10 01:31:20,Husband bought 32 old windows and is using them to build us a greenhouse. Still needs a roof but looks so cool,Unfinished greenhouse,woodworking
2019-05-19 19:56:32,"A new study has found that permanently frozen ground called permafrost is melting much more quickly than previously thought and could release up to 50 per cent more carbon, a greenhouse gas",,science
2025-01-27 23:50:04,I made a mushroom themed greenhouse!,"It's not functional at all, but who cares... I could sit here all day :3
",StardewValley
2023-10-14 12:43:49,Our DIY Zome Greenhouse,,pics
2024-09-12 13:31:03,My Rubber tree I planted in greenhouse 3yrs ago.,,houseplants
2021-04-15 12:25:45,California enlists surveillance satellites to sniff out greenhouse gas 'super-emitters',,space
2024-11-29 23:16:06,Converted an old shed into this greenhouse. Couldn’t be happier with the result. ,3rd winter and plants are doing great! ,houseplants
2019-05-11 11:37:30,"Methane-consuming bacteria could be the future of fuel, with new discovery in journal Science illuminating how they turn methane gas into liquid methanol, removing a harmful greenhouse gas while also generating a sustainable fuel at room temperature, compared to current processes at 1,300 Celsius.",,science
2025-04-09 12:27:48,And now a message from the Department of Greenhouse Gasses.,,FacebookScience
2022-04-29 14:24:57,Finally cleared enough ivy to get into one of the old overgrown greenhouses on my land. JACKPOT!,,gardening
2016-12-13 15:10:32,"An aerosol to cool the Earth. Harvard researchers have identified an aerosol that in theory could be injected into the stratosphere to cool the planet from greenhouse gases, while also repairing ozone damage.",,Futurology
2024-07-15 21:41:41,China’s emissions of two potent greenhouse gases rise 78% in decade,,worldnews
2024-08-31 01:33:04,Fun use of the greenhouse,"I love how colorful this is! Late game, used all my seasonal seeds for fun. ",StardewValley
2025-04-08 04:22:03,My new greenhouse,I’m in love!!!,gardening
2020-04-04 20:33:50,This old window panel has acted as a greenhouse for the grass to revive a lot faster,,mildlyinteresting
2025-01-13 15:41:19,Pak preparing rank turners for WI tests by covering the pitch with greenhouse & deploying heaters inside it. ,Source: @ahsannagi on Twitter(X). ,Cricket
2025-03-17 15:34:51,"Trump repeals America’s first-ever tax on greenhouse gases before it goes into effect
The methane fee would have had the same impact as taking 8 million gas-powered cars off the road.",,climatechange
2022-03-29 17:52:21,People over 60 are greenhouse gas emission 'bad guys',,Futurology
2023-01-03 21:19:15,I love spending time in my Cozy Greenhouse,,CozyPlaces
2025-03-17 12:46:18,Found a lezard in my greenhouse cleaning my weed plants,I saved him a week ago from a cat and now he is doing his best to thanks me ,reptiles
2022-07-20 02:19:09,We may be looking at the wrong climate change data… and it might be worse than we thought - Living in a time of polar ice caps means the “greenhouse” model may be underestimating of climate change.,,science
2020-01-20 11:00:53,All new homes in Wales will only be heated and powered by clean energy under new Welsh Government plans. Housing accounts for 9% of all greenhouse gas emissions in Wales.,,Futurology
2024-10-22 11:58:15,An Abandoned Greenhouse ,,AbandonedPorn
2017-11-04 09:45:05,"China is expected to overfulfill its goals of cutting greenhouse gas emissions by 2020, which will lay a foundation for achieving its 2030 goals",,Futurology
2022-10-03 14:44:08,Went off the line with my Greenhouse,,StardewValley
2021-09-08 06:40:10,"20 meat and dairy firms emit more greenhouse gas than Germany, Britain or France",,Futurology
2022-06-23 12:20:18,For my birthday (today!) my husband secretly erected a greenhouse for me! Tell me what I should I put in it!,,gardening
2025-02-23 17:35:01,greenhouse update for everyone who was interested!,"

i posted my greenhouse here a while back and a lot of people were asking about how it preformed, but it was brand new so i couldn’t really say. 

happy to report that it has not dropped below freezing in there all winter and plants are even blooming as you can see by my bright pink bougainvillea. 🩷

i used one oil heater and no additional insulation. it has dropped as low as 11° and snowed which is unusual for where i am in NC. GH has maintained a minimum of 20° above the outdoor temps, at night. during the day it gets 30-40 ° warmer. ",houseplants
2023-04-15 04:22:54,The world is set to pass a major clean energy milestone in 2023 as greenhouse gas emissions from the power sector are expected to fall for the first time.,,Futurology
2021-05-04 22:51:44,"Efficient manufacturing could slash cement-based greenhouse gas emissions - Brazil's cement industry can halve its CO2 emissions in next 30 years while saving $700 million, according to new analysis. The production of cement is one of the largest sources of greenhouse gases on the planet.",,science
2023-11-20 21:13:18,"Richest 1% account for more carbon emissions than poorest 66%, report says | Greenhouse gas emissions",,Futurology
2019-01-20 13:30:33,"Vancouver City Council votes to declare ‘climate emergency’. Now that the motion has passed, city staff will come up with new ways to reduce greenhouse gas emissions and set new climate change targets.",,Futurology
2018-11-22 23:26:07,"Warnings of 'Destructive and Irreversible Impacts' as Greenhouse Gases Hit Highest Levels in 3-5 Million Years: ""The science is clear,"" says the head of the World Meteorological Organization. ""The window of opportunity for action is almost closed.""",,worldnews
2025-02-11 19:40:58,Pennsylvania Senate votes to pull Pennsylvania from Greenhouse Gas Initiative | ABC27,">“All for the sake of emitting less carbon, while other nations like India and China are clearly doing so with abandon makes no sense,” said Pittman.

Conservative mentality at its finest.",Pennsylvania
2024-03-11 13:14:32,My husband made me a greenhouse out of old windows.,,Homesteading
2019-01-18 13:23:52,"An all-star lineup of economists, from Alan Greenspan to Paul Volcker, are endorsing a plan to combat climate change by slapping a tax on greenhouse gas emissions and then distributing the revenue to American households",,Futurology
2022-10-27 02:33:22,Atmospheric levels of all three greenhouse gases hit record high,,worldnews
2016-10-19 12:45:51,"Feeding cows seaweed could slash global greenhouse gas emissions, researchers say: ""They discovered adding a small amount of dried seaweed to a cow's diet can reduce the amount of methane a cow produces by up to 99 per cent.""",,Futurology
2018-08-02 13:58:52,Scientists Just Discovered an Entirely New Reason for Banning Plastics - Decomposing Plastics Have Been a Source of Greenhouse Gases This Whole Time,,Futurology
2024-06-03 18:13:37,First greenhouse,Based on Reddit recommendation I got the basic design from Trilliumdomes. 14ft diameter. It was great in April and May for seedlings; now that it’s hot (zone 7) it’s mostly just a big convenient shed for gardening supplies and tools. Planning to overwinter some potted plants too. ,Greenhouses
2024-01-13 02:25:52,This is what greenhouse lights do to the night sky in my hometown,,Damnthatsinteresting
2025-01-10 04:05:35,World’s richest use up their fair share of 2025 carbon budget in 10 days | Greenhouse gas emissions,,worldnews
2020-05-05 06:14:00,‘Near-unlivable’ heat for one-third of humans within 50 years if greenhouse gas emissions are not cut.,,worldnews
2019-10-13 19:29:20,"Researchers have developed a new material that can selectively capture carbon dioxide molecules, and efficiently convert them into useful organic products -- an advance that may help develop new ways to contain global greenhouse gas emissions.",,science
2021-06-25 01:19:20,We made a secret passageway slide into our greenhouse through a wardrobe!,,DIY
2017-08-19 12:28:33,"The Montreal Protocol successfully outlawed harmful chemicals that deplete ozone in the atmosphere, but new research shows the ban had an amazing, unforeseen side effect: drastically slashing greenhouse gas emissions in the US.",,science
2017-10-25 14:03:30,"Electric cars emit 50% less greenhouse gas than diesel, study finds - Researchers calculated the total lifecycle emissions of an electric car, including its manufacture, battery manufacture, and all of its energy consumption.",,worldnews
2018-05-09 21:35:30,Trump White House quietly cancels NASA research verifying greenhouse gas cuts,,technology
2023-03-08 14:16:46,I was told y’all would like this greenhouse I built last spring,,woodworking
2018-06-12 13:06:52,"Scotland has met its annual climate change target for the third consecutive year | Greenhouse gas emissions fell by 49 per cent from 1990 to 2016 and were down 10.3 per cent from 2015, according to fresh data.",,worldnews
2017-09-08 09:31:26,"There are over 341,000 wind turbines on the planet, why they matter - The DOE's Wind Vision Report says that wind could potentially support more than 600,000 jobs by the year 2050 and help avoid 12.3 gigatonnes of greenhouse gases.",,Futurology
2023-02-01 20:45:06,anyone know what trees i have in the greenhouse? 😭😭 i think i squard them all? i forgoy what i planet,,StardewValley
2023-04-18 15:22:23,"Am I going to buy both of these because I’m obsessed with creating both greenhouses and basements on my builds lately? Sadly, yes.",,Sims4
2022-04-28 21:54:03,"I built a greenhouse out of reclaimed materials, how did I do?",,gardening
2018-07-17 19:50:15,Can we remove a trillion tons of carbon from the atmosphere? Ocean ecologist Russ George explains how ocean restoration will lower greenhouse gases and bring back fish stocks to levels not seen for generations,,Futurology
2019-02-13 07:17:04,"World on track to miss emissions ‘turning point’ for tackling climate change | The world is not on track to meet the greenhouse gas “turning point” required to avoid the most catastrophic impacts of climate change, experts have warned",,worldnews
2021-05-09 11:40:57,China now emits more greenhouse gasses than rest of developed world combined. Where are all the Eco-Doomers?,,conspiracy
2022-05-17 01:01:52,My husband is building me a greenhouse. I’m in love!,,gardening
2024-04-14 15:27:04,What's In Your Greenhouse?,"I love the flowers, It may not be efficient but sure is pretty. ",StardewValley
2024-07-04 02:13:09,AI means Google's greenhouse gas emissions up 48% in 5 years,,worldnews
2025-03-28 21:56:18,Found the greenhouse of my dreams on Facebook marketplace and I fear I will forever grieve for it,,GardeningUK
2023-07-07 13:16:04,A complicated looking greenhouse,,TikTokCringe
2018-04-03 12:26:42,UK Government Confirms Historic Low Emissions As Wind + Solar Become Second Biggest Electricity Source - “the country’s greenhouse gas emissions have reached levels not seen since 1890”,,Futurology
2024-11-01 10:50:54,EU's greenhouse gas emissions dropped by 'huge' 8% in 2023; EU says the data was evidence of the “continued decoupling of emissions and economic growth” in the bloc.,,Futurology
2018-05-25 22:25:15,"Feeding cows seaweed cuts 99% of greenhouse gas emissions from their burps, research finds - California scientists 'very encouraged' by first tests in dairy cattle",,Futurology
2015-12-31 14:22:39,"Sanders Introduces Major Clean Energy Jobs Package: “It is time for us to invest in technologies that are cutting greenhouse gas emissions and in the long run will be more cost-effective,” Sanders said.",,politics
2023-07-07 13:06:26,My complicated looking greenhouse without cutting any compound angles,"Parallelogram frames, aluminum flashing and polycarbonate glazing! I got a video up about the build but im not sure if I can share it here. Super gratifying one. Lmk if you got Q’s",woodworking
2021-04-22 10:26:26,Joe Biden commits to slashing US greenhouse gas emissions by 50% by 2030 - nearly doubling its previous target,,politics
2024-02-29 15:25:43,My wife’s greenhouse blew away and crumpled last night. ,We’ve had it for about two years and it has withstood some hellish weather. Something about the wind last night caught it just right. The frame was bolted to 4x4s and those were secured to the ground with spikes that went about 8 inches deep. ,Wellthatsucks
2022-11-27 19:38:58,Turned an old trampoline into a greenhouse!!,Not totally done yet but I’m already brainstorming what to grow in here. I’m in CT USA. any advice on what vegis I can grow overwinter in it? I’m thinking cold crops might have a chance of survival through most of the winter but I’ve never had a greenhouse before. The plastic isn’t as clear as I thought it would be but I’m reading that might be beneficial heat-wise anyway so I’m Leaving it as is for now.,gardening
2020-01-26 13:12:15,"My mother tore down her greenhouse and told me to neatly pile the bricks while she went out. I got drunk and built her a dick fountain instead. As you can see, she was not impressed.",,funny
2023-09-12 15:14:24,"Substituting 50% of consumed meat and dairy with plant-based alternatives could see a 31% reduction in agriculture-related greenhouse gas emissions by 2050, new analysis suggests. The new model also predicts significant savings in land and water use.",,science
2022-03-30 11:31:20,Greenhouse gas emissions from livestock farming are not decreasing and are likely to become a large fraction of overall emissions,,science
2018-10-10 16:45:40,"CNN called out on twitter for their intentionally misleading coverage of climate change; ""100 corporations are responsible for 71% of the global greenhouse gas emissions...presenting the crisis as a moral failing on the part of individuals without nothing that fact is journalistic malpractice"".",,conspiracy
2021-06-18 11:16:36,I didn't realize my greenhouse would attract butterflies and bees and things. I love it.,,skyrim
2025-01-28 02:23:59,"Insurance company: How were you injured?

Me: A greenhouse fell out of the sky and crushed me.",,FUCKYOUINPARTICULAR
2025-03-12 00:57:32,Just bought a house with a Greenhouse and I’m lost!,"I recently moved into a home with a dedicated greenhouse, and I’m looking to make the most of it. I’d love to hear from experienced greenhouse gardeners about where to start and how to optimize the space.

Greenhouse Features:
	•	Structure & Materials: Well-built with sturdy framing and high-quality glass/paneling. It has excellent light exposure.
	•	Climate Control: Includes ventilation, heating/cooling elements
	•	Watering & Irrigation: There’s access to water, but I may need to set up an efficient irrigation system.
	•	Shelving & Organization: Some existing shelving and workspaces, but I’d love ideas on how to maximize storage and workflow.
	•	Power & Automation: Available outlets

❓Should I focus on year-round veggies, flowers, exotic plants, or a mix?

❓ what should I plant first, based on my Durham, North Carolina climate and experience  (beginner!) level.

❓ Any must-have tools, storage ideas, or watering tips?

Would love to hear about your experiences, lessons learned, and favorite setups! Photos, links, and product recommendations are welcome.",Greenhouses
2024-08-18 23:07:57,What is up with this part of southern Spain? On streetview it looks to be full of what seem like greenhouses. What is in them and why are there so many right here?,,geography
2015-05-20 02:51:10,"MIT study concludes solar energy has best potential for meeting the planet's long-term energy needs while reducing greenhouse gases, and federal and state governments must do more to promote its development.",,Futurology
2023-01-21 17:21:42,Study found that the reusable take-out food containers —which initially use more energy and generate more climate-altering greenhouse gases— can break even with single-use containers after four to 13 uses,,science
2023-07-16 12:00:19,I let wasp build their hive inside my greenhouse where i plant my tomatoes because they eat the aphids ...,,gardening
2017-03-24 16:48:35,A greenhouse,,pics
2017-02-16 22:18:40,This bowl in my backyard made a clover greenhouse,,mildlyinteresting
2021-12-04 15:30:59,"Scientists at Australia's Monash University claim to have made a critical breakthrough in green ammonia production that could displace the extremely dirty Haber-Bosch process, with the potential to eliminate nearly two percent of global greenhouse emissions.",,science
2018-12-16 03:08:40,"Nearly 200 countries have agreed on a set of rules to reduce global greenhouse gas emissions, a crucial step in implementing the landmark 2015 Paris climate agreement.",,Futurology
2018-06-13 04:20:57,A measure of progress: EU greenhouse gas emissions between 1990 and 2016,,europe
2016-05-06 10:16:17,San Diego to run 100 percent on renewable energy by 2035. The city also plans to cut greenhouse gas emissions by 50 percent.,,technology
2024-11-23 04:16:36,Very happy with my greenhouse,"I've got deluxe retaining soil throughout so not a drop of water required, but it meant I had to replant all of my ancient fruit. Feels so good to get rid of those sprinklers. I also wanted to do small batch regular wine so I've got the grapes in plant pots.",StardewValley
2025-02-09 14:32:03,Rebuilt the Kalwall Greenhouse that I first built 40 years ago.,,Greenhouses
2016-02-14 14:20:14,An abandoned greenhouse,,pics
2018-05-25 22:25:37,"Feeding cows seaweed cuts 99% of greenhouse gas emissions from their burps, research finds - California scientists 'very encouraged' by first tests in dairy cattle",,worldnews
2024-04-03 13:16:29,My Extra 1.6 Greenhouses,,StardewValley
2024-04-04 11:31:18,Just 57 companies linked to 80% of greenhouse gas emissions since 2016,,EverythingScience
2023-02-14 17:58:16,A snail made the image of a face on the greenhouse,,mildlyinteresting
2019-12-06 19:03:19,"Greta Thunberg says global wave of school strikes for the climate over past year has “achieved nothing” because greenhouse gas emissions have continued to rise, she told activists at UN climate talks in Madrid — Activist says 4% greenhouse gas emissions rise since 2015 shows action is insufficient",,worldnews
2024-04-04 10:44:16,"A mere 57 oil, gas, coal and cement producers are directly linked to 80% of the world’s greenhouse gas emissions since the 2016 Paris climate agreement, a study has shown.",,worldnews
2020-05-07 21:55:24,My only true disappointment in this game: no stairs to the spa greenhouse 😞,,StardewValley
2014-12-04 14:06:12,"Obama: Your kids ‘could not breathe’ in Beijing. President Obama defended his controversial environmental regulations on Wednesday, arguing that without efforts to cut greenhouse gas emissions, the U.S. could be issuing smog warnings like China.",,politics
2018-10-15 18:45:13,An agave growing massive in this long-abandoned greenhouse [1024x768],,AbandonedPorn
2021-05-10 06:29:15,"China now emits more than rest of developed world combined: China’s emissions of greenhouse gases have more than tripled over the last three decades and now, for the first time, exceed those of all developed countries combined",,Futurology
2017-04-26 01:19:28,"A chemistry professor in Florida has just found a way to trigger the process of photosynthesis in a synthetic material, turning greenhouse gases into clean air and producing energy all at the same time.",,Futurology
2023-06-11 09:50:25,The greenhouse effect,,calvinandhobbes
2018-04-10 04:01:41,My husband and I built a 10x30ft greenhouse during our 1 year old's naps!,,gardening
2020-02-06 17:37:02,The Arctic is releasing a shocking amount of greenhouse gases in “abrupt thaw” of permafrost regions,,worldnews
2022-07-25 08:08:00,I built a green greenhouse to collect all in game plants,,Minecraftbuilds
2024-02-06 20:05:32,EU lays out plan to cut greenhouse emissions by 90% by 2040,,UpliftingNews
2023-02-16 12:13:32,Sweeteners derived from stevia produce ~10% of the greenhouse gas emissions of sugar.,,science
2024-10-10 10:36:56,Shorekeeper Idle Animation at the Greenhouse (Her Face),My favorites waveplateless activity is to go around zooming in on stuffs.,WutheringWaves
2020-10-17 05:55:26,Recreated the Austrian (Vienna) Greenhouse in Minecraft. What does reddit think?,,Minecraft
2023-07-16 04:50:45,The greenhouse my husband built.,,CozyPlaces
2025-01-03 14:42:08,Hydroponic Bell Pepper Greenhouse ,"Here’s a season recap of my 2024 season! My goal was at least 1000 bell peppers however I fell short of that due to a few mistakes I made. 

I ended up with 780 Peppers so not a total loss but still room for improvement. Next year I’m planning on sneaking in 18 more plants for a total of 72. With this many plants and hopefully making less mistakes I think I can do around 1400 peppers next season!",Hydroponics
2024-11-30 13:51:35,Update to neighbour thinks I breed rats in my greenhouse,"Link to original post: [https://www.reddit.com/r/neighborsfromhell/comments/1gzwj4i/neighbour\_thinks\_i\_breed\_rats\_in\_my\_greenhouse/](https://www.reddit.com/r/neighborsfromhell/comments/1gzwj4i/neighbour_thinks_i_breed_rats_in_my_greenhouse/)

Hi all,

thoroughly enjoyed the comments on my last post and thought I'd give you a quick update.

Just to remind everyone that I'm in the UK. 

This morning I got a letter from the council's environmental health department to say that my garden was infested with rats and that I had to take immediate action. So I did.

I called the extermination company to ask for a statement that there are no rats in my garden or greenhouse. They are happy to oblige. 

I spoke to all my nice neighbours and they are also happy to vouch that they have seen no evidence of an infestation and find the rat breeding story both bizarre and hilarious.

I wrote a very polite and detailed email to the named contact at the council to say (paraphrased of course) that this is the work of a colossal prick and I am considering suing him for malicious complaint, harassment and slander. Also, that I cannot take immediate action to remove an infestation I do not have and would like to know how they came to the conclusion that there is a problem if no-one from the council has been round to look.

We know the prick next door wants to annoy us into moving but sorry, we're going nowhere. 

Edit: the extermination company have sent the statement. I called the council but the named contact is on annual leave until after the deadline I was given to contact them. ",neighborsfromhell
2017-08-02 18:20:29,Oranges photographed through the glass panes of a greenhouse,,AccidentalRenaissance
2024-12-23 13:07:34,My pride and Joy - carnivorous plant greenhouse!,,Greenhouses
2023-04-16 03:24:35,Toyota teamed with Exxon to develop lower-carbon gasoline: The pair said the fuel could reduce greenhouse gas emissions by up to 75 percent,,technology
2020-04-09 18:28:41,"Greenhouse, SimzArt/Me, Digital, 2020",,Art
2017-05-23 15:53:52,Nearly 94% of Shell shareholders reject emissions reduction target in line with Paris climate agreement - Fossil fuel giant's board argues setting targets to reduce its production of greenhouse gases is 'not in the best interest of the company',,worldnews
2020-05-31 13:28:29,An early birthday gift- my first ever greenhouse! I’m in shock.,,gardening
2020-02-14 18:38:13,"A team of researchers from Canada and the U.S. has developed a catalyst that quickly and efficiently converts carbon dioxide into simple chemicals. In this way, they transform the most important greenhouse gas into useful products for industry.",,science
2020-07-18 12:20:46,"Cities Are Becoming Climate Death Traps. Climate change is making heat waves longer, hotter, and more deadly. Scientists estimate that 80 percent of record-breaking heat waves would not have occurred without human-caused warming due to greenhouse gas emissions",,Futurology
2024-10-06 13:41:08,Over the moon! He proposed yesterday in a beautiful greenhouse! ,,EngagementRings
2024-06-08 17:01:42,Greenhouse gas emissions per capita [OC],,dataisbeautiful
2024-08-29 19:48:11,"In 2023, Canadian wildfires released more greenhouse gases than any country other than China, the U.S. and India",,science
2024-05-31 19:48:33,My new Greenhouse Design (Y48 Summer) ,,FarmsofStardewValley
2022-12-31 20:18:01,"been sewing my heart out for these ""greenhouse"" blocks and it is layout time. Do you prefer the ""rainbow"" or the ""random"" layout? I was planning for the rainbow but needed to set up the random just to see...",,quilting
2024-11-25 16:37:29,Got the Greenhouse set up all nice!,,StardewValley
2020-12-30 11:56:54,New geodesic greenhouse,,woodworking
2021-03-06 23:33:25,"In this impressive photograph, a ginormous agave plant grows in an abandoned greenhouse which has been neglected for several years.",,interestingasfuck
2024-05-12 16:20:31,Flying greenhouse is mesmerizing,,AbruptChaos
2016-06-20 20:27:26,"China's plan to cut meat consumption by 50% cheered by climate campaigners: New dietary guidelines could reduce greenhouse gas emissions by 1bn tonnes by 2030, and could lessen country’s problems with obesity and diabetes",,worldnews
2024-06-30 20:14:06,"Scientists have found a moss in regions including Antarctica and the Mojave desert – is able to withstand Mars-like conditions | This is the first to look at the survival of plants growing on the planet’s surface, rather than in greenhouses.",,science
2019-08-20 07:02:58,Scientists said Tuesday they have developed a way of extracting hydrogen from oil without releasing greenhouse gases — a breakthrough they hailed as a “silver bullet” for cleaner energy and the climate.,,Futurology
2025-01-04 06:12:42,"Greenhouse Gas Forcing Skyrockets Beyond Anything in 130,000 Years!",,collapse
2020-04-17 11:40:34,greenhouse with sitting area,,CozyPlaces
2020-08-11 17:24:44,"Members of the Mochida family awaiting evacuation bus. Mochida operated a nursery and five greenhouses on a two-acre site in Eden Township. Hayward, California. 8 May 1942 (Dorothea Lange) [2958x2316]",,HistoryPorn
2019-09-09 12:41:43,The lifestyles of the richest 42 million people are emitting more greenhouse gas than the poorest 3.8 billion people.,,conspiracy
2025-02-06 11:28:37,My succulent shelf in the greenhouse ☀️,,succulents
2020-05-03 16:11:36,Spring at the Greenhouse | 2020 🌿🧡,,CozyPlaces
2025-03-14 04:24:48,a cozy greenhouse i made today (yes it has the greenhouse buff!) feel free to take inspo <3,,VintageStory
2024-10-14 11:26:37,Welcome to Gaia’s rest. My outpost on a snow mountain planet. Seek shelter from the constant blizzards inside the mountain or in the greenhouses ,Chapter 1: earth of my four bases based on the four elements. System is Euclid ,NoMansSkyTheGame
2018-07-11 09:57:24,"The endless greenhouses in the first scene of Blade Runner 2049 (2017) aren't CGI. The location is real: El Ejido, Spain.",,MovieDetails
2022-04-14 15:48:11,I went the Greenhouse with my Infrared Camera,,woahdude
2020-09-03 09:36:33,"I'm Sarah, a Professor at The University of Manchester. I'm using my astrophysics research background to identify ways to help reduce greenhouse gas emissions... from food. Ask me Anything!","EDIT 2PM: This AMA is now closed - thank you so much for all your fantastic questions! 



Hi Reddit, Sarah here! I have been studying dark matter and dark energy for the last 20 years, but when my kids started school I started to think about our own planet in the next 20 years and beyond. I learned about climate change properly for the first time, how it threatens worldwide food production, and how food causes about a quarter of all global warming. I wanted to know how much each of my food choices was contributing, and why. Did you know, if we stopped burning fossil fuels, food would be the biggest contributor to climate change?

I delved into the academic research literature, and summarized the results in simple charts. The charts make it easy for the non-specialist to see the impacts of different meal options, and show that some easy food switches can reduce food greenhouse gas emissions by 90 percent. Most of us make many food choices every day, and by changing these we can significantly reduce climate change caused by food, and free up land that can be used to help reduce climate change overall.

There is an impending perfect storm of pressure on our food production system, with increasing population and changing consumer tastes, in the face of rising temperatures and extreme weather events. Tim Gore, head of food policy and climate change for Oxfam, said “The main way that most people will experience climate change is through the impact on food: the food they eat, the price they pay for it, and the availability and choice that they have.”. Yet, at the same time, food production causes about a quarter of all greenhouse gas emissions, and this is rising as the population increases and becomes more affluent. 

My book, Food and Climate Change -- Without the Hot Air, is published today by UIT Cambridge in 2020 www.sarahbridle.net/faccwtha #faccwtha You can get the e-book for free, thanks to funding from the University of Manchester e.g. in the UK the free ebook is available from amazon here https://www.amazon.co.uk/Food-Climate-Change-without-hot-ebook/dp/B0873WWT6W
You can watch the launch recording here https://www.youtube.com/watch?v=JsCIf4Q_y_0
Most of the facts and figures in my replies below are explained in more detail there - with full references to the original research literature.

Check out the free resources we developed for interacting with the public to share the scientific consensus on how different foods contribute to climate change here www.takeabitecc.org e.g. you can see lots of videos aimed at younger audiences here www.takeabitecc.org/AtHome or download our free Climate Food Flashcards www.takeabitecc.org/flashcards or play our free Climate Food Challenge http://climatefoodchallenge.online/game/

You can also watch my TEDxManchester talk on food and climate change here https://www.youtube.com/watch?v=6y7RHsXSW00",IAmA
2022-07-22 11:25:03,[OC] Greenhouse gas emissions by end industry,,dataisbeautiful
2021-07-17 15:50:27,A greenhouse closed down and gave me their leftover seed stock for free 😱,,gardening
2017-09-03 17:36:13,The Netherlands has become an agricultural giant by showing what the future of farming could look like. Each acre in the greenhouse yields as much lettuce as 10 outdoor acres and cuts the need for chemicals by 97%.,,Futurology
2024-01-18 17:32:34,Our Reishi bags being used for CO2 production in a greenhouse,,mycology
2025-02-25 04:51:06,more on Castorice's global buff via Dim,,HonkaiStarRail_leaks
2025-03-28 11:58:20,WTH is a global passive?,"A lot of people chatting about global passive in the 3.2 livestream, but what the hell is this about?",HonkaiStarRail
2025-03-28 11:58:39,I truly hope global passives don't work in endgame.,,HonkaiStarRail
2024-10-03 23:18:31,Deloitte Global Layoffs,"For anybody who is part of Global, layoffs have started this week. I got my notice yesterday and was told it will continue until the end of the month. ",deloitte
2025-04-07 18:49:58,Global Subsidy Revelation!!!,,clevercomebacks
2025-03-30 13:07:18,"If America did use military force to annex Greenland, what are the political implications globally?",,AskReddit
2025-03-09 16:47:02,"Tesla Sales Fall Off A Cliff Globally, Including Germany, Australia, And China",,technology
2025-03-29 23:47:28,Global Takedown Tesla protester: London (credit: AP),,pics
2025-03-10 16:15:36,"X Suffers Third Global Outage Today; Users In US, UK, India Report Issues",,technology
2025-04-07 07:11:36,European markets are just waking up and it's already looking bad globally,"There's been a huge sell off in the Pacific:

* ASX200 (Australia) is down 4.2% as of time of writing.

* Hang Seng (primary indicator of overall market performance in Hong Kong) is down a **staggering** 12.1%.

* Nikkei 225 (Japan) is down 7.8% and triggered [suspension of trading.](https://apnews.com/article/stocks-markets-nikkei-tariffs-trump-76d0de278a6cad291ace624a74a6a1b6)

Frankfurt, Germany has been open for about an hour:

* DAX (somewhat equivalent of the Dow Jones) is already down just shy of 5%.

* MDAX (Mid-cap, non-tech) is already down 5.4%

* TecDAX (Mid-cap, tech) is down 4.5%.

London is just opening now:

* FTSE 100 (100 highest-capitalized blue chips listed on the London Stock Exchange) - already down 5.5% in under 10 minutes.

* FTSE 250 (London mid-cap) - down 4.7%.

Today is going to be a blood bath on Wall Street.",wallstreetbets
2025-03-28 11:53:03,Castorice revive is global passive,,HonkaiStarRail
2025-04-09 04:03:51,"Trump’s massive ‘reciprocal’ tariffs are now in place, upending global trade",,worldnews
2025-04-03 19:29:45,"‘If the U.S. no longer wants to lead, Canada will’: Carney proposes global free trade coalition | Watch News Videos Online - GlobalNews","
Go Canada! Buy Canadian 

",BuyCanadian
2025-03-19 12:13:51,Tesla loses ground as Chinese EVs dominate global markets,,technology
2025-03-01 14:14:18,Global laughingstocks for a reason.,,simpsonsshitposting
2024-11-19 10:13:16,One of the world’s great scientific minds weighs in on global warming.,,facepalm
2025-03-09 15:45:36,"Oops, Scientists May Have Miscalculated Our Global Warming Timeline",,Futurology
2024-11-06 04:42:11,A global embarrassment 🤮🤮🤮🤮🤮,,WhitePeopleTwitter
2025-03-18 21:24:19,"U.S. could lose democracy status, says global watchdog",,news
2025-01-21 10:44:28,Trump effectively pulls US out of global corporate tax deal,,Economics
2024-12-04 13:12:33,Nearly half of teenagers globally cannot read with comprehension,,dataisbeautiful
2025-04-03 12:42:41,"'Welp, There Goes the Economy': Trump Tariffs Trigger Global Alarm",,politics
2025-04-05 12:25:45,China says 'market has spoken' after Trump tariffs spark global stocks rout,,worldnews
2025-01-15 22:23:08,"NASA's ""Climate Spiral"" depicting global temperature variations since 1880-2024",,educationalgifs
2024-12-02 00:22:37,Cue the MAGA global meltdown! 👀,"If Biden does this, I hope he doesn't stop there! ",WhitePeopleTwitter
2024-07-19 07:03:38,"United, Delta and American Airlines issue global ground stop on all flights",,news
2024-11-22 09:08:06,Zelensky urges global response to Moscow’s ‘severe’ ballistic missile escalation,,europe
2025-03-30 00:07:55,Global embarrassment!,,WhitePeopleTwitter
2025-04-08 04:14:48,The exploitation of the Global South is the only reason the rest of the world runs smoothly,,BlackPeopleTwitter
2025-03-18 21:20:57,"U.S. could lose democracy status, says global watchdog",,CivPolitics
2024-08-06 19:52:20,Japan Kills First Fin Whale Despite Global Condemnation,,worldnews
2024-08-11 15:16:58,‘Deadpool & Wolverine’ Crosses $1B Globally,,movies
2025-01-19 16:18:29,‘Moana 2’ Passes $1 Billion Globally,,movies
2025-02-19 12:47:15,"Bill Gates warns young people of four major global threats, including AI",,technology
2025-03-23 16:20:12,‘Captain America: Brave New World’ Has Passed $400M Globally,,marvelstudios
2025-04-06 15:24:17,"Box Office: ‘A Minecraft Movie’ Strikes Gold With Record-Shattering $157M U.S. Launch, $301M Globally",,boxoffice
2024-12-27 15:33:38,Playing with a friend and I accidentally typed in Global Chat,“David give him a sip” ,PathOfExile2
2025-04-01 14:26:52,Trump is plotting the biggest tax rise in global history,,politics
2025-01-30 16:57:24,🌍💰 Global Military Spending 2023,,MapPorn
2025-04-07 09:12:46,Trump tariffs live: FTSE plummets to one-year low minutes after opening amid global stock market chaos,,unitedkingdom
2024-04-03 11:24:18,"Ringleader of global monkey torture network, 'The Torture King', is charged",,news
2025-03-21 02:43:43,"Well, this will surely cause a global hiccup. 😬",https://www.centralfm.co.uk/news/latest-headlines/heathrow-airport-closed-after-significant-power-outage-due-to-nearby-fire/#google_vignette,aviation
2024-11-10 21:11:22,[Request] How would these two redistributed countries compare on the global scale?,,theydidthemath
2025-03-18 14:13:13,JD Vance eloquently and masterfully dismantles Globalism,,Conservative
2024-07-20 16:33:20,"CrowdStrike update that caused global outage likely skipped checks, experts say",,news
2025-03-29 05:01:59,Is this the global passive content people are complaining about?,,Genshin_Impact
2025-04-03 15:44:47,Carney outlines Canada’s response after Trump's tariffs trigger global economic earthquake,,canada
2024-12-28 13:09:42,I hate global warming ,I hate global warming. I want to do winter activities! I hate this 40 degrees in late December crud! It's aweful. I want 15 degrees and 3 feet of snow!,minnesota
2025-03-29 19:53:24,Over 200 ‘Tesla Takedown’ protests take place throughout US on ‘Global Day of Action’,,technology
2024-07-19 07:32:07,"Banks, airlines and media outlets hit by global outage linked to Windows PCs",,news
2024-08-21 19:22:14,Global cancer rates in people under 50,,MapPorn
2024-12-05 17:28:58,POE 2 is currently the top selling steam game globally ,,pathofexile
2025-03-05 23:46:17,"La Plata, Argentina: A Globally Recognized Example of Exceptional Urban Planning",,oddlysatisfying
2024-12-17 18:01:44,Marvel Rivals has hit 20 Million Players globally,,marvelrivals
2024-06-30 15:04:29,'Inside Out 2' Crosses $1B Globally ,,movies
2024-12-02 01:34:54,Cue the MAGA global meltdown! 👀,,houstonwade
2024-08-06 16:09:47,Would you risk killing 1% of the global population to cure cancer?,"There’s a button in front of you that you have the choice of pushing or not pushing.

Should you choose to push the button, there are two potential outcomes that are equally likely to occur. Either a cure for cancer is found or 1% of the global population (81 million people) dies instantly at random over the next 24 hours.

Regardless, no one knows it was you that pushed the button or that you had the opportunity to. You are left with the mental toll it may take on you knowing you caused so many deaths or cured cancer. You are guaranteed to not be apart of the 1%. 

The information learned to cure cancer can be used to cure other diseases if relevant. The result of people’s death may compound. For example, if a pilot is apart of the 1%, the plane may crash without intervention from the survivors. 

If you would not push the button, what likelihood of curing cancer would you require to be willing to push it? (I.e. 90% chance cancer is cured, 10% chance 1% of the population dies)

Edit:

For clarification, the cure is economical, simple, and without major side effects. Something as easy as taking a pill and being cured of cancer. The treatment costs less than $5.

You can only push the button once and then it disappears. You can’t push it multiple times in hopes for eventually getting a cure.

This is an either or proposition. If you push the button, either 1% of the population dies or cancer is cured. It is 50/50 which happens. ",hypotheticalsituation
2025-01-22 18:37:13,Ireland on alert as Trump pulls US out of global tax deal,,worldnews
2025-03-18 17:43:48,Doug Ford says U.S. plans to introduce ‘global tariff’ on April 2,,ontario
2024-03-18 13:02:41,"In a global first, Gambia could reverse its ban on female genital cutting",,worldnews
2025-01-14 07:17:10,Elon Musk: a threat to global democracy.,,economicCollapse
2024-11-21 12:50:52,Kremlin’s 2045 Plan to Divide Ukraine and Reshape Global Power Revealed,,worldnews
2024-11-15 14:57:35,Ocasio-Cortez: ‘Gabbard nomination is a pro-war nomination globally’,,politics
2025-04-03 11:31:54,Trump's trade war goes global: U.S. president blows up postwar order,,worldnews
2025-04-07 19:17:41,Global Subsidy Revelation!!!,,facepalm
2024-10-31 10:21:34,"Global LGBTQ group suspends Israeli organization, angering queer Jews and allies",,worldnews
2024-12-07 16:18:34,"The global elite are educated at a small number of globally prestigious universities, with Harvard University playing an outsized role. 10% of global elites went to Harvard. 23% went to the Ivy League.",,science
2025-04-03 13:39:19,U.S. stocks plunge just minutes into trading day as tariffs wreak global havoc,,politics
2024-04-03 09:18:31,Global 5G availability by country,,MapPorn
2023-12-18 11:26:16,"Never mind global warming, world hunger and a continuous loss of biodiversity.",,facepalm
2025-03-18 20:18:49,"U.S. could lose democracy status, says global watchdog",,politics
2025-01-28 13:03:04,Global winners congrats,,HonkaiStarRail
2024-08-21 12:46:38,"If we ever defeat global warming, the denialists will never be proven wrong.",,Showerthoughts
2024-05-28 02:19:45,"Males outnumber females globally, but the reverse is true in some countries",,MapPorn
2025-04-11 12:04:19,Mark Carney’s foreign policy will position Canada for global success,,canada
2025-01-05 14:37:27,‘Sonic The Hedgehog’ Franchise Zooms Past $1B Global Box Office,,gaming
2025-04-08 17:07:59,“There probably hasn’t been an athlete who’s more well known globally…” than Shohei Ohtani,,ShitAmericansSay
2025-01-22 01:32:29,coaxed into global warming,,coaxedintoasnafu
2024-05-20 13:43:04,Biden's Treasury Secretary Comes Out Against Global Tax on Billionaires,,WorkReform
2023-07-26 13:31:44,Final global leaderboard,,place
2025-03-03 19:02:45,Global trade dominance Europe vs US,,europe
2025-04-10 04:26:43,How did we get into a tit-for-tat game with the global economy as the stakes ?,,BlackPeopleTwitter
2025-03-02 14:58:37,Global warming is ruining winter,"Look at the forecast, it's ridiculous! 53F tomorrow? That's nuts! We didn't have a single large snowfall, and now spring has sprung at the end of February which is normally one of the coldest darkest months. This is awful. 

No snow pack = spring drought, and poor farming conditions = more food imports + Trumps tarrifs = very expensive food and economic stress.

Its not just a matter of how your drive to work goes  and whether you can take a walk. No, it's far scarier than that. Repeated seasons of weak winters are an economic and direct threat to food and survival. The system can compensate for awhile, mostly by importing food, but Trumps tarrifs might finally break America. A lot of our food is grown south of the border.

Also, I want to go skiing!",minnesota
2025-01-26 06:51:01,Turkish photographer Uğur Gallenkuş merges contrasting worlds to reveal stark global disparities.,,pics
2024-06-17 12:37:40,Global leader of ISIS targeted and possibly killed in U.S. airstrike,,worldnews
2024-12-19 14:42:57,Global total fertility rate,,Infographics
2025-03-17 15:36:04,To make an enemy of globalism.,,therewasanattempt
2024-03-17 16:26:33,"Dune 2 Nears $500 Million Globally, Surpasses First Film at Box Office",,dune
2024-02-02 16:01:26,celebrity pictures before they shot to global stardom,"1. emma stone (2006), breakthrough - 2007/2010
2. reese witherspoon (1991), breakthrough - 1999
3. margot robbie (2009), breakthrough - 2013
4. angelina jolie (1991), breakthrough - 1999
5. matt le blanc (1991), breakthrough - 1994
6. rihanna (2005), breakthrough - 2007
7. dakota johnson (2003), breakthrough - 2015
8. blake lively (2005), breakthrough - 2007
9. jennifer lopez (1992), breakthrough - 1997
10. taylor swift (2006), breakthrough - 2007
11. sydney sweeney (2011), breakthrough - 2019
12. matthew perry (1987), breakthrough - 1994
13. bts (2013), breakthrough - 2017
14. emily blunt (2001), breakthrough - 2006
15. jennifer lawrence (2007), breakthrough - 2010/2012 
16. ryan reynolds (1997), breakthrough - 2005-09
17. timothée chalamet (2013), breakthrough - 2017
18. jennifer aniston (1990), breakthrough - 1994 
19. julia roberts (1986), breakthrough - 1988
20. ben affleck (1995), breakthrough - 1997",popculturechat
2023-07-21 13:00:03,Global Leaderboard | Day 1,,place
2023-08-24 06:30:50,NASA visualization of global temperatures since 1880,,nextfuckinglevel
2025-02-13 18:48:10,Tesla Takeover: protests planned at Tesla stores globally this weekend,,electricvehicles
2025-03-07 22:54:56,Nasdaq plans 24-hour trading as global appetite for US stocks grows,,news
2024-12-20 15:03:49,Even NASA can't explain the alarming surge in global heat we're seeing,,climate
2023-06-19 23:40:44,Global network of sadistic monkey torture exposed by BBC,,worldnews
2024-03-13 00:27:51,[OC] Global Sea Surface Temperatures 1984-2024,,dataisbeautiful
2025-03-18 21:22:58,"U.S. could lose democracy status, says global watchdog",,GlobalNews
2025-03-01 23:36:09,"Microsoft Outlook, 365 ‘global outage’ affects millions",,technology
2023-04-30 14:49:08,‘Super Mario Bros. Movie’ Officially Passes $1 Billion Globally,,movies
2025-03-13 02:14:58,"Vector, Yoohee and Zhaohui coming soon to global",,GirlsFrontline2
2024-11-07 22:42:02,All Confirmed Global Meteorite Impacts From 1500-2013,,BeAmazed
2025-01-21 17:23:40,Trump pulls US out of global corporate tax deal,"President Donald Trump on Monday declared that a global corporate minimum tax deal ""has no force or effect"" in the U.S., effectively pulling America out of the landmark 2021 arrangement negotiated by the Biden administration with nearly 140 countries.

[https://www.msn.com/en-us/money/other/trump-effectively-pulls-us-out-of-global-corporate-tax-deal/ar-AA1xyEAX](https://www.msn.com/en-us/money/other/trump-effectively-pulls-us-out-of-global-corporate-tax-deal/ar-AA1xyEAX)",FluentInFinance
2025-03-18 20:36:12,Global investors flee the US and return to UK stocks,,worldnews
2024-07-15 16:10:50,Global All Stars Cast Photos,,rupaulsdragrace
2023-05-17 10:10:15,Global warming set to break key 1.5C limit for first time,,worldnews
2025-03-29 23:39:15,Powercreep? Global Passives? Spending Bonuses? What's going on?,"#1. What’s going on and why?

HSR has seen accelerating levels of power creep and enemy HP inflation over time. And with the most recent Anniversary announcement, we see a new dimension being added in Global Passives.

This is on the surface, a very odd choice. Adding in things like Global Passives is a heavy handed design choice that games often make when they’re desperate.

In contrast, Honkai Star Rail is a game that’s only 2 years old and still seems to be growing. And there’s a wealth of design space that has yet to be explored. Why resort to such a desperate looking move?

And what’s with the new ways to spend money in HSR being given [its own special marketing PSA infographic](https://www.hoyolab.com/article/37896315)?

**It’s very easy to just say: “Greed”. But that’s not a useful answer.**

To answer these questions, we need to understand how Mihoyo as a company works.

Only then can we understand what the actual dialogue between the players and the company is actually about.

*You may find this easier to read [on my companion blog](https://moonbearmusings.com/whats-going-on-with-hsr-anniversary-announcement-its-about-content-and-your-willingness-to-pay-for-it/) due to Reddit formatting restrictions (such as the inability to natively embed images).*

#2. What actually is Mihoyo?

Mihoyo is a company that needs to manage a portfolio of IP. To accomplish this, it uses a federated business structure.

DIAGRAM: https://drive.google.com/file/d/1gY24DkfPn_4WEx1mWBoV_N6NfrV617m9/view?usp=sharing

Within this type of business structure, each business unit operates independently. The role of the top management layer is to coordinate between the portfolio and provide shared service functions to the business units.

In Mihoyo’s case, each IP is run by a separate team led by an Executive Producer who holds control over the product roadmap for that IP.

The top Mihoyo management layer coordinates to reduce the intra-portfolio competition. For example, they might ensure Genshin / HSR / ZZZ do not release their most anticipated characters at the same time, allowing Mihoyo to maximize revenue across the portfolio.

The top Mihoyo management layer is also responsible for allocation budgets and resources across the portfolio.

#3. What does this mean for HSR?

Imagine you’re the Executive Producer for HSR. You have a dream of [running HSR where there is zero downtime in story content from Amphoreus onwards](https://old.reddit.com/r/HonkaiStarRail/comments/1hr1le7/the_main_story_for_amphoreus_will_begin_in_30_and/).

You have one major problem with this plan though:

DIAGRAM: https://drive.google.com/file/d/1dSgywj-0zYYoO-PFTai8Kk7OBBbMC6A7/view?usp=sharing

Expanding to a full story content pipeline will probably double development costs for your game. And you only have a limited development budget to work with.

This means you have two options:

1. Scale back your vision to something more manageable; OR
2. Go ask for more budget

##3a. How do you ask for more budget?

It’s best to understand this if you flip the question around: How does Mihoyo allocate budgets?

Budgets in portfolio companies are a capital allocation exercise. In general, more capital is allocated to higher performing business units.

So if the HSR team wants a bigger budget, then they need to show higher levels of financial performance.

And how do they show higher levels of financial performance? By getting customers to spend more.

And how do they get people to spend more on the game? Well, in the Anniversary announcement alone we have:

* Cherished Recollection event that gives free items and cosmetics to players that buy Oneiric Shards with money to create FOMO toward topping up now (rather than waiting to see if there’s something you actually want to spend on later);
* Introduction of a low cost “Special Ticket” bundle containing 1x Limited and 1x Standard banner pull to eliminate the psychological barrier to spending for F2P players and normalize spending behaviours;
* Introduction of Global Passives to reduce the impulse to skip new character releases.

**The monetization approach to HSR is a reflection of the ambition the HSR production team has for the content they want to develop.**

It should also not be a surprise then **that power creep and enemy HP inflation accelerated during Penacony and the 2.x Patch cycle, precisely when the development costs would be increasing for the 3.x Patch cycle.**

#4. Mihoyo makes so much money. Why can’t they just fund this using the money they already make?

This is an excellent question and worth exploring.

##4a. Your desires are just one of many priorities for a company

The primary problem with this point of view is: **Companies always have more things they want to fund than they have money available to spend.**

Capital allocation within a company is about prioritizing the most important activities to fund. Choosing between different activities requires prioritizing your options based on the impact and return those actions give to the company.

For Mihoyo, these priorities can include, but are not limited to:

* **Investing in new IPs:** Expands revenue and reduces risk exposure to Mihoyo from any one game having difficulties;
* **Expanding merchandise offerings for fans:** This can include developing new types of merchandise as well as expanding distribution (such as introducing official merch on Amazon);
* **Improving infrastructure:** Such as IT (e.g. servers and networking) and physical real estate (e.g. new office buildings). This also includes [their plans to build a Chinese version of Akihabara in Shanghai](https://technode.com/2024/08/01/mihoyo-plans-to-build-shanghai-akihabara-as-part-of-new-headquarters-expansion/);
* **Improving benefits and compensation for employees or hiring:** This allows you to keep Mihoyo as a desirable place to work at and recruit from the best possible talent.

HSR needs to justify that the increased budget is more important than any of these priorities.The easiest way to do this is by showing that more budget investment into HSR will generate higher revenue and pay back the budget investment.

But it’s not just other business proposals that you need to compete against…

##4b. You are always competing against “Do nothing”

As I wrote in [my previous analysis about Genshin and “free stuff”](https://old.reddit.com/r/Genshin_Impact/comments/1ai0tn3/free_stuff_and_genshin_how_do_large_companies/):

> Businesses don’t like running out of money. The more volatile your industry, the more safety you want. The more stable your industry, the more risks you can afford to take.

> Gaming is a terrible industry to be in. Consumers are fickle, trends can suddenly and dramatically change, and competition is fierce.

> Hoarding a giant pile of cash is a good thing if you want to feel safe. It lets you wait out downturns in the economy, it means you don’t have to resort to layoffs just to stay alive, and it means you can fund new projects cheaper (since profit is “free” but loans have interest costs).

These words are even more true today than ever before.

Have you looked at the state of the global economy today? With fears about geopolitical tension, trade wars, and economic pressures in China’s domestic market, etc. … If you’re a large Chinese gaming company, this is a good time to be stockpiling cash.

##4c. Why do companies operate like this?

This approach for budget management is appropriate for a portfolio company looking to maximize value across the portfolio.

The traditional problem in companies is that the top level executives are out of touch with what is actually happening “on the ground” with their customers. The traditional solution is expensive reporting systems and complex decision making processes so each layer of management can monitor and manage the layer below them.

Mihoyo’s approach pushes as much of the decision making as far down the management structure as possible. The individuals who have the best information and ideas make the relevant decisions.

The individual business units are the best positioned to understand their customers. So each business unit has the freedom to decide what it thinks is the right approach based on their ability to read the market environment, their customer desires, and the risk they are willing to take.

They then tailor their ambition based on what they think is feasible:

* If you don’t think you can convince the customer to pay for the cost of increased development (or can but do not wish to), then you look to optimize within your existing budget;
* If you think you can convince the customer to pay for increased development, you look to expand the scope of your ambition to meet the customer’s expectations.

#5. What did we learn?

**The fundamental conversation between the HSR developers and the players is about what content they should develop, and what the player base is willing to spend to fund it.**

Therefore, there are only two questions that actually matter:

* How much content do you want?
* How much are you willing to pay to fund the resources required to develop that content?

All other questions are irrelevant to the decisions the HSR production team is trying to make.

They have a vision for what they want the game to be. It’s just a question of how much of that vision (the content) they can make a reality (the budget).

So this is what the player base is going to have to respond to:

**What level of content do you want and are you willing to accept the monetization structure needed to fund it?**

---

##Previous essays you may like:

* Let’s talk about how Mihoyo’s monetization works [(Blog)](https://moonbearmusings.com/lets-talk-about-how-mihoyos-monetization-works/) [(Reddit)](https://old.reddit.com/r/gachagaming/comments/1e9rdsl/lets_talk_about_how_mihoyos_monetization_works/)
* Yes, Sensor Tower is wrong. No, it doesn’t matter. [(Blog)](https://moonbearmusings.com/yes-sensor-tower-is-wrong-no-it-doesnt-matter/) [(Reddit)](https://old.reddit.com/r/gachagaming/comments/1fshnt2/lets_talk_about_monthly_pvp_is_sensortower_data/)
* AAA games are broken: How companies approach risk [(Blog)](https://moonbearmusings.com/aaa-games-are-broken-how-companies-approach-risk/)

##WIP essays:

* Are companies leaving money on the table by not creating more husbandos? A deep dive revenue analysis (WIP TITLE)
* Let’s Talk About Capitalism Part II: Why do companies care so damn much about quarterly profits? (WIP TITLE)",HonkaiStarRail
2025-02-21 01:11:01,Global Release Times were just revealed!,,MonsterHunter
2024-11-13 02:37:55,"They did it, Global Times did it again!",,NonCredibleDefense
2025-04-02 23:26:37,"Trump unveils 10% global tariff, with Japan levy set at 24%",,japan
2025-02-09 18:19:16,[OC] Global Browser Market Share over the past 15 years,,dataisbeautiful
2024-07-16 23:15:34,"America, The Global Leader Of Political Violence, Condemns Political Violence",,blowback
2024-07-25 17:59:40,The Global Shift Toward Legalizing Euthanasia Is Moving Fast,,Futurology
2025-01-17 12:58:53,"So chat, what's overall opinion on Daiyan on Global without CN meltdown?",,GirlsFrontline2
2024-10-25 04:59:21,"Russia aided Houthis in targeting global shipping, disrupting trade",,worldnews
2025-03-15 21:09:04,What's Trump's endgame with global tariffs? Canadian officials say they have a clearer idea,,canada
2025-02-19 14:08:12,JD Vance’s Debacle in Germany Exposes MAGA’s Sinister Global Endgame,,politics
2025-01-16 20:23:27,Worst global growth for 6 years forecast due to tariffs,,worldnews
2025-03-12 00:04:36,Government of Canada plans to issue US-dollar global bond,"
Canada has announced it will sell Canadian government bonds denominated in USD. Size not disclosed ",wallstreetbets
2022-10-19 15:19:43,WHO says COVID-19 is still a global health emergency,,worldnews
2025-01-14 07:14:52,Elon Musk: a threat to global democracy.,,suppressed_news
2024-08-14 17:38:16,WHO declares mpox outbreak a global health emergency,,worldnews
2025-01-29 13:01:16,New winners from global,,HonkaiStarRail
2023-07-25 13:13:26,Global leaderboard: day 6,,place
2025-04-07 13:33:51,Global markets tumble for 3rd day,,worldnews
2025-01-09 15:02:59,Raw debuts to almost 5 million viewers globally on Netflix,,SquaredCircle
2025-04-02 21:15:45,Trump hits UK with 10% tariffs as he ignites global trade war | Trade policy,,worldnews
2024-12-13 15:34:05,"Make America a Global Punchline, Again. ",,facepalm
2025-03-19 19:57:52,The Disinformation War Against Mark Carney Begins: A Coordinated Global Attack,,CanadaPolitics
2025-02-27 06:36:28,Another video from Madhya Pradesh Global Investors Meet getting viral,,Bhopal
2024-08-08 04:26:07,India Ranks 12 in Global Mobile Internet Speed,,IndiaTech
2025-03-14 23:41:11,Amazing that Teacher Audrey had the exclusive global reveal of this incredible machine!!!!,,insanepeoplefacebook
2024-08-14 20:55:43,WHO declares Mpox global health emergency,,worldnews
2025-03-25 20:50:58,Disney’s ‘Snow White’ Faces $200M Loss as Gal Gadot’s Role Triggers Global Boycott,,Palestine
2024-07-30 22:25:15,"Wages in the Global South are 87–95% lower than wages for work of equal skill in the Global North. While Southern workers contribute 90% of the labour that powers the world economy, they receive only 21% of global income, effectively doubling the labour that is available for Northern consumption.",,science
2022-11-16 15:59:14,Declining Global Sperm Count Could Threaten Humankind Survival,,Futurology
2024-08-06 18:13:00,Wall St bounces back after global stocks rout,,news
2024-11-10 11:28:37,‘Tariff man’ Trump puts Britain in firing line of new global trade war,,europe
2025-04-02 16:21:31,"Musk’s $25M Bid Backfires: ""You Failed, You Couldn't Buy the Vote"" Sparks Global Mockery!",,EducatedInvesting
2023-07-22 13:00:44,Global Leaderboard | Day 2,,place
2023-08-08 20:01:21,Ukrainian official: Russia is sponsor of global neo-Nazism and must be demilitarized,,worldnews
2023-01-09 10:27:10,The 2022 edition of the Global Peace Index,,MapPorn
2023-12-12 18:36:18,"Biden says Netanyahu must change Israel government, losing global support",,worldnews
2023-11-27 14:09:12,"Paris mayor quits X platform, calling it a ‘gigantic global sewer’",,technology
2023-03-19 10:22:48,US deploys Global Hawk for Black Sea recon after Russia downed drone,,worldnews
2022-09-08 02:47:16,"Middle East heating almost twice as fast as global average, report warns",,worldnews
2024-10-28 13:15:30,American freedom of navigation operators are the pillar of the global economy ,,MURICA
2023-03-12 06:12:28,$3 Cheese Slice Date Lady Is Having A Global Meltdown,,facepalm
2024-10-26 19:06:34,The Globalization And Offshoring Of U.S. Jobs Have Hit Americans Hard,,Layoffs
2022-08-20 12:00:25,Global Warming ?,,Funnymemes
2024-04-09 03:35:29,Earth shatters global heat records for the 10th straight month,,worldnews
2023-07-24 13:26:47,Global leaderboard: day 5,,place
2025-01-12 05:13:02,[5th Anniversary] Arknights Global Server Statistics Report 📈 ,,arknights
2024-11-19 13:30:40,China’s emissions have now caused more global warming than EU,,Futurology
2025-03-11 16:09:23,U.S. Added to Global Human Rights Watchlist Over Declining Civil Liberties,,worldnews
2023-10-14 15:39:07,It’s no wonder we have a globally declining birth rate …,"Majority of the population (including myself) can barely even afford a 1 bedroom apartment in this current economy. Having kids on top of that would be nothing short of a death sentence. 

Both COL & house prices have risen EXPONENTIALLY over the last couple of years but wages have remained stagnant. It’s gotten to the point that I’ve learned to just accept the fact that I will most likely never be able to buy a house of my own or even have kids. 

It’s just depressing getting up to go to work every morning knowing that your future is bleak, no matter how hard you work.",antiwork
2023-10-24 21:10:37,Global politics are in good hands,,BrandNewSentence
2025-03-13 17:59:57,"Trump: If Russia Refuses the Deal, It Will Be a Global Disappointment",,ukraine
2024-05-07 22:55:07,"AstraZeneca to withdraw COVID-19 vaccine globally, Telegraph reports",,worldnews
2025-03-06 20:36:31,Y’all Donald Trump is going to crash the global economy twice!,W only did it once. This guy is a legend. ,FluentInFinance
2024-01-17 15:41:55,National Security Advisor Jake Sullivan Declares Houthi Militants as Global Terrorists,,worldnews
2022-11-17 01:43:00,Global inflation update...,,wallstreetbets
2024-12-02 19:10:15,I still can't believe I survived a global pandemic,,GenZ
2025-03-29 15:13:37,Anaxa's global passive has been revealed! Hoyo listened to our concerns about power creep!,,HonkaiStarRail
2024-04-21 19:07:14,‘Dune 2’ Nears $700 Million at Global Box Office,,dune
2024-03-21 11:01:56,"Global population to decline for several years ahead, study finds",,Futurology
2024-09-06 12:27:18,X global affairs head Nick Pickles resigns,,technology
2024-07-19 05:50:41,"Major IT outage affecting banks, media outlets in Australia and globally","“There are reports of IT outages affecting major institutions in Australia and internationally. 

The ABC is experiencing a major network outage, along with several other media outlets.

Crowd-sourced website Downdetector is listing outages for Foxtel, National Australia Bank and Bendigo Bank.”",australia
2024-12-05 17:24:30,We did it! Number one on Global Top Sellers!,,PathOfExile2
2025-04-09 19:15:23,Market manipulation on a global scale and in plain sight,"3 hours and 41 minutes passed between these two messages. 

After purposefully tanking the global economy for the past week, insider traders have just made a fortune based on two tweets from a 34x convicted felon. Their gains were realized only because of the devastating losses to Americans’ (those fortunate enough to even have one) 401ks. 

This is yet just another grift - another front opened in the war being waged on the low/middle class. An enormous transfer of wealth on a global scale. ",StockMarket
2024-02-15 16:08:18,"Iran declares Antarctica its property in direct challenge to Biden, global treaty",,nottheonion
2024-04-06 07:14:28,Global map of Countries having their own Satellite Navigation System.,,MapPorn
2024-04-22 13:30:00,A cool guide to global happiness levels by country in 2024,,coolguides
2023-09-03 13:22:09,Exxon says world set to fail 2°C global warming cap by 2050,,Futurology
2023-10-07 04:37:52,Gotta love global warming,,BikiniBottomTwitter
2025-02-21 00:06:27,People tracking global politics: Why is there a global trend of electing authoritarians who erode democracies? Is democracy in self-destruct mode?,"It feels like voters are using democratic systems to chip away at democracy itself with electing almost antidemocratic leaders. Are we seeing a global shift away from democratic ideals like monarchies faded out centuries ago, or is this just a phase? What’s your take, where do you see it heading?",TrueAskReddit
2025-02-07 14:09:57,How Elon Musk boosted false USAID conspiracy theories to shut down global aid,,fednews
2024-12-31 21:15:41,Blocked Globally on YouTube,,somethingiswrong2024
2024-06-19 00:17:07,New GameStop Global Director Of Treasury Position Posted On LinkedIn,Duties include advisement of investments in line with the new Investment Policy,Superstonk
2023-08-06 16:17:34,‘Barbie’ Surpasses $1 Billion Globally After 17 Days of Release,,entertainment
2025-03-17 00:45:07,What's Trump's endgame with global tariffs? Canadian officials say they have a clearer idea,,Economics
2024-07-19 12:26:15,ELI5: Crowdstrike and Global Windows Outage Megathread,This thread is for general questions about CrowdStrike and how it is affecting the world. Please remember that ELI5 is a place for objective explanations: this is not the appropriate subreddit to speculate about anything beyond what is being objectively reported on.,explainlikeimfive
2023-05-27 11:12:35,Global warming set to break key 1.5C limit for first time,,worldnews
2022-10-14 08:19:03,[OC] The global stockpile of nuclear weapons,,dataisbeautiful
2022-03-16 12:25:14,Global Circumcisions by Country,,coolguides
2022-05-06 15:56:00,The global submarine fiber optic cable network,,educationalgifs
2022-07-25 10:42:14,[OC] Latest Global Leader Approval Ratings | July 2022,,dataisbeautiful
2024-12-04 00:52:31,"Alegria's nicer, more ancient cousin, Global Village Coffeehouse",,fuckalegriaart
2022-03-14 20:10:50,NASA visualization showing monthly global temperature anomalies between the years 1880-2021.,,interestingasfuck
2025-03-22 19:56:36,Global Tournament Bans: full poll results,,ClashRoyale
2023-05-05 13:25:49,WHO declares end to Covid global public health emergency,,news
2025-03-18 18:09:02,Doug Ford says U.S. plans to introduce ‘global tariff’ on April 2,"Be prepared, this hasn't hit CNBC yet today....",WallStreetbetsELITE
2025-03-18 12:51:02,Global investors flee the US and return to UK stocks,,unitedkingdom
2021-07-02 18:12:51,Protesters in Cologne (Germany) raising awareness about global warming. They're standing on ice.,,pics
2024-10-12 12:54:51,Globalization ,,shitposting
2024-04-10 14:01:04,Biden blames Trump for Arizona's 'extreme and dangerous' abortion ban - Global pulse News,,AnythingGoesNews
2025-01-11 20:44:06,The relationship recession is going global,,Economics
2023-12-24 04:29:21,Reduce global warming but the earth is increasingly polluted,,facepalm
2025-02-05 19:35:49,The Freezing of USAID is an Abject Disaster for the Global Coffee Sector,"https://dailycoffeenews.com/2025/02/05/the-freezing-of-usaid-is-an-abject-disaster-for-the-global-coffee-sector/ 
",Coffee
2024-10-01 00:24:21,"Israel says 'next phase' beginning in Lebanon, amid global pleas against a ground op",,worldnews
2023-04-29 15:40:59,‘The Super Mario Bros. Movie’ Crossing $1 Billion at Global Box Office,,gaming
2024-03-23 13:14:27,Global distribution of penguins 🐧. ,,MapPorn
2023-01-23 10:30:38,Equal Wealth Distribution Globally and Locally,,MapPorn
2024-03-26 06:35:56,Global Staff Shortages Balloon in Just Six Years,,europe
2025-04-02 08:58:41,Trump to escalate global trade tensions with 'Liberation Day' tariffs on trading partners,,worldnews
2021-09-03 21:12:37,Scotland Joins The Growing Global Movement Towards A Four-Day Workweek,,worldnews
2024-02-02 02:37:49,Make this be a global inventory across all your bases,,Palworld
2024-09-03 21:59:29,This question on my global relations quiz,,mildlyinfuriating
2024-09-08 23:46:42,Global hunt for man over brutal hot coffee attack on baby,,australia
2024-06-01 10:01:51,Ticketmaster confirms data hack which could affect 560m globally,,news
2021-11-11 08:28:05,Global Corruption Index 2021,,europe
2024-10-20 22:29:10,Rouge Twitch dev implicates Amazon in global jihad,,LivestreamFail
2025-03-19 15:47:40,Why do so many men globally abandon their kids?,"I see this is a global thing, and I am surrounded by cases in my own family. Not even just one, but to a point in which a father who *doesn't* abandon their kids is the exception here. I feel this is an epidemic, since I see it *everywhere*, not just in my country.

Are there official studies published about this, about why men abandon their own children?",AskFeminists
2025-03-29 09:41:35,Scottish Tesla showrooms to be targeted in global day of action,,Scotland
2024-01-10 03:47:33,"Wait, now global population decline is a bad thing?","Growing up I kept hearing there would be too many people by 2070 and the environment would be destroyed.

Now I keep hearing about the declining birth rates and how terrible it is.

Isn't a shrinking population exactly what the earth needs?",NoStupidQuestions
2021-04-08 08:46:01,Retail work in a global pandemic is on another level [oc],,funny
2023-08-27 13:10:32,Zelenskyy announces ''rich September'': Ukraine will be heard by Global South,,worldnews
2025-03-23 13:37:22,You will receive 1 trillion dollars to trigger a global animal extinction.,"You can choose any animal on the planet , any animal , any aquatic species , any land living species of any kind. Please bear in mind the ecological ramifications that could have a major impact on our earth's ecosystem in general and in years to come. So , what animal would you sacrifice ?",hypotheticalsituation
2023-04-23 12:50:50,Global warming got the earth spitting fire,,MadeMeSmile
2024-10-27 05:41:21,Global Corruption Index 2023 (Source in the comments),,europe
2024-11-02 02:15:43,Why Didn't Brazil Become a Global Superpower Despite Its Size and Resources?,"Brazil is one of the largest countries in the world, both in terms of land area and population. With over two hundred million people, vast natural resources, a strategic location in South America and massive area (It is bigger that the continental US ), it seems like Brazil has the potential to be a major global superpower. Yet, unlike the United States or other major economies, Brazil has never quite reached that level of global influence.

I'm not very familiar with Brazil’s history, but I wonder why the country didn’t rise to become the dominant power globally. Given its size, resources, and population, what factors have held Brazil back from becoming a ""South American USA""?",NoStupidQuestions
2021-11-02 18:36:02,"‘Very few’ believe U.S. democracy sets a good example, global survey finds",,worldnews
2022-07-18 10:33:16,How to survive the global heatwave,,GreenAndPleasant
2025-01-06 22:45:11,Global warming is gonna kill the sport.,When I was a teenager the lakes would all be frozen and the groomer would be out by November. January we would regularly see -30°c before calculating wind. It was 0°c today. I regret buying this machine. It will definitely be my last unfortunately as it seems to just keep getting worse. ,snowmobiling
2022-07-13 06:20:39,Visualizing the $100 Trillion Global Economy in One Chart,,dataisbeautiful
2025-04-07 12:12:05,Trump Calls Tariff Madness a 'Beautiful Thing to Behold' as Global Markets Crater,,politics
2023-01-14 19:58:46,Largest global bird flu outbreak ‘in history’ shows no sign of slowing,,news
2024-12-17 16:46:44,My MSCHF Global Supply Chain Telephone Bag has Arrived! ,It’s a stunner! I love the rust color and it can hold a good amount on the inside. ,handbags
2024-06-07 15:58:06,Tfw a global war has multiple fronts,,HistoryMemes
2021-06-26 08:16:02,Researchers Say Islamic World 'Actively Collaborating' With China's Global Campaign Against Uyghurs,,worldnews
2025-03-14 21:49:06,HLE snatches #1 spot from T1 in the official LoL Esports Global Power Rankings.,,leagueoflegends
2022-08-19 19:37:04,Global High Temperature Spiral from 1880 to 2021,,Damnthatsinteresting
2021-07-10 16:56:57,[OC] Global Annual Gaming Console Sales 2002 to January 2021,,dataisbeautiful
2025-03-28 12:43:07,"Imo, the only characters that should get global passives are the MCs","They upgrade the stats of your box for every form you've unlocked, something like  
\-5%atk and hp for the destruction  
\-10% def for the preservation  
\-10% BE for the harmony  
\-10% CD and 3% CR  for the Rememberance

equivalent of a substats per forms of the TB and everyone will have access to them equally without it being gamebreaking",HonkaiStarRail
2022-10-13 00:37:46,Global wildlife populations have sunk 69% since 1970 - WWF report,,worldnews
2022-02-22 01:44:05,"75% of people want single-use plastics banned, global survey finds",,environment
2023-05-28 11:36:17,ELI5: How did global carbon dioxide emissions decline only by 6.4% in 2020 despite major global lockdowns and travel restrictions? What would have to happen for them to drop by say 50%?,Source for the 6.4% number: https://www.nature.com/articles/d41586-021-00090-3,explainlikeimfive
2021-05-10 16:40:33,WHO classifies triple-mutant Covid variant from India as global health risk,,news
2025-04-01 11:43:20,Global Launch Announcement Reveal!,"IN APRIL, SO MUCH SOONER THAN WE THOUGHT??!!",Endfield
2023-04-24 09:24:36,Chlorine Dioxide,"Anyone ever experiment with Chlorine Dioxide, MMS, or CDS?

Just ordered some premix and all the testimonials online (not mainstream opinions) seem too good to be true.

UPDATE several months later: I’m a believer, this stuff is magic. Have cured the common cold and Lyme, it will be the first thing I do next time I get covid. Can’t recommend it enough. Shocker, google and the FDA were wrong.",Biohackers
2021-04-28 15:11:59,"What is Chlorine dioxide solution, and is it safe for consumption.","My father bought a very dodgy bottle of Chlorine Dioxide Solution branded vitalundfitmit100, which is some german vitamin brand I guess.
We don't live in Germany and we don't know German, but the bottle is entirely in German.
He bought it from a colleague as a post-covid vitamin supplement. 

[I found it online, here.](https://www.vitalundfitmit100.de/CDS/CDL-Sparpaket-small-3-Flaschen-a-100ml-kaufen-4-Flaschen-erhalten)

All I can read online is that chlorine dioxide is a bleach-like cleaning chemical and should never be ingested. Can someone more knowledgeable tell me how is it allowed for a website to sell something as vitamin supplement or whatever that is toxic to ingest. Is it safe to consume? Does it even do anything or is it just taking advantage of people who don't know better?",NoStupidQuestions
2024-08-03 18:18:19,How dangerous is drinking chlorine dioxide?,Person in my household has started drinking significant amounts of chlorine dioxide. I have already talked to them but they are nonchalant about it. How dangerous is it?,TooAfraidToAsk
2025-02-24 19:23:38,Anybody heard of chlorine dioxide?,"Came across this.
https://esmed.org/MRA/mra/article/download/3279/193546488/",Lyme
2023-12-11 21:27:16,Anybody try chlorine dioxide for Lyme or mold illness?,"No haters please, just anybody who has experience using this and the results thanks!",Lyme
2025-03-10 14:23:04,Chlorine dioxide experiences,"So, I feel like I have tried most recommended things. Still have daily chest pain and seem to be getting sick way more often than I did before the Pfizer death shot. I’ve heard that chlorine dioxide could potentially be a cure. Does anyone have experience trying it? I tried it briefly for 2 weeks and seemed to feel fine maybe a bit improved while on it. Any info?",vaccinelonghauler
2023-10-09 21:39:00,Do you know someone poisoned by the chlorine dioxide bleach scam?,"https://reddit.com/r/news/s/0v0niCZF7c

Over the last year I have been helping my mother recover from taking chlorine dioxide. 

A family member gave my 80 year old mom the chlorine dioxide while she had RSV. My mom trusted this individual. 

I’m curious if anyone else has gone through assisting someone recovering or recovering themselves and what that looked like. 

My mom was probably taking this for about two weeks and taking it hourly. 

She became very lethargic is now in diapers full time and her dementia seems to have progressed. Only over the last 30 days has she become more consciously present. 

I’m concerned that the individual (a family member) who gave my mom the chlorine dioxide is also giving it to others. Perhaps even minors. What would be steps I could take to protect others? 

I have kept the bottles sent to my mother and have copied text and emails of insurance given to my mom. Are there further steps to take?

Stay safe everyone and thanks for any input.",QAnonCasualties
2021-09-19 19:32:50,My mom thought that using Chlorine Dioxide would cure and prevent the virus.,"So a bit of backstory: my family is made by 5 persons: my dad, my mom, my 2 brothers and I.
My mom, middle brother, believe anything that is online, especially Facebook and some family Group chats. In one of them they said that the Chlorine Dioxide could cure Covid.

Now after i researched it turns out that WHO said that it doesnt help and it can harm the patient in some cases.

Now onto the story.

About august last year my family started using Chlorine Dioxide, and they thought they were inmune to the virus after that (so they wore masks less often and sometimes didnt even use them).
I told them that they should use the masks and stop using Chlorine Dioxide.
They told me that the WHO was lying and they only said that about the substance because they would lose money on medicines (I know a really dumb thing to say).
And they kept using it until about last year.

But this story has a bittersweet ending.

In september i got sick with the virus, got better then after that all my other family got sick.
And thankfully they realized that Chlorine Dioxide did not work and they stopped using it.",entitledparents
2023-05-08 15:48:45,Chlorine dioxide,"Hi... Yall tried this one? My doctor prescribed it ...but a bit doubtfull. My lyme is IgM but not IgG. Or something. I havnt tried anything yet... Been sick for over a year 

Thnkx",Lyme
2022-08-23 18:00:39,[Misc] Whats up with Titanium Dioxide? I see it in a lot of skincare products but it seems like the ingredient is pretty controversial.,"I've always been pretty aware of what I put on my face, but of course theres always more and more coming out about certain ingredients. I'm no scientist but if some are saying beware of something, it definitely piques my interest. Now that I'm aware of even the words Titanium Dioxide, I'm noticing it in everything. I don't have people in my life to discuss this with, so I thought I'd ask what you guys think.

Also - Does anyone else get ingredient fatigue? Whether its food, makeup, skincare, feminine care products it seems theres always some god awful ingredient in them and its just like... at what point do we just stop caring? It seems like you cant escape it.",SkincareAddiction
2025-04-09 12:18:33,"In 1986, a lake in Cameroon released a cloud of carbon dioxide that killed 1,700 people and 3,500 animals within minutes. There were no flies on the dead, for the flies were dead too.","It looked like everyone just dropped where they stood. No sound, no struggle. **[Full story here](https://thartribune.com/the-lake-that-breathed-death-the-1986-disaster-at-lake-nyos/).**",creepy
2024-06-07 11:06:24,"Carbon dioxide levels in the atmosphere are surging ""faster than ever"" to beyond anything humans ever experienced, officials say",,worldnews
2024-11-05 13:48:31,"A small reduction in meat production (13%), borne by wealthier nations, could remove 125 billion tons of carbon dioxide—exceeding the total number of global fossil fuel emissions over the past 3 years—from the atmosphere",,science
2024-05-18 18:31:06,"Quick thinking, Using a Cola’s compressed Carbon Dioxide, CO2, to put out a fire",,Damnthatsinteresting
2024-06-10 00:48:33,Bill Gates-backed startup creates Lego-like brick that can store air pollution for centuries: 'A milestone for affordably removing carbon dioxide from the air',"The article claims that 1 ton of carbon can be removed for as little as $100, which is a significant reduction from the $600 where it currently is at. 

I know carbon capture is not popular and many are sus on it because it might be just a way for us to keep polluting and not reduce emissions, but at what point can this technology get to us a place where it would make sense to do all over the world at scale? ",UpliftingNews
2025-04-08 12:11:37,"In 1986, a lake in Cameroon released a cloud of carbon dioxide that killed 1,700 people and 3,500 animals within minutes. “There were no flies on the dead.” The flies were dead too.","It looked like everyone just dropped where they stood. No sound, no struggle. **[Full story here](https://thartribune.com/the-lake-that-breathed-death-the-1986-disaster-at-lake-nyos/).**",HolyShitHistory
2024-12-17 09:03:13,"Costa Rica’s Cave of Death (Cueva de la Muerte) is a pool of carbon dioxide on the floor, which is remarkably stable, and nearly 100% CO₂: fatal to every animal that enters the cave. See how a flame can't burn. ",,interestingasfuck
2025-02-13 17:18:24,"Researchers have developed a reactor that pulls carbon dioxide directly from the air and converts it into sustainable fuel, using sunlight as the power source",,science
2025-01-08 02:28:08,Carbon Dioxide Can’t Be Labeled A “Pollutant” Under Proposed Wyoming Legislation,,nottheonion
2024-05-19 14:49:55,"A groundbreaking video reveals plants ""breathing” in real-time, showcasing how they use stomata to regulate carbon dioxide intake",,Damnthatsinteresting
2024-10-06 09:53:35,"Liquefied natural gas leaves a greenhouse gas footprint that is 33% worse than coal, when processing and shipping are taken into account. Methane is more than 80 times more harmful to the atmosphere than carbon dioxide, so even small emissions can have a large climate impact",,science
2022-06-05 20:13:22,Scientists urge the world to wake up as yet another dire climate record is broken carbon dioxide measured at NOAA 421 parts per million in May.,,worldnews
2025-01-10 00:32:02,'Make Carbon Dioxide Great Again' law would ban carbon reduction efforts in Wyoming,,nottheonion
2025-03-22 11:42:35,"Carbon Dioxide Levels Highest in 800,000 Years",,technology
2022-06-04 16:33:56,NOAA reports carbon dioxide reaches levels not seen in millions of years (It is very serious),,environment
2023-12-13 05:41:06,"The baking pan I got as a present has Lead, Cadmium, and Titanium Dioxide in it.",,mildlyinteresting
2023-03-21 01:50:53,Carbon dioxide (per capita) emission - World Map,,MapPorn
2022-01-27 20:40:27,"Engineers have built a cost-effective artificial leaf that can capture carbon dioxide at rates 100 times better than current systems. It captures carbon dioxide from sources, like air and flue gas produced by coal-fired power plants, and releases it for use as fuel and other materials.",,science
2023-05-28 11:36:17,ELI5: How did global carbon dioxide emissions decline only by 6.4% in 2020 despite major global lockdowns and travel restrictions? What would have to happen for them to drop by say 50%?,Source for the 6.4% number: https://www.nature.com/articles/d41586-021-00090-3,explainlikeimfive
2022-08-22 13:44:38,"“The challenge with our CO₂ emissions is that even if we get to zero, the world doesn’t cool back down."" Two companies are on a mission in Iceland to find a technological solution to the elusive problem of capturing and storing carbon dioxide",,Futurology
2021-08-19 19:40:51,"The powerful greenhouse gases tetrafluoromethane & hexafluoroethane have been building up in the atmosphere from unknown sources. Now, modelling suggests that China’s aluminium industry is a major culprit. The gases are thousands of times more effective than carbon dioxide at warming the atmosphere.",,science
2022-12-26 20:24:07,"Brown algae could remove up to 0.55 gigatons of carbon dioxide from the atmosphere every year, study finds",,science
2025-01-24 20:38:41,"Catastrophic tipping point in Greenland reached as crystal blue lakes turn brown, belch out carbon dioxide",,climate
2023-01-20 17:28:38,A lit flame or flare is used in the drilling and oil field business to burn off dangerous Hydrogen Sulfide (H2S) in a process known as Flaring. Sulfur dioxide is the product of combusting H2S,,interestingasfuck
2020-08-26 13:04:44,[OC] Two thousand years of global atmospheric carbon dioxide in twenty seconds,,dataisbeautiful
2025-02-26 10:25:44,"Plants losing appetite for carbon dioxide amid effects of warming climate - Earth’s plants and soils reached peak carbon dioxide sequestration in 2008 but proportion absorbed has been declining since, study finds. Passing this tipping point increases the chances of runaway climate breakdown.",,science
2022-08-26 14:14:25,Climate change deniers love carbon dioxide,,facepalm
2023-09-25 16:48:44,"Up to 92% of Earth could be uninhabitable to mammals in 250 million years, researchers predict. The planet’s landmasses are expected to form a supercontinent, driving volcanism and increases carbon dioxide levels that will leave most of its land barren.",,science
2022-08-25 14:20:21,NASA’s Webb Detects Carbon Dioxide in Exoplanet Atmosphere,,space
2021-06-07 18:03:22,Carbon Dioxide Levels Hit 50% Higher Than Preindustrial Time,,worldnews
2020-12-25 20:36:18,TIL a field of seagrass converts carbon dioxide to oxygen at over 8x the rate of a forest the same size.,,todayilearned
2020-08-24 15:08:52,"Researchers have developed a standalone device that converts sunlight, carbon dioxide, and water into a carbon-neutral fuel, without requiring any additional components or electricity.",,science
2020-08-06 10:11:29,"Turning carbon dioxide into liquid fuel. Scientists have discovered a new electrocatalyst that converts carbon dioxide (CO2) and water into ethanol with very high energy efficiency, high selectivity for the desired final product and low cost.",,science
2022-08-28 10:21:50,Analysis challenges U.S. Postal Service electric vehicle environmental study. An all-electric fleet would reduce lifetime greenhouse gas emissions by 14.7 to 21.4 million metric tons of carbon dioxide equivalents when compared to the ICEV scenario. The USPS estimate was 10.3 million metric tons.,,science
2024-06-30 12:27:27,TIL astronauts on board the ISS need to sleep near a ventilator fan. Warm air does not rise in space so astronauts in badly-ventilated sections end up surrounded by a bubble of carbon dioxide.,,todayilearned
2019-05-14 20:25:44,"Exxon predicted in 1982 exactly how high global carbon emissions would be today | The company expected that, by 2020, carbon dioxide in the atmosphere would reach roughly 400-420 ppm. This month’s measurement of 415 ppm is right within the expected curve Exxon projected",,worldnews
2021-04-08 12:39:46,Carbon dioxide levels are higher than they've been at any point in the last 3.6 million years,,science
2020-10-05 15:22:47,Exxon’s Plan for Surging Carbon Emissions Revealed in Leaked Documents - Exxon has been planning to increase annual carbon-dioxide emissions by as much as the output of the entire nation of Greece,,worldnews
2021-05-03 10:54:58,"Greenhouse gases are slowly shrinking the middle atmosphere - Rising concentrations of carbon dioxide and other greenhouse gases are cooling and shrinking the stratosphere and mesosphere, a phenomenon observed for the first time in a new analysis of satellite data.",,science
2024-06-29 15:06:56,Canada’s 2023 wildfires created four times more emissions than planes did last year or  pumped more heat-trapping carbon dioxide into the air than India did by burning fossil fuels,,science
2020-09-23 09:15:37,President Xi Jinping said China would achieve a peak in carbon dioxide emissions before 2030 and carbon neutrality before 2060. It is the first time the world's biggest emitter of carbon dioxide has pledged to end its net contribution to climate change,,Futurology
2020-08-13 12:54:45,Global Warming Could Unlock Carbon From Tropical Soil - Warming soils in the tropics could cause microbes to release carbon dioxide from storage. One scientist called the finding “another example of why we need to worry more.”,,science
2020-06-27 10:22:28,"Stiffening 10% of the nation's roads every year could prevent 440 megatons of carbon dioxide equivalent emissions over the next five decades. That amount equals how much CO2 you'd spare the planet by keeping a billion barrels of oil in the ground. Or by growing seven billion trees, for a decade.",,science
2024-03-03 22:55:34,Supermarket shelves depleted of soda water and soft drink amid low supply of carbon dioxide,,nottheonion
2019-05-30 11:40:27,"Scientists developed a new electrochemical path to transform carbon dioxide (CO2) into valuable products such as jet fuel or plastics, from carbon that is already in the atmosphere, rather than from fossil fuels, a unique system that achieves 100% carbon utilization with no carbon is wasted.",,science
2023-06-21 17:41:51,"Researchers have demonstrated how carbon dioxide can be captured from industrial processes – or even directly from the air – and transformed into clean, sustainable fuels using just the energy from the sun",,science
2019-02-24 21:48:30,"Carbon Emissions Are Now 10x Higher Than When The Arctic Had Crocodiles And Palm Trees | New research has found that humans are pumping nearly 10x more carbon dioxide into the atmosphere than what was emitted during Earth's last major warming event, called the Palaeocene-Eocene Thermal Maximum",,worldnews
2023-02-13 07:18:27,"TIL That a carbon dioxide bubble in Lake Nyos killed 1,800 people, including livestock and flies. ‘“There were no flies on the dead”; the flies were dead too.’",,todayilearned
2020-04-14 05:50:06,Hospital Visits Declined After Sulfur Dioxide Reductions from Louisville-Area Coal Plants. A new study found a 55 percent reduction in lung-irritating pollutants and 400 fewer hospital admissions after one coal plant closed and others added scrubbers.,,science
2019-11-06 08:08:23,"China meets ultra-low emissions in advance of the 2020 goal. China's annual power plant emissions of sulphur dioxide, nitrogen oxide and particulate matter dropped by 65%, 60% and 72% from 2.21, 3.11 and 0.52 million tons in 2014 to 0.77, 1.26 and 0.14 million tons in 2017, respectively.",,science
2022-06-04 00:22:51,"Concentrations of carbon dioxide in the atmosphere in May were 50 percent higher than during the pre-industrial era, reaching levels not seen on Earth for about four million years, the main US climate agency said on Friday",,environment
2018-06-07 16:45:14,Sucking carbon dioxide from air is cheaper than scientists thought. Estimated cost of geoengineering technology to fight climate change has plunged since a 2011 analysis,,science
2024-05-07 04:06:02,"ELI5: If air is made up of 78% Nitrogen, our blood uses Oxygen and we exhale Carbon dioxide, what happens to nitrogen?",,explainlikeimfive
2022-07-22 05:22:42,"International researchers have found a way to produce jet fuel using water, carbon dioxide (CO2), and sunlight. The team developed a solar tower that uses solar energy to produce a synthetic alternative to fossil-derived fuels like kerosene and diesel.",,science
2017-03-09 14:28:37,EPA chief Scott Pruitt says carbon dioxide is not a primary contributor to global warming,,news
2021-07-06 11:42:05,"[OC] Carbon dioxide levels over the last 300,000 years",,dataisbeautiful
2017-01-27 12:19:17,"Donald Trump's Great Wall on Mexican border will damage environment in 'insane act of self-sabotage' - Making the cement needed for a 1,000-mile concrete wall would emit nearly two million tons of carbon dioxide and cut off endangered animals from part of their territory",,worldnews
2022-03-28 11:01:46,"Robotised insects may search collapsed buildings for survivors | They can detect movement, body warmth and exhaled carbon dioxide",,gadgets
2024-05-14 12:50:40,"Atmospheric Carbon Dioxide Is Increasing 10 Times Faster Than at Any Point in the Last 50,000 Years | The findings, provide important new understanding of abrupt climate change periods in Earth’s past and offer new insight into the potential impacts of climate change today.",,science
2022-05-14 01:34:40,The monthly average carbon dioxide (CO2) level in Earth's atmosphere exceeds 420 parts per million (ppm) for the first time in recorded history.,,environment
2024-12-12 15:38:58,"""Carbon dioxide tube to confident"" found in old swedish house. Contains clear liquid. Could this be something used for carbonating drinks used back in the days?",,whatisthisthing
2020-12-26 12:22:46,"Scientists have come up with an experimental process that might be able to turn carbon dioxide—a greenhouse gas emitted by all gas-burning engines—into jet fuel. If successful, the process, which uses an iron-based chemical reaction, could result in “net zero” emissions from airplanes.",,science
2023-06-07 06:00:49,"Carbon dioxide levels hit new record, now more than 50% higher than pre-industrial times",,worldnews
2019-11-04 16:57:25,Scientists have created an “artificial leaf” to fight climate change by inexpensively converting harmful carbon dioxide (CO2) into a useful alternative fuel. The new technology was inspired by the way plants use energy from sunlight to turn carbon dioxide into food.,,science
2018-12-30 21:34:57,Sucking carbon dioxide from air is cheaper than scientists thought,,technology
2024-08-02 15:39:42,"Nasa posted this model showing carbon dioxide emissions moving through earths atmosphere. The video was created by Supercomputers, using insane amounts of Data from satellites.",,StrangeEarth
2018-11-25 10:07:46,"Scientists have developed catalysts that can convert carbon dioxide – the main cause of global warming – into plastics, fabrics, resins and other products. The discovery, based on the chemistry of artificial photosynthesis, is detailed in the journal Energy & Environmental Science.",,science
2019-10-25 04:36:00,MIT engineers develop a new way to remove carbon dioxide from air.,,Futurology
2020-06-14 12:05:00,Chemical engineers from UNSW Sydney have developed new technology that helps convert harmful carbon dioxide emissions into chemical building blocks to make useful industrial products like fuel and plastics.,,science
2024-10-19 19:27:37,"Exploring uncharted caves can be extremely dangerous due to the potential presence of toxic gases like carbon dioxide and carbon monoxide. Without proper equipment, these invisible and odorless hazards pose serious risks of asphyxiation and poisoning.",,interestingasfuck
2020-01-22 19:27:27,Smoke From a Flare Exposes Deadly Pocket of Carbon Dioxide,,WTF
2018-09-17 21:58:37,"Paris global warming targets could be exceeded sooner than expected because of melting permafrost, study finds. Planet on brink of 'tipping point' as thawing soil and sediment releases large volumes of carbon dioxide and methane into atmosphere",,science
2024-11-23 16:19:48,"On this day in November 1966, stagnant air trapped toxic smog over New York City for three days, killing 168 people. High levels of carbon monoxide and sulphur dioxide caused stinging eyes, coughing, and respiratory distress. Relief came on Nov. 26 when a cold front dispersed the smog.",,UtterlyUniquePhotos
2020-11-25 20:19:29,"[eli5] Humans and most animals breathe in O2(dioxide) and breathe out CO2(carbon dioxide) , where does the carbon come from?",,explainlikeimfive
2020-07-06 07:41:01,"If one in five Kiwis opt to work from home once a week, we’d prevent 84,000 tonnes of carbon dioxide entering the atmosphere. That’s equivalent to taking 35,000 cars off the road. If 20 per cent cut their journeys from five to four days a week, they’d save 34.6m litres of petrol",,Futurology
2018-01-14 12:20:51,"Water-saving measures in California have translated into 1,830 GWh total electricity savings, and a greenhouse gas (GHG) emissions reduction of 521,000 metric tonnes of carbon dioxide equivalents (MT CO2e), which is equivalent to taking about 111,000 cars off the road for a year.",,science
2018-08-30 20:23:00,A small Swiss company is developing technology to suck carbon dioxide out of the air — and it just won $31 million in new investment. The company uses high-tech filters and fans to extract carbon dioxide from the atmosphere at a cost of about $600 a ton.,,Futurology
2019-05-05 10:09:43,"A Dublin-based company plans to erect ""mechanical trees"" in the United States that will suck carbon dioxide (CO2) from the air, in what may be prove to be biggest effort to remove the gas blamed for climate change from the atmosphere.",,Futurology
2015-12-22 16:57:14,a truck spilled its load of carbon dioxid in my hometown,,pics
2018-11-03 06:55:42,"US Supreme Court allows historic kids' climate lawsuit to go forward. The lawsuit want a plan that will ensure the level of carbon dioxide in the atmosphere falls below 350 parts per million by 2100, down from an average of 405 parts per million in 2017.",,Futurology
2019-03-14 18:41:44,"A new study claims Earth’s last three major ice ages were caused by tectonic plate collisions that brought fresh, carbon-hungry rock to the surface. Over millions of years, these new rocks sucked up enough carbon dioxide from the atmosphere to cause temperatures to plummet.",,science
2017-03-19 02:31:33,"Scientists Call Out Pruitt's False View of Climate Change: ""Just as there is no escaping gravity when one steps off a cliff, there is no escaping the warming that follows when we add extra carbon dioxide and other greenhouse gases to the atmosphere,"" the scientists wrote",,worldnews
2025-01-09 17:16:30,'Make Carbon Dioxide Great Again' law would ban carbon reduction efforts in Wyoming,,energy
2022-08-19 17:56:28,"Seawater-derived cement could decarbonise the concrete industry. Magnesium ions are abundant in seawater, and researchers have found a way to convert these into a magnesium-based cement that soaks up carbon dioxide. The cement industry is currently one of the world’s biggest CO2 emitters.",,science
2017-04-23 06:19:17,"CO2 concentration has crossed 410 ppm, just 2 years after it hit 400 ppm.Carbon dioxide hasn’t reached this height in millions of years.",,worldnews
2017-12-24 04:15:35,"A discovery that microbes in Antarctica can scavenge hydrogen, carbon monoxide and carbon dioxide from the air to stay alive in such extreme conditions has implications for the search for life on other planets.",,science
2021-09-17 20:01:20,Doctor who said masks cause carbon dioxide poisoning has license revoked,,byebyejob
2021-07-22 10:32:41,A bottle of hydrogen dioxide,,memes
2019-07-16 11:55:30,"Humans May Be Accidentally Geoengineering the Oceans - Iron particles released by industrial activities are falling into the seas in greater quantities than previously thought. Known as “iron fertilization,” it could promote the growth of phytoplankton, which naturally suck up carbon dioxide.",,Futurology
2019-07-26 21:56:51,"Solar energy can become biofuel without solar cells, reports scientists, who have successfully produced microorganisms that can efficiently produce the alcohol butanol using carbon dioxide and solar energy, without needing to use solar cells, to replace fossil fuels with a carbon-neutral product.",,science
2022-08-24 10:26:53,The world’s largest solar park will produce 5 GW energy by 2030 | It was designed to reduce carbon dioxide emissions by over 6.5 million tons each year.,,Futurology
2019-05-16 14:27:49,Carbon Dioxide Emissions by country. [OC],,dataisbeautiful
2021-05-17 22:36:47,"TIL that glassblowers in Alexandria, Egypt were the first to produce clear glass around 100 AD through the introduction of manganese dioxide into the glass making process. Thereafter, the Romans began to use clear glass for architectural purposes.",,todayilearned
2019-09-18 11:23:54,"Algae bioreactor can remove as much carbon dioxide as an acre of trees - “With enough Eos devices, we could make whole cities carbon-neutral or even negative, and at a rate that is so much faster than that of trees.”",,Futurology
2024-11-23 12:00:08,"This New, Yellow Powder Quickly Pulls Carbon Dioxide From the Air. Scientists say just 200 grams of the porous material, known as a covalent organic framework, is called COF-999, could capture 44 pounds of the greenhouse gas per year—the same as a large tree",,tech
2020-05-12 05:20:46,"COVID-19 lockdowns significantly impacting global air quality. Nitrogen dioxide pollution over northern China, Western Europe and the U.S. decreased by as much as 60 percent in early 2020 as compared to the same time last year.",,science
2020-07-13 14:39:28,"By 2025, carbon dioxide levels in Earth's atmosphere will be higher than at any time in the last 3.3 million years",,Futurology
2022-08-29 01:09:15,James Webb Space Telescope detects carbon dioxide in a distant planet's atmosphere | Engadget,,technews
2025-01-03 11:13:22,China has reduced sulphur dioxide emissions by more than two-thirds in the last 15 years,,UpliftingNews
2020-03-31 17:52:07,UC Berkeley chemists have created a hybrid system of bacteria and nanowires that captures energy from sunlight and transfers it to the bacteria to turn carbon dioxide and water into organic molecules and oxygen.,,science
2024-06-04 23:05:27,It’s getting cheaper to filter carbon dioxide out of the air,,UpliftingNews
2022-02-04 04:48:56,Researchers report game-changing technology to remove 99% of carbon dioxide from air,,Futurology
2025-03-27 21:29:30,"Forget carbon-neutral, Chicago‘s Northwestern University Engineering develops carbon-negative concrete, Using a combination of seawater, electricity, and carbon dioxide -- The new material acts like concrete, but actively captures CO2 that’s already in the air and locks it away. Permanently",,OptimistsUnite
2018-01-15 00:23:46,Carbon Dioxide Concentration By Decade [OC],,dataisbeautiful
2018-08-21 11:55:22,[OC]Nitrogen dioxide levels mapped in London. Where should you avoid? Anywhere in the City![OC],,dataisbeautiful
2018-05-04 19:17:39,"Earth's carbon dioxide levels continue to soar, at highest point in 800,000 years",,worldnews
2019-06-24 11:35:06,Scientists from round the world are meeting in Germany to improve ways of making money from carbon dioxide. They want to transform some of the CO2 that’s overheating the planet into products to benefit humanity.,,Futurology
2019-06-10 23:32:14,"Hydrogen has a dirty secret – let's not think it's always a green fuel. The cheaper and more prevalent method to produce hydrogen is to extract it from natural gas or coal, which emits carbon dioxide and locks us into further exploitation of fossil fuels.",,Futurology
2020-08-05 21:02:31,Swiss scientists develop a new stronger form of concrete that produces much less carbon dioxide as a byproduct of production,,Futurology
2021-10-26 13:43:14,Who emits the most carbon dioxide?,,europe
2017-08-09 12:51:28,200 liters of fuel made from from solar power and the air's carbon dioxide,,UpliftingNews
2015-09-29 14:31:01,Elon Musk Says Climate Change Refugees Will Dwarf Current Crisis. Tesla's CEO says the Volkswagen scandal is minor compared with carbon dioxide emissions.,,worldnews
2019-10-13 19:29:20,"Researchers have developed a new material that can selectively capture carbon dioxide molecules, and efficiently convert them into useful organic products -- an advance that may help develop new ways to contain global greenhouse gas emissions.",,science
2022-05-03 18:49:49,"Tasmania now removing more carbon dioxide from the atmosphere than it's emitting, researchers say",,UpliftingNews
2020-02-08 17:53:00,"~ a layer of living algae on the fabric of garments that absorb carbon dioxide and emit oxygen, turning the carbon into sugar. One large T-shirt – nearly a square metre of material – generates about as much oxygen as a six-year-old oak tree ~",,Futurology
2020-11-17 19:04:43,"TIL that a newborn is triggered into its first breathe by contractions that reducing oxygen flow through the umbilical, which increases carbon dioxide. The increase of carbon dioxide causes acidosis which triggers the respiratory center of the brain, causing the baby to start using it's lungs.",,todayilearned
2015-12-16 05:12:13,TIL Astronauts have to sleep near a ventilator fan or they risk suffocating in a bubble of their own exhaled carbon dioxide,,todayilearned
2019-05-15 21:18:21,It was 84 degrees near the Arctic Ocean this weekend as carbon dioxide hit its highest level in human history,,worldnews
2023-12-20 22:22:35,A New 66 Million-Year History of Carbon Dioxide Offers Little Comfort for Today - the last time atmospheric carbon dioxide consistently reached today’s human-driven levels was 14 million years ago.,,science
2023-12-30 12:38:07,"Costa Rica's Cave of Death is a stable pool of nearly 100% fatal carbon dioxide, posing a threat to any animal that enters.",,ThatsInsane
2018-06-30 08:55:27,[OC] 3D animation of China’s nitrogen dioxide pollution levels since 2005,,dataisbeautiful
2024-11-03 12:06:40,Alberta's ruling party votes to dump emissions reduction plans and embrace carbon dioxide,,canada
2024-09-14 14:26:31,Generative AI is reportedly tripling carbon dioxide emissions from data centers,,technology
2015-04-26 19:30:44,"TIL astronauts must have good airflow around them when they sleep, otherwise, they could wake up oxygen-deprived and gasping for air because a bubble of their own exhaled carbon dioxide had formed around their heads.",,todayilearned
2021-03-08 00:03:40,Gates backs Icelandic startup that turns carbon dioxide into stone,,Futurology
2020-12-05 09:07:18,"Astronauts Harvest First Radish Crop on International Space Station. More than 180 sensors in the chamber allow researchers at to monitor the plant growth as well as regulate moisture levels, temperature, and carbon dioxide concentration.",,Futurology
2015-02-01 23:29:09,"TIL that when recycled glass is used to manufacture new glass containers, it is virtually infinitely recyclable. Furthermore, every metric ton (1,000 kg) of glass recycled into new glass items saves 315 kg (694 lb) of carbon dioxide from being released into the atmosphere.",,todayilearned
2017-06-11 09:35:36,"City tree - a moss culture with the environmental benefit of up to 275 actual trees that removes dust, nitrogen dioxide and ozone gases from the air. The installation is autonomous with solar panels for electricity, while rainwater is collected into a reservoir and then pumped into the soil.",,Futurology
2014-09-11 21:52:32,"TIL China is creating a car-free city from scratch: ""Great City will be built around a high-rise core housing 80,000 people, entirely walkable, and surrounded by green space."" It designed to use less water, create less waste and generate less carbon dioxide than a normal city.",,todayilearned
2018-02-10 10:46:41,New plasma technology could help SpaceX colonize Mars - “Mars has nearly ideal conditions for creating oxygen from carbon dioxide by non-thermal plasmas. Carbon dioxide decomposition can provide oxygen for breathing and contribute to the production of fuels to be used on the return trip to Earth”,,space
2024-09-07 17:12:08,Datacenters to emit 3x more carbon dioxide because of genAI,,technews
2022-06-04 00:22:29,"Concentrations of carbon dioxide in the atmosphere in May were 50 percent higher than during the pre-industrial era, reaching levels not seen on Earth for about four million years, the main US climate agency said on Friday",,worldnews
2017-11-29 13:33:01,"Volcanic eruption happening at Mount Agung, shown by NASA satellite that measures sulfur dioxide in the atmosphere [OC]",,dataisbeautiful
2019-11-11 11:49:18,"Engineers develop a new way to remove carbon dioxide from air The process could work on the gas at any concentrations, from power plant emissions to open air",,UpliftingNews
2024-08-06 01:49:09,"Nasa posted this model showing carbon dioxide emissions moving through earths atmosphere. The video was created by Supercomputers, using insane amounts of Data from satellites.",,interestingasfuck
2020-11-08 15:54:16,Adults exposed to high traffic-related air pollution are more likely to experience mental disorders. For each 5 microgram per cubic meter increase in very small particulate matter and 3 microgram per cubic meter increase in nitrogen dioxide odds of mental disorders were increased by 18% to 39%.,,science
2023-08-21 09:21:51,New research reveals a promising breakthrough in green energy: an electrolyzer device capable of converting carbon dioxide into propane in a manner that is both scalable and economically viable,,science
2025-01-09 22:05:36,'Make Carbon Dioxide Great Again' law would ban carbon reduction efforts in Wyoming,,climate
2022-08-25 17:11:16,"Space telescope detects carbon dioxide on an exoplanet | Researchers behind the James Webb Space Telescope have detected CO2 in the atmosphere of WASP-39b, a planet located outside the solar system.",,worldnews
2024-09-16 23:45:47,Scientists Will Engineer the Ocean to Absorb More Carbon Dioxide,,collapse
2019-09-28 14:03:52,This green cement company says its product can cut carbon dioxide emissions by up to 70% - the green cement locks in carbon dioxide as it cures instead of releasing it,,Futurology
2019-04-28 12:07:01,"The world’s first “biosolar leaf”, which scientists claim can mop up carbon dioxide and discharge oxygen into the atmosphere, doing the work of 100 trees using the surface area of one tree. It cultivates microalgae and phytoplankton on solar panel structures to be installed on land and roofs.",,worldnews
2015-12-20 22:02:10,Nitrogen dioxide Gas Leak,,WTF
2022-12-17 06:16:17,The @ElonJet bot always documented carbon dioxide emissions of Elon Musk from private flying. Should we also do that?,,ElonJetTracker
2020-10-04 17:42:23,TIL the majority of the weight lost on a diet is exhaled as carbon dioxide.,,todayilearned
2024-06-14 05:36:47,Bill Gates-backed startup creates Lego-like brick that can store air pollution for centuries: 'A milestone for affordably removing carbon dioxide from the air',,UpliftingNews
2019-10-21 18:53:36,"TIL of 'elysis', a new smelting process for aluminum that releases oxygen instead of carbon dioxide. This new production process both cuts operating costs by 15% and increases production by 15%. Apple has invested $11 million in the venture behind it and is offering technical support.",,todayilearned
2022-11-15 18:25:40,"Since carbon dioxide is denser that oxygen, we lose weight when we breath.",,Showerthoughts
2025-03-17 14:23:53,JWST captures its first direct images of carbon dioxide outside solar system,,space
2018-08-18 12:03:13,"The freezing point of carbon dioxide is -78.5C, while the coldest recorded air temperature on Earth has been as low as -92C, does this mean that it can/would snow carbon dioxide at these temperatures?","For context, the lowest temperature ever recorded on earth was apparently -133.6F (-92C) by satellite in Antarctica. The lowest confirmed air temperature on the ground was -129F (-89C). [Wiki link to sources](https://en.wikipedia.org/wiki/Lowest_temperature_recorded_on_Earth).

So it seems that it's already possible for air temperatures to fall below the freezing point of carbon dioxide, so in these cases, would atmospheric CO2 have been freezing and snowing down at these times?

Thanks for any input!",askscience
2024-10-15 11:34:26,"'ZeroCAL' cement production process takes CO2 out of the equation | With 98% less CO2 emissions than traditional methods by decomposing limestone – the key raw material involved in making cement – to access calcium oxide, aka lime, without releasing carbon dioxide in the process.",,science
2018-11-25 10:08:09,"Scientists have developed catalysts that can convert carbon dioxide – the main cause of global warming – into plastics, fabrics, resins and other products. The discovery, based on the chemistry of artificial photosynthesis, is detailed in the journal Energy & Environmental Science.",,Futurology
2019-10-13 04:21:41,The Guardian names the 20 state-owned and multinational firms that can be directly linked to more than ⅓ of all greenhouse gas emissions since 1965. New data from researchers reveals how the 20 firms have contributed to 35% of all energy-related carbon dioxide and methane worldwide since 1965.,,worldnews
2023-05-18 16:21:28,"TIL After water, concrete is the most widely used substance on Earth. If the cement industry were a country, it would be the third largest carbon dioxide emitter in the world with up to 2.8bn tonnes, surpassed only by China and the US. [2018 numbers]",,todayilearned
2015-08-24 12:10:10,The Middle East is undergoing “dramatic” atmospheric changes with plummeting levels of the pollutant nitrogen dioxide over the past five years. The bad news is that cleaner air has resulted from an industrial slowdown caused by political upheaval and armed conflict.,,science
2020-04-14 16:09:11,"Methane levels at all-time high after near-record increase in gas 28 times more potent than carbon dioxide | ""It’s 2020, and it’s not only not dropping. It’s not level. In fact, it’s one of the fastest growth rates we’ve seen in the last 20 years,” says climate scientist",,worldnews
2018-10-26 10:29:41,"Scientists take opposing sides in youth climate trial - In a federal courtroom, 21 young people are scheduled to face off against the U.S. government, which they accuse of endangering their future by promoting policies that have increased emissions of carbon dioxide (CO2).",,Futurology
2022-05-02 23:43:13,"Chinese scientists have created an efficient way of synthesizing carbon dioxide into energy-rich long carbon chain compounds like sugar and fatty acids, according to a study published on the journal Nature Catalysis on Thursday",,Futurology
2015-09-09 17:24:06,"TIL if we lose 10kg (22lbs) of fat, 8.4kg (18.5lbs) turns into carbon dioxide which is exhaled when we breathe, while 1.6kg (3.5lbs) turns to water that is excreted through urine, tears, sweat",,todayilearned
2024-11-17 18:47:13,"Scientists create super-efficient electro-biodiesel to cut carbon emissions. For every gram of electro-biodiesel produced, the process removes 1.57 grams of carbon dioxide from the atmosphere, thanks to by-products like ethylene and biomass.",,science
2020-02-14 18:38:13,"A team of researchers from Canada and the U.S. has developed a catalyst that quickly and efficiently converts carbon dioxide into simple chemicals. In this way, they transform the most important greenhouse gas into useful products for industry.",,science
2020-04-22 13:06:44,"TIL a Danish company modified a version of thale cress (plant), that changes from green to red when being near landmines, because of the nitrogen dioxide gas released from landmines. This way you can detect landmines and save lives.",,todayilearned
2019-10-28 14:42:07,"ELI5: In the phrase ""livestock are responsible for burping the methane equivalent of 3.1 gigatonnes of carbon dioxide into the atmosphere annually"" what does ""the methane equivalent of CO2"" mean?",,explainlikeimfive
2024-05-17 18:58:01,"TIL during the period aptly named as ""the great dying"" 57% of biological families on earth, uncluding 81% of marine life and 70% of terrestrial vertebrate went extinct. The likely cause is volcanic activity turned the oceans toxic and released toxic gas like sulfuric dioxide into the air",,todayilearned
2025-03-25 02:51:59,"“The furnaces of the world are now burning about 2,000,000,000 tons of coal a year. When this is burned...it adds about 7,000,000,000 tons of carbon dioxide to the atmosphere yearly...The effect may be considerable in a few centuries.” — Popular Mechanics, 1912, image of factory belching smoke",,climatechange
2023-02-18 12:00:03,"Scientists have figured out a way to engineer wood to trap carbon dioxide through a potentially scalable, energy-efficient process that also makes the material stronger for use in construction",,science
2017-07-26 12:11:49,Scientists are sucking carbon dioxide from the air with giant fans and preparing to release chemicals from a balloon to dim the sun's rays as part of a climate engineering push to cool the planet.,,worldnews
2024-11-27 19:50:18,"Group That Calls CO2 ‘Essential’ Praises Trump Energy Secretary Pick | The head of the CO2 Coalition says Wright agrees carbon dioxide is “not the demon molecule, it’s the miracle molecule.”",,climate
2019-04-28 12:06:50,"The world’s first “biosolar leaf”, which scientists claim can mop up carbon dioxide and discharge oxygen into the atmosphere, doing the work of 100 trees using the surface area of one tree. It cultivates microalgae and phytoplankton on solar panel structures to be installed on land and roofs.",,Futurology
2017-03-09 14:15:43,EPA chief Scott Pruitt says carbon dioxide is not a primary contributor to global warming,,politics
2020-08-06 14:15:40,"Turning carbon dioxide into liquid fuel. Scientists have discovered a new electrocatalyst that converts carbon dioxide (CO2) and water into ethanol with very high energy efficiency, high selectivity for the desired final product and low cost.",,Futurology
2017-12-30 12:31:00,What Happened to Green Concrete? Concrete that absorbs carbon dioxide has made slow progress but is finally hitting the market.,,Futurology
2015-01-29 23:56:14,TIL the fizzy sensation on your tongue from carbonated drinks is not caused by the tiny bubbles popping; the fizz is our actual taste of carbon dioxide.,,todayilearned
2015-08-12 12:00:18,"PLOS Science Wednesday: We're Jim Hansen, a professor at Columbia’s Earth Institute, and Paul Hearty, a professor at UNC-Wilmington, here to make the case for urgent action to reduce carbon dioxide emissions, which are on the verge of locking in highly undesirable consequences, Ask Us Anything.","Hi Reddit,

I’m Jim Hansen, a professor at [Columbia University’s Earth Institute]( http://www.earthinstitute.columbia.edu/sections/view/9).<http://www.earthinstitute.columbia.edu/sections/view/9> I'm  joined today by 3 colleagues who are scientists representing different aspects of climate science and coauthors on papers we'll be talking about on this AMA.

--Paul Hearty, paleoecologist and professor at University of North Carolina at Wilmington, NC Dept. of Environmental Studies. “I study the geology of sea-level changes”

--George Tselioudis, of NASA Goddard Institute for Space Studies; “I head a research team that analyzes observations and model simulations to investigate cloud, radiation, and precipitation changes with climate and the resulting radiative feedbacks.”

--Pushker Kharecha from Columbia University Earth Institute; “I study the global carbon cycle; the exchange of carbon in its various forms among the different components of the climate system --atmosphere, land, and ocean.”

Today we make the case for urgent action to reduce carbon dioxide (CO2) emissions, which are on the verge of locking in highly undesirable consequences, leaving young people with a climate system out of humanity's control. Not long after my 1988 testimony to Congress, when I concluded that human-made climate change had begun, practically all nations agreed in a 1992 United Nations Framework Convention to reduce emissions so as to avoid dangerous human-made climate change.  Yet little has been done to achieve that objective.

I am glad to have the opportunity today to discuss with researchers and general science readers here on redditscience an alarming situation — as the science reveals climate threats that are increasingly alarming, policymakers propose only ineffectual actions while allowing continued development of fossil fuels that will certainly cause disastrous consequences for today's young people. Young people need to understand this situation and stand up for their rights.

To further a broad exchange of views on the implications of this research, my colleagues and I have published in a variety of open access journals, including, in [PLOS ONE]( http://journals.plos.org/plosone), [Assessing Dangerous Climate Change: Required Reduction of Carbon Emissions to Protect Young People, Future Generations and Nature (2013)](http://journals.plos.org/plosone/article?id=10.1371/journal.pone.0081648),
[PLOS ONE](http://journals.plos.org/plosone), [Assessing Dangerous Climate Change: Required Reduction of Carbon Emissions to Protect Young People, Future Generations and Nature (2013)](http://journals.plos.org/plosone/article?id=10.1371/journal.pone.0081648), and most recently, [Ice Melt, Sea Level Rise and Superstorms: Evidence from the Paleoclimate Data, Climate Modeling that 2 C Global Warming is Highly Dangerous](http://www.columbia.edu/%7Ejeh1/2015/20150704_IceMelt.pdf), in [Atmos. Chem. & Phys. Discussions](http://www.atmos-chem-phys-discuss.net/volumes_and_issues.html) (July, 2015).

One conclusion we share in the latter paper is that ice sheet models that guided [IPCC (Intergovernmental Panel on Climate Change)](http://www.ipcc.ch/) sea level projections and upcoming United Nations meetings in Paris are far too sluggish compared with the magnitude and speed of sea level changes in the paleoclimate record. An implication is that continued high emissions likely would result in multi-meter sea level rise this century and lock in continued ice sheet disintegration such that building cities or rebuilding cities on coast lines would become foolish.

The bottom line message we as scientists should deliver to the public and to policymakers is that we have a global crisis, an emergency that calls for global cooperation to reduce emissions as rapidly as practical. We conclude and reaffirm in our present paper that the crisis calls for an across-the-board rising carbon fee and international technical cooperation in carbon-free technologies. This urgent science must become part of a global conversation about our changing climate and what all citizens can do to make the world livable for future generations.

Joining me is my co-author, Professor Paul Hearty, a professor at University of North Carolina — Wilmington. 

**We'll be answering your questions from 1 – 2pm ET today. Ask Us Anything!**",science
2025-02-13 17:53:41,"Researchers have developed a reactor that pulls carbon dioxide directly from the air and converts it into sustainable fuel, using sunlight as the power source",,UpliftingNews
2019-01-08 11:49:49,"TIL UPS drivers don't take the shortest routes. UPS has special software which optimises each route by eliminating as many left-hand turns as possible. As result, UPS claims it uses 10m gallons less fuel, emits 20,000 tonnes less carbon dioxide and delivers 350,000 more packages every year.",,todayilearned
2018-03-19 12:32:55,"TIL Mosquitoes prefer O-type blood, people with high body heat, pregnant women and heavy breathers. Many of these reasons are because mosquitoes can sense carbon dioxide (CO2) from up to 100 feet away. Which is a reason why they circulate around our heads where we exhale CO2.",,todayilearned
2016-01-27 14:32:21,Carbon dioxide captured from air can be directly converted into methanol fuel,,Futurology
2014-04-09 12:47:39,"Carbon Dioxide Levels Climb Into Uncharted Territory for Humans. The amount of carbon dioxide in the Earth's atmosphere has exceeded 402 parts per million (ppm) during the past two days of observations, which is higher than at any time in at least the past 800,000 years",,worldnews
2022-07-18 16:32:35,"Climeworks pulls carbon dioxide from the air and turns it into stone underground. Fans suck huge amounts of air into the system. Chemicals react with the CO2, leaving nitrogen, oxygen and other gases to return to the atmosphere.",,interestingasfuck
2024-05-31 01:48:35,New international shipping regulations introduced in 2020 abruptly reduced the emission of sulfur dioxide by 80%. This created an inadvertent geoengineering termination shock that had global impact and could be associated with substantial atmospheric warming over some ocean regions.,,science
2019-10-21 16:11:29,"A widely-used gas that is currently produced from fossil fuels can instead be made by an ‘artificial leaf’ that uses only sunlight, carbon dioxide and water, and which could eventually be used to develop a sustainable liquid fuel alternative to petrol",,science
2025-02-25 23:17:46,[request] if i pressure cook carbon dioxide for a very long time will I make diamond,,theydidthemath
2017-05-06 21:46:20,Does Zyra breathe carbon dioxide or oxygen?,"Plz I need to know thenk.

Edit: Thenks much very.",leagueoflegends
2023-11-13 05:30:45,"U.S. hits carbon tech milestone with first direct-air capture facility. A new facility will suck carbon dioxide from the air, showcasing the potential of a nascent industry that some say is crucial to fighting climate change.",,tech
2020-04-30 10:37:52,"Coronavirus is driving down global carbon dioxide emissions to levels last seen 10 years ago, agency says",,Coronavirus
2019-12-19 08:52:11,You can inhale Carbon Dioxide and exhale Oxygen.,"You can still inhale oxygen and exhale carbon dioxide. And, no, you won't get carbon dioxide poisoning.",godtiersuperpowers
2019-09-25 17:33:14,"Humans have never before lived with the high carbon dioxide atmospheric conditions that have become the norm on Earth in the last 60 years. In 1965, Earth's carbon dioxide atmospheric concentrations exceeded 320 parts per million, a high point never reached in the past 2.5 million years",,science
2024-12-20 20:11:37,"Researchers engineered a nanoporous carbon with the highest surface area ever reported, equivalent to about the size of a football field packed into a teaspoon of material, a breakthrough that is already proving beneficial for carbon-dioxide capture and energy storage technologies.",,science
2020-07-22 22:22:25,"Top Scientists Just Ruled Out Best-Case Global Warming Scenarios: ""A major new study of the relationship between carbon dioxide and global warming lowers the odds on worst-case climate change scenarios while also ruling out the most optimistic estimates nations have been counting on.""",,Futurology
2024-05-23 17:41:57,ELI5: how is mouth to mouth (CPR) beneficial if you’re blowing carbon dioxide into their lungs?,"See title 
",explainlikeimfive
2022-06-22 15:52:41,Cement carbon dioxide emissions quietly double in 20 years,,worldnews
2023-04-21 22:56:43,Carbon dioxide pigs gas chambers isn’t that totally insane?,,vegan
2020-04-12 11:49:41,"Scientists cite pollution decrease in calls to ""flatten the curve"" of climate change post-coronavirus. NASA satellite data showed a 30 percent drop in nitrogen dioxide above the northeastern U.S., as tens of millions of vehicles were kept off the roads",,Futurology
2017-05-20 21:29:13,"TIL that when we burn fat, the 'lost weight' is exhaled as carbon dioxide and water.",,todayilearned
2018-07-23 20:20:02,"Fish are losing their sense of smell because of increasingly acidic oceans caused by rising levels of carbon dioxide (CO2) in the atmosphere, new research shows.",,worldnews
2021-10-06 12:41:48,Opposition from a single moderate Democrat to corporate and income tax rate increases has revived efforts in the Senate to draft a tax on carbon dioxide pollution as a way to pay for the Democrats’ proposed $3.5 trillion budget bill,,Economics
2023-06-05 15:40:31,Broken record: Atmospheric carbon dioxide levels jump again,,worldnews
2021-09-21 14:12:01,U.K. Soft Drink Makers Have Just Days of Carbon Dioxide Left,,news
2024-11-03 22:46:57,Alberta's ruling party votes to dump emissions reduction plans and embrace carbon dioxide,,alberta
2022-10-16 11:45:30,"The Mediterranean Sea Is So Hot, It’s Fizzing Carbon Dioxide — Kind of like when you open a warm bottle of soda.",,environment
2020-03-23 16:19:10,"Electric vehicles produce less carbon dioxide than petrol cars across the vast majority of the globe – contrary to the claims of some detractors, who have alleged that the CO2 emitted in the production of electricity and their manufacture outweighs the benefits.",,science
2021-05-25 21:23:40,"Nearly 66,000 early deaths would be prevented each year if U.S. air pollutant concentrations of three major contributors — fine particulate matter, ozone and nitrogen dioxide — were reduced from the 70th to the 60th percentile, according to a recent study led by a Harvard University researcher.",,science
2019-03-15 03:24:48,"Journey to Antarctica: What Scientists Think of Trump's Latest Climate Tweet — ""You like carbon dioxide so much?"" one researcher mused. ""Try putting a plastic bag over your head and see how that works out.""",,politics
2022-06-29 12:14:23,"During Chemistry class, I learned that sulphur dioxide should never be poured into a metal container..",It's just an oxidant waiting to happen..,dadjokes
2020-11-06 00:24:48,You can turn oxygen into Carbon Dioxide,,shittysuperpowers
2015-05-07 13:54:21,Engineers Clean a James Webb Space Telescope Mirror with Carbon Dioxide Snow [pic],,space
2022-06-05 11:32:16,The amount of heat-trapping carbon dioxide in the atmosphere has shot past a key milestone — more than 50% higher than pre-industrial times — and is at levels not seen since millions of years ago when Earth was a hothouse ocean-inundated planet,,environment
2019-06-19 17:36:41,"Research shows the US military is one of the largest climate polluters in history, consuming more liquid fuels and emitting more CO2e (carbon-dioxide equivalent) than most countries.",,science
2017-02-04 15:14:38,Carbon dioxide emissions rate increased at the highest observed rate in 2016 [OC],,dataisbeautiful
2024-07-05 13:31:39,"TIL that volcanic eruptions can cool the Earth's climate. When a volcano erupts, it releases sulfur dioxide, which converts to sulfuric acid in the atmosphere and forms fine sulfate aerosols. These aerosols reflect sunlight back into space, leading to temporary global cooling. ",,todayilearned
2017-10-14 21:14:02,"Trump’s pick to run Environmental office says more CO2 is good for humanity: She's said renewable energy is ‘parasitic’ and that carbon dioxide ‘has no adverse environmental impacts on people.' “Her views are so out of the mainstream, it’s almost as if she falls in kind of a flat earth category.”",,EverythingScience
2024-06-07 13:48:28,"Carbon dioxide levels in the atmosphere are surging ""faster than ever"" to beyond anything humans ever experienced, officials say",,climate
2024-09-30 20:24:32,"Scientists Concerned: Record Levels of Methane, 80 Times More Warming than Carbon Dioxide","Methane (CH4) concentrations are reaching record highs. Despite receiving less attention than carbon dioxide, this gas is dangerously accelerating global warming. A new study from the Global Carbon Project raises the alarm. Methane has a warming potential 80 times greater than carbon dioxide over a twenty-year period. It is also responsible for one-third of global warming since the pre-industrial era. Yet, it is often overlooked in climate policies, even though its lifespan in the atmosphere is relatively short (12 years compared to several centuries for carbon dioxide), meaning that every concrete action can deliver immediate results.
",collapse
2024-10-09 20:24:37,Skin concept: carbon dioxide shelly,It costs 299 it's a legendary skin. Soupcell add plz,Brawlstars
2024-11-03 12:48:13,Alberta's ruling party votes to dump emissions reduction plans and embrace carbon dioxide,,nottheonion
2024-09-14 15:02:54,Generative AI is reportedly tripling carbon dioxide emissions from data centers,,climate
2014-08-25 14:45:42,"Scientists have found one new gold molecule, a catalyst containing exactly 25 gold atoms, that is powerful as well as sophisticated. It catalyzes the conversion of a variety of molecules, including the transformation of poisonous carbon monoxide into harmless carbon dioxide",,science
2025-02-23 17:12:01,"My QAnon mother has stage 2 cancer, refuses chemo, and is taking chlorine dioxide instead.","My mother has always been very… despotic and selfish. ""Despotic"" was the word a psychologist I used to see years ago used when I mentioned where my mother worked. She happened to know her, so that should give you an idea. My current psychologist, without having met her, strongly believes she has a clear case of Narcissistic BPD, and I agree.

The whole QAnon thing started during Covid when she and her partner began saying the usual stuff—""Covid isn’t real,"" ""Trump is the best president we’ve ever had"" (mind you, we're not even American!), and that ""something huge was going to happen IMMINENTLY, and we needed to be prepared."" Later, things escalated into ""deciphering codes"" and claiming that ""doctors want to kill us."" She even told my brother that exact sentence on the day he was going in for surgery. She didn’t show up for it, by the way.

Now, she had a mastectomy and was diagnosed with stage 2 breast cancer. She refuses to undergo chemotherapy and instead wants to follow a ""chlorine dioxide protocol."" I’m utterly shocked at how blind a person can become—and how incredibly stupid it makes her look.

She has cut off all contact with the family, except for my brother and me, though we barely see her four times a year.

Honestly, I feel exhausted by all of this. I didn't want to go to the hospital, I didn't want to hold her hand (though I went, and I did hold it for a very long minute feeling extremely uncomfortable). My psychologist says my rejection is normal because my emotional bond with her is broken. I don’t feel worried about her situation at all, and that worried me at first—like,*""Is there something wrong with me?""* But when I think about other family members being sick, I do feel real concern and distress.

If she’s refusing chemotherapy and choosing chlorine dioxide instead, all I want is for this to be over quickly, no matter how bad that sounds.

I know I have a lot of resentment toward her, and I’m sorry if my feelings are shocking or upsetting to anyone. I just needed to share this.",QAnonCasualties
2025-04-07 16:39:26,Conservatives Discuss Trump’s Plan to Open 59% of National Forests to Logging,"## Context/Backstory

The Trump administration introduced tariffs on all countries last week and is issuing orders to help mitigate the impact. One of them involves the Security of Agriculture, as Brook Rollins announced they are moving to eliminate environmental safeguards on more than half of the nation’s national forests, opening up 59% of the land for logging and boosting timber and lumber production.

The official reason from the White House cites the danger from wildfires as the reason for the change.

## Today's Discussion

/r/Conservative's post about this is titled [Trump administration opens up over half of national forests for logging](https://old.reddit.com/r/Conservative/comments/1jt3y6g/trump_administration_opens_up_over_half_of/) and it shoots up to the front page.

The post is hard to document as it's _heavily_ censored, despite being Flaired Users Only™️. Unddit shows that 370 of the 496 comments, **74.6% of them were removed by the moderation team** and the post itself has been removed. 

[Unddit link](https://undelete.pullpush.io/r/Conservative/comments/1jt3y6g/trump_administration_opens_up_over_half_of/) | [Reveddit link](https://www.reveddit.com/v/Conservative/comments/1jt3y6g/trump_administration_opens_up_over_half_of/)

## Some Choice Excerpts 

[Initial spat](https://www.reddit.com/r/Conservative/comments/1jt3y6g/_/mlrgej1/)

> I’m having a hard time feeling great about this. Over half? Bruh.

>> Logging drops the price of lumber which gets homes built, which we massively need. Wood is also a renewable resource that should be replanted right after being cleared.

>>> A pine plantation takes about 20-30 years to regrow. So, if you plan to boost logging, it is a short-term solution. You are going to need lean years to follow to make up for it.

---

>> Necessary for national security. Or, would you prefer Canada holding back or leveraging us with high priced timber?

>> We can find sources of nearly every raw material we need. We just need to stay the hell out of our own way, and allow ourselves to sustainably harvest what we need again...

>> I'm 100% ok with this. We have SO MUCH untapped land.

---

>> I can tell you didn't read the article.

>>> The article did not make clear whatsoever if there are any actual mechanisms in place for loggers to consider the displacement of wildlife due to ongoing logging activity.

>>> If you don’t understand that they don’t just point at trees and poof they disappear, you’re a moron.

>>> This is highly impactful activity.

>>>> Umm, what?  This is part of the use of national forests since their inception.  They can and have managed this forever.  Dems over time have forgotten that some management of resources is one of the roles the national parkforestry system was founded for. 

---

>> Yes, there are 150 or so national forests, over half of them can be utilized by loggers. It doesn't mean that half of all the trees can be cut down. LOL

>>> Good grief look at all the hater brigade

[Bad move](https://old.reddit.com/r/Conservative/comments/1jt3y6g/_/mlri3nn/)

> Bad move. We need to protect our national forest. They are national treasures.

>> If it was clear-cutting, I'd agree. But proper logging is about removing excess trees for lumber AND reducing fire danger.

>>> Agreed, logging done in the national forests is done with responsible forest management.

>> Trees are a renewable resource and we can cut a lot of trees in national forests without touching a tree over 15 years old. The forest service already has areas that are open for cutting.

[What about Yosemite?](https://www.reddit.com/r/Conservative/comments/1jt3y6g/_/mltk8y7/)

> I felt the same thing when he fired rangers and national park workers. Kids in foreign countries literally learn about Yosemite in their schools.

>> Yosemite will be there with or without the rangers.

>>> As in, the geographical location? Yes. But not in the quality we know now.

[Literally replant every tree](https://www.reddit.com/r/Conservative/comments/1jt3y6g/_/mls246l/)

> And this is why nothing little is made here. We don't mind anything, there's no forestry because environmentally we don't want to ruin anything.

> So we import every material and/or the final product instead of just making it here.

> At some point we need to realize we need to stop being stupid morons and just do things ourselves.

> You can literally replant every tree cut down

>> Exactly this. We can use the abundant national resources with sustainably in mind.

[A discussion on the environment](https://www.reddit.com/r/Conservative/comments/1jt3y6g/_/mlrixv9/)

> Forests need active management to mimic natural factors we humans have stopped. Thinning of forest improved health and help reduce fire intensity.

>> I'm all for forest management but I do not support logging our national forests.

>>> Old growth trees convert less CO2 into oxygen than new growth. only trees who are actively growing have a net positive impact on oxygen production.

>>> One of the most environmentallly impactful ways we can reverse man made global warming is to effectively manage forests, keeping them in a constant state of growth and not stagnation.

>>> This doesn't mean clean stripping of entire swaths of forests. But selectively replacing old growth forest with young actively growing forest will provide both economic AND environmental boosts.

>>>> Cutting down old forest is not good for the C02 budget. It takes a enormous amount of years before new growth comes close.

>>>> Where is your source on this?

>>> Brigadiers who nothing about forest management out in full force! -56 as of right now. Although I assume there could be some “conservatives” who unaware of modern force practices that may be down voting me. I would like to have a conversation about this matter please engage without downloading.

[Conservative discusses Teddy Roosevelt](https://www.reddit.com/r/Conservative/comments/1jt3y6g/_/mlrhk1k/)

> Spits in the face of teddy. Not a fan of this one. What is conservative about not conserving?

>> national forests aren't related to teddy, those are national parks

>> by comparison national forests are intended to be used (logging, mining, ranching). they're not like the national parks which are a different entity with a different purpose (and under a different department)

--

>> Yeah fuck this shit. Teddy would be disgusted by this.

>> I'd say bring him back but Republicans would accuse him of being Socialist and Democrats would accuse him of being far right. He'd never get anywhere.

>> Remind me again why the people who want to protect the forests are anti gun fucktards? That's literally the only reason I vote anymore.

--

>> It’s a renewable resource when harvested responsibly, which is how national forests are logged.

---

>> Did you know that hunting is part of conservation? Do me a favor and look up the definition of conserve. And guess what, TEDDY was a hunter and a conservationist. By your logic, he didn't conserve because he killed wild game. Holy shit, educate yourself. 

>>> Hunting and logging arent the same thing

[It's the immigrants fault](https://www.reddit.com/r/Conservative/comments/1jt3y6g/_/mlrk8m2/)

> No to this. Being in the outdoors is such a joy. Hunting trips with my father in public forests are some of my best childhood memories. I don’t want that to be taken away from our children too

>> Should have thought about that before importing so many millions of people that need housing.

---

>> The outdoors won't exist if trees get cut down? Is that your argument? You will likely never see half of the national forests, let alone miss the trees in those forests that can be harvested. You know what's cool about trees, they grow back. And when they get cut down, the growth that occurs after they are cut down produces new habitat for wildlife. 

---

[Now you are arguing like a Leftist](https://www.reddit.com/r/Conservative/comments/1jt3y6g/_/mlrgxtf/)

> Whelp, that's not good.

>> It's good if you understand forest management and conservation. 

>>> Was the order in regards to forest management and conservation?

>>>> Yes, they are targeting high risk forests to mitigate fires. Trumps been talking about this since the paradise fires in California when he started talking to foresters in an effort to get newsom to reverse califonrias horrible fire management policy.

>>>>> Ah, so that was the only reason for this. Not lumber. Well, I guess count me wrong then.

>>>>>> 2 things can be true dude. Their choice of forests is delibrate, we need to reduce fire risk as dipshit environmentalists have increased the risk due to bad forest management. And we need to increase lber production to bring down prices and add more high paying jobs to the market.


>> So they are specially targeting at risk Forrest areas: 

>> “Most of those forests are considered to have high wildfire risk, and many are in decline because of insects and disease.”

>> It's so dishonest how they word these articles andit's crazy how many people don't even bother to read them too and that's likely why the titles are so sensationalized

>>> That doesn’t mean that giving them to the timber industry is a good solution

>>>> Yes it does, those trees can be used to build houses and make paper rather than increasing fire risk and creating GASP.. Carbon Dioxide!

>>>>> And you’re clearly a low IQ individual if you think the only thing affected by this is the trees themselves.

----

>>>> Why not? The timber industry has an interest in maintaining their production for long term productivity. We're way past the era of clear cutting expansionism.

>>>>> The timber industry cares about tree production. Not animal habitat, not pollution, not ecological conservation.

>>>>>> I'm sorry, does a wildfire give any f's about such things? How about invasive diseases? Seriously, tell me you know less about natural ecological systems without telling me directly so.

----

>>>> Why? It doesn't make it bad either. Would you rather the government pay to get rid of the overgrowth or would you rather companies who think they can make some money do it for us?

>>>>> I would rather profit be irrelevant to the initiative of preserving habitats, wilderness, and undeveloped public land.

>>>>>> That is a non stance. Either we rely on local authorities to clean out overgrowth or we pay companies to do it. This way we can do the latter without paying anything.

>>>>>> I'm really disappointed with the pearl clutching conservatives lately.

>>>>>>> Have you never heard of the Bureau of Land Management, or the Forest Service?

>>>>>>> Fucking moron talking about pearl clutching, can only comprehend two possibilities given to him by other people.

>>>>>>>> Have you heard of inefficient government? Can't make a good argument and then uses the tried and true ""but we have a useless bureau for that!"" You know these bureaus suck, but to win internet points you invoke them. Yes, you are pearl clutching and now you are arguing like a leftist.

--

## Other Singular Takes

[How much do you want to pay for your books?](https://www.reddit.com/r/Conservative/comments/1jt3y6g/_/mlrrxa3/)

> You can tell who in this thread who has spent time in National Forests vs who hasn’t. 

> Logging in NF’s has been going on forever. This is not a new thing.

> For those who are against it - exactly how much do you want to pay for your next wood dresser/paperback book/toilet paper?


--

[Hippie Granola Types](https://www.reddit.com/r/Conservative/comments/1jt3y6g/_/mlrlh1y/)

> You can't just let the woods just go. You have to trim them back. Old brush fires would clear the first floor and dead trees at times. But now we have to clear brush back and cull trees so more can grow.

> Leftist hippie granola types want the forests to be left completely alone, but California is proof that neglect is not sound forest.

> CUT MOAR TREES!!!

--

[Everybody is a bot](https://www.reddit.com/r/Conservative/comments/1jt3y6g/_/mlsfwln/)

> I swear their tactic is to now put bots in the subreddits and on the comment sections of podcasts",SubredditDrama
2021-06-20 11:24:26,"Startup converts carbon dioxide from the air into diamonds. Company says that for every one-carat diamond it manufactures, it removes about 20 metric tons of carbon dioxide from the atmosphere. To power its manufacturing process, Aether buys clean energy",,Futurology
2016-06-26 19:48:37,"Curiosity's 4.8 kg of Plutonium-238 dioxide glowing its graphite container red hot. Heat given off by the decay of this isotope is converted into electric voltage by thermocouples, providing constant power during all seasons and through the day and night.",,space
2021-07-18 11:40:08,Carbon dioxide gas from solid CO2 (aka dry ice) suffocating a fire,,interestingasfuck
2020-08-25 04:56:37,"Researchers have developed a standalone device that converts sunlight, carbon dioxide, and water into a carbon-neutral fuel, without requiring any additional components or electricity.",,Futurology
2025-01-24 20:41:31,"Catastrophic tipping point in Greenland reached as crystal blue lakes turn brown, belch out carbon dioxide",,EverythingScience
2025-03-02 19:03:49,"Low-cost method transforms ordinary rocks into carbon dioxide storage | It's not exactly the fastest way to hoover up CO2, but the team believes it could be a relatively inexpensive affair, and can easily scale to help sort our emissions problem worldwide.",,tech
2024-06-14 20:03:24,An Orangutan tries to prevent the deforestation of their home ,,interestingasfuck
2023-02-22 16:58:09,"In 1925 Percy Fawcett vanished in the amazon jungle, in his 3rd attempt to find ""Z"", a lost ancient city deep in the jungle, commonly believed to be a myth. Recent technological advances have made it possible to digitally deforest part of the amazon, revealing an extensive urban settlement",,interestingasfuck
2025-01-29 11:32:53,Deforestation in the Amazon has halved in the last few years,,UpliftingNews
2024-04-17 15:14:54,I'm giving up fighting deforestation in the Amazon Rainforest.,"3 years ago I bought a big land (10,000,000m2) inside Amazon Rainforest aiming to protect. 
Naive, though that I could fight the other buyers that wants to buy the same area to take off the trees and sell as Timber (Very common business)
Then I realized I coun't cope with running costs of the land in a sustenaible basis (taxes, protection, etc). So I decided to start a crypto project to sell NFTs representing small peaces of the land. OMG, I got a lot of criticism, people saying ""thats Green washing"" , "" Thats a scamm"", I decided to stop the NFTs project and try to Certify the Carbon Credits originated from the protected land. It took me 2 years to Certify this shit.... Lot of certification companies didnt even want to talk to me over the phone. Then I found one in Sri Lanka, willing to Certify my land. 6 months ago, I got the Credits and no Company wants to buy because its not complaying with European Union regulations.
You know what? After 3,4 years later and almost 1 million dollars poorer I'm switching to the winning team. Lets sell this land to the Cattle farming business or a mining Company. I don't Care anymore. I realized the world is made of hypocrites. People say, well done! Well done! But, by the time you ask for help (not money), directions, intoductions. People say, oh I'm Sorry, I don't have time. Now My land is for sale and I don't Care If the new owner is going to take down all the 7 Million trees in there because I'm going to lose It anyway due to unpaid taxes from the land. Sorry, I just need to take this out of my chest.",climatechange
2023-06-11 15:29:03,Brazilian Amazon deforestation falls 31% under Lula,,worldnews
2021-01-23 09:56:24,Extent of deforestation in Borneo (1950-2020),,MapPorn
2014-01-15 17:23:39,I think deforestation is a good thing .CMV,"Some big developments here in the UK, particularly with new houses, have been halted as a rare bird was found on the habitat. Whether or not that bird is extinct or not makes absolutely no difference to me to my life or anyone elses. Being a first time house buyer and not being able to buy a house does directly negatively affect me.

Secondly, when a forest is a in its natural state it produces nothing (only perhaps wood). However a big factory or warehouse on this land would generates jobs and tax revenues, and also the product the that provides utility to the consumers.


",changemyview
2021-02-28 19:37:12,The Consequences of Deforestation,,forestry
2025-02-25 19:43:25,First time out of early game,"Only started playing a couple weeks ago but this game already occupies most of my time. This is my first base to get past fabrication, after 3 failed attempts to figure out what to prioritize in this game and how much space I'll end up needing.

In this playthrough (day 87), I've completely ignored any quests from the empire and instead am trying to improve relations with the outlander faction to eventually become allies.

Lost tribe start with custom xenotype (go-juice dependant, nearsighted, never sleep) pawns. I feel like never sleep is a bit OP, but my pawns do care about comfort so it was a bit disadvantageous in the early game. Still had to prioritize complex furniture just for the armchairs. All gay misandrists. Only two men have been recruited: one ancient slave and one body purist with prosthetic limbs. Somehow both are pretty damn happy in the screenshot. Possibly the best thing to happen to this colony: my scavenger pawn got trauma savant. She now scans for minerals and runs to the location with her bionic ass self at 200% movement. We have much gold.

Ideology is animal personhood, tree connection and high life. Guaranlen trees are off-screen. Despite being in the Arid region, I never really used wood despite easy access to cacti that don't affect tree connection meme. Just felt wrong. We raid any hostile camps who practice deforestation or hunting.

Anyway, just wanted to share this base/colony story. If it seems interesting to anyone, I will give more details on our story so far.",RimWorld
2025-03-22 19:04:41,TIL Sten Gustaf Thulin invented the plastic bag as a reusable and sustainable alternative to the deforestation caused by paper bags. He'd always carry his plastic bag in his pocket and envisioned everyone would carry and re-use their plastic bags wherever they'd go.,,todayilearned
2025-04-02 13:39:41,"TIL the dodo was not hunted to extinction. Its extinction was most likely the result of hurricanes, local floods, deforestation, and their eggs and young being eaten by pigs and monkeys.",,todayilearned
2022-09-26 05:37:00,"Generation Z – those born after 1995 – overwhelmingly believe that climate change is being caused by humans and activities like the burning of fossil fuels, deforestation and waste. But only a third understand how livestock and meat consumption are contributing to emissions, a new study revealed.",,science
2024-02-19 15:03:41,Lula da Silva keeps his promise: Amazon deforestation reduced by 64%,,UpliftingNews
2025-04-04 07:25:45,"Deforestation for coal mines, ashes, water pollution, and air pollution are much worse than deforestation for wind turbines.",,sciencememes
2023-09-27 21:17:05,"TIL DeForest Kelley, who played Dr McCoy in Star Trek, wanted to become a doctor, but couldn't afford medical school. He regularly received letters from fans who went into medicine because of him and said ""to influence the youth of the country ... is an award that is not handed out by the industry""",,todayilearned
2024-11-30 04:32:54,Skydiver Luigi Cani has carried out a unique act by dropping 100 million seeds over the deforested Amazon rainforest.,,interestingasfuck
2024-06-14 20:03:41,An Orangutan tries to prevent the deforestation of their home ,,nextfuckinglevel
2022-05-05 20:56:24,Eating one-fifth less beef could halve deforestation,,science
2025-03-06 00:39:31,Trump Executive Order Calls for Mass Deforestation,"Donald Trump has issued an Executive Order calling for mass timber harvesting on US Public Lands. He is claiming that this is a matter of economic and national security.

If executed, this order will destroy habitats that are crucial for struggling species and ecosystems that play a vital role in mitigating climate change.

It is also just another blatant resource grab from this administration - taking public resources and selling them off to private companies.

https://www.theguardian.com/us-news/2025/mar/03/trump-national-forest-executive-order",collapse
2023-07-06 21:15:30,Deforestation in Brazil's Amazon drops 34% in first half 2023,,worldnews
2025-03-20 17:54:38,YSK: “No-stir” peanut butter contains a lot of palm oil. Palm oil plantations are a huge driver of rainforest deforestation.,"Why YSK: This rainforest deforestation causes huge losses of limited habitat for rare animals such as orangutans, elephants, tigers, and many more. In addition to the biodiversity loss, deforestation of such a critical ecosystem also massively boosts the greenhouse gas emissions of your purchase.

Please choose products without palm oil when possible and take the 5 minutes to gently stir your new PB jar.",YouShouldKnow
2022-07-08 22:06:04,"UN says that overexploitation, climate change, pollution, and deforestation are pushing one million species towards extinction",,science
2021-04-01 09:15:52,The Amazon Rainforest Now Emits More Greenhouse Gases Than It Absorbs. Climate change and deforestation have transformed the ecosystem into a net source of planet-warming gases instead of a carbon sink,,worldnews
2022-05-05 09:45:23,"These seed-firing drones are planting 40,000 trees every day to fight deforestation",,Futurology
2021-12-12 21:20:48,[OC] 20 years of deforestation in the Amazon,,dataisbeautiful
2022-11-09 01:00:44,brazil's new president Lula vows to halt Deforestation.,,UpliftingNews
2023-01-20 11:02:33,Exclusive: Brazil launches first anti-deforestation raids under Lula bid to protect Amazon,,UpliftingNews
2022-05-06 04:09:45,Meat Alternatives Made From Fungi Could Cut Deforestation by 50%,,Futurology
2021-06-24 20:37:15,"Major supplier for Nestle and Pepsi breaks its 'no deforestation' pledge to provide these companies with palm oil from orangutan habitat, report shows",,worldnews
2021-12-17 03:52:12,"European supermarkets pull beef products linked to Brazil deforestation: Supermarkets across Europe have withdrawn beef products linked to deforestation in Brazil. Corned beef, beef jerky and fresh prime cuts are among the products that won't be on some shelves much longer",,worldnews
2020-05-09 06:36:50,"With world distracted, the Amazon rainforest continues to burn. Deforestation in the Brazilian Amazon hit a new high in the first four months of this year, with 1,202 square kilometres of forest wiped out.",,worldnews
2019-06-06 01:15:44,'We Are Literally Sawing Off the Branch We All Live On': Amazon Deforestation Increasing Under Bolsonaro,,worldnews
2022-01-09 22:13:01,"Brazil will stop monitoring deforestation in the Cerrado, the world's most species-rich savanna, a government researcher said on Thursday, days after data showed destruction hitting a 6-year high in 2021.",,worldnews
2019-04-01 15:46:56,"In the 90s, we were taught to use plastic instead of paper to save the rainforest from deforestation. Now we're taught to use paper instead of plastic to save the ocean from pollution.",,Showerthoughts
2020-08-20 19:08:25,"Armed with spears and bows, dozens of indigenous protesters in Brazil vowed to maintain a roadblock on a key highway through the Amazon until the authorities help them fight against COVID-19 and deforestation. Members of the Kayapo Mekranoti ethnic group have been blocking the road",,worldnews
2021-08-22 14:57:59,"'Out of Control': Brazilian Amazon Deforestation Hits Highest Level in a Decade. From August 2020 to July 2021, 10,476 square kilometers of Amazon rainforest were destroyed, a 57% increase over the previous 12-month period.",,worldnews
2021-03-24 17:47:47,"A new study shows that deforestation is heavily linked to pandemic outbreaks, and our reliance on substances like palm oil could be making viruses like COVID worse.",,science
2020-10-24 16:16:02,Amazon Tribes Are Excited to Use Drones to Detect Illegal Deforestation in Brazilian Rainforest,,worldnews
2017-06-22 23:26:46,"Norway has issued a threat to Brazil that if rising deforestation in the Amazon rainforest is not reversed, its billion-dollar financial assistance to Brazil’s Amazon fund will fall to zero.",,worldnews
2020-11-11 13:40:20,"British companies will be forced to reveal the sources of their raw materials, under new laws to end deforestation",,worldnews
2020-02-05 20:30:23,"If sound traveled through space, the Sun would be deafening. The Sun has about a million convection cells, each about the size of Texas, that violently rise and sink over the course of just 5 minutes. “Imagine 10,000 Earths covered in police sirens, all screaming,” says heliophysicist Craig DeForest",,space
2019-09-02 12:26:50,A global team of scientists including researchers from Australia and the United States has found deforestation in the Brazilian Amazaon-Cerrado region is causing temperatures to rise in areas as far as 50km away from deforestation sites.,,science
2019-12-22 09:06:40,"‘The tipping point is here, it is now,’ top Amazon scientists warn. “Current deforestation is substantial and frightening: 17% across the entire Amazon basin and approaching 20% in the Brazilian Amazon,”",,Futurology
2017-04-20 08:40:15,"The Most Powerful Plant on Earth? (2017) - ""What if there was a plant that had over 60 thousand industrial uses, could heal deadly diseases and help save endangered species threatened by deforestation? Meet Cannabis.""",,Documentaries
2021-07-12 19:55:39,"Indigenous peoples patrolling the Peruvian Amazon equipped with smartphones and satellite data were able to drastically reduce illegal deforestation, according to the results of an experiment published Monday",,worldnews
2019-06-01 11:56:41,"Norway bans biofuel from palm oil to fight deforestation - The entire European Union has agreed to ban palm oil’s use in motor fuels from 2021. If the other countries follow suit, we may have a chance of seeing a greener earth.",,Futurology
2019-07-02 14:58:18,Real time speed of deforestation of the Amazon Rain forest shown over a football pitch [OC],,dataisbeautiful
2023-06-01 07:55:44,Deforestation: Before and After Pictures,"The 5th image is what's left of the forest, and the 6th is The Last Tree",Minecraft
2021-04-01 11:35:43,"The Pacific Northwest tree octopus (Octopus paxarbolis) spawns in rivers and preys on bird eggs. This species is rare due to deforestation and poaching, and is now only found in the Olympic National Forest.",,Awwducational
2021-03-31 12:11:40,"Study finds that consumption of products like beef, soy, coffee, cocoa, palm oil and timber by wealthy nations is directly linked to deforestation in threatened tropical biomes",,science
2020-08-20 13:22:22,"""The main reason the Amazon is being deforested is because of human consumption of meat. 90% of the fires started in the Amazon are to clear space to raise cattle and 70% of the fires are happening right next to areas already cleared for cattle grazing by large meat companies"".",,worldnews
2016-05-17 01:49:21,The new Brazilian president’s first pick for science minister was a creationist. He chose a soybean tycoon who has deforested large tracts of the Amazon rain forest to be his agriculture minister. And he is the first leader in decades to have no women in his Cabinet.,,worldnews
2019-08-23 18:23:41,"Bellator MMA fighter Alejandra Lara uses the public platform of the Bellator 225 weigh-ins to shine light on the burning of the Amazon, #SOSAmazonia and the deforestation of the planet.",,pics
2021-01-05 11:35:54,Deforestation dropped by 18 percent in two years in African countries where organizations subscribed to receive warnings from a new service using satellites to detect decreases in forest cover in the tropics. The carbon emissions avoided were worth between $149 million and $696 million,,science
2025-03-04 22:14:53,"Trump signed an executive order to bypass the Endangered Species Act, starting with plans to allow deforestation in national parks in Washington. How can we prevent this from happening in Alaska as well?","*I know that mods and admins have been deleting stuff regarding politics that don’t directly involve Alaska, but I think they need to allow us to post for awareness and prevention. *",alaska
2019-06-05 01:43:40,"Costa Rica Doubled Its Forest Cover In Just 30 Years: ‘After decades of deforestation, Costa Rica has reforested to the point that half of the country’s land surface is covered with trees again.’",,worldnews
2020-09-09 00:49:21,TIL Deforestation is leading to more infectious diseases in humans due to native animals migrating for survival,,todayilearned
2022-11-16 18:18:48,Lula vows to undo Brazil’s environmental degradation and halt deforestation | Cop27,,worldnews
2022-11-01 16:12:05,Deforestation In The Amazon Has Increased Significantly Over the Past Decade [OC],,dataisbeautiful
2019-08-21 13:18:42,Bolsonaro declares 'the Amazon is ours' and calls deforestation data 'lies' | World news,,worldnews
2017-11-12 00:40:51,"TIL that the entire US-Canada border is defined by a 20 ft. deforested area called ""The Slash"".",,todayilearned
2020-05-12 20:37:06,Deforestation of the Amazon has soared under cover of the coronavirus,,worldnews
2023-06-05 23:20:17,"Brazil's Lula lays out plan to halt Amazon deforestation, make country ""global reference"" on climate",,worldnews
2019-12-08 20:48:50,"YSK that palm oil is in many products such as Nutella and Peanut Butter, and palm oil is a reason for deforestation","Palm Oil is in lots of products, such as Nutella and Peanut Butter, and Palm Oil is unfortunately gained by deforestation, and therefore is destroying homes of wildlife and even a cause of global warming. There are products which have used alternatives to Palm Oil which can be found with a quick Google search.

Edit: Yes Palm Oil is manufactured on plantations but the land for these plantations is a cause for deforestation

Edit 2: Yes other oils can be worse as they cause even more deforestation, but what I'm trying to get at is just avoiding oils in general for when they aren't needed. This is up to the big companies and manufacturers but it's just about caring for this planet.",YouShouldKnow
2024-11-07 15:46:35,Deforestation in Brazil’s Amazon drops by nearly 31% compared to previous year,,UpliftingNews
2025-02-17 05:00:48,The Brazilian skydiver Luigi Cani executed one of the most important jumps of his life in the Amazon.He released more than 100 million seeds - from 27 species of trees native to the local biome - to a remote deforested area in the heart of the Amazon region.,"When Luigi got within 6,500 feet of the deforested area, he plunged at 300 km/h, reached the seed box in free fall and released the seeds at the correct height to ensure precise and even distribution.
The seeds collected for the project have a germination rate of over 95% and do not require human intervention to germinate, so in a few years we will see the fruits of this unprecedented action...",BeAmazed
2022-05-07 12:39:38,"‘Record after record’: Brazil’s Amazon deforestation hits April high, nearly double previous peak",,news
2019-08-23 18:01:42,"Bellator MMA fighter Alejandra Lara uses the public platform of the Bellator 225 weigh-ins to shine light on the burning of the Amazon, #SOSAmazonia and the Deforestation of the planet.",,MMA
2019-07-27 19:27:03,"Amazon Deforestation Is Fast Approaching a 'Tipping Point,' Studies Show | The Weather Channel",,worldnews
2014-09-23 10:59:09,Liberia to become 1st nation in Africa to completely stop cutting down its trees in return for development aid - Norway will pay the impoverished country $150m to stop deforestation by 2020.,,worldnews
2025-04-03 16:21:52,SRH playing dot balls so that they can compensate for the deforestation happening in Hyderabad,,CricketShitpost
2023-01-20 19:46:03,Brazil launches first anti-deforestation raids under Lula bid to protect Amazon,,worldnews
2025-04-07 16:28:58,"World's largest deforestation project fells forests for bioethanol fuel, sugar and rice in Indonesia",,news
2019-03-24 23:52:57,"When more women involved in decisions of land management, the group conserves more, particularly when offered financial incentives to do so. Study shows how gender quotas for local governing bodies could reduce global deforestation and greenhouse gas emissions while also curbing local inequalities",,science
2016-06-04 14:02:54,Norway becomes first country in the world to commit to zero deforestation,,worldnews
2021-06-14 16:01:31,Ghana plants 5 million trees in a single day to combat deforestation,,worldnews
2018-05-24 18:37:18,"Brazil backs 'Guardians of the Amazon': In a rare move, Brazil is providing armed back-up to indigenous people protecting the world's most threatened tribe from illegal loggers, a decision that campaigners lauded as a ""landmark"" in efforts to halt deforestation in the Amazon.",,worldnews
2020-03-16 20:03:26,"[Schefter] Trade AND deal: Colts trade first-round pick (13th overall) to 49ers for All-Pro DT DeForest Buckner, who already has agreed to a massive contract that pays him $21 million a year and makes him the second-highest paid DT in NFL history behind only Aaron Donald, sources tell ESPN.",,nfl
2024-05-08 15:40:33,Buy a tree. Leave it to itself in it's will. Deforestation solved,,CuratedTumblr
2023-01-24 07:35:13,Brazil's Lula appoints Indigenous ministers to reverse Amazon deforestation,,worldnews
2018-06-27 10:31:13,"World lost more than one football pitch of forest every second in 2017 adding up to area equivalent to whole of Italy over year. Global deforestation is on upward trend, jeopardising efforts to tackle climate change and massive decline in wildlife.",,worldnews
2025-02-16 18:48:37,What happened in DeForest with fluoride?,,wisconsin
2023-08-21 09:07:34,To prevent deforestation,,therewasanattempt
2025-02-16 15:45:26,Hope you’re proud DeForest (courtesy of Phil Hands),,madisonwi
2025-03-09 22:36:14,Skydiver Luigi Cani scattered over 100 million tree seeds over deforested areas of the Amazon,,Satisfyingasfuck
2023-12-20 03:11:11,deforestation wunk,,wunkus
2020-06-19 01:55:51,14 straight months of rising Amazon deforestation in Brazil: Deforestation in the Brazilian Amazon is currently pacing 83% ahead of where it was a year ago.,,worldnews
2023-08-12 19:35:31,Brazil police arrest Amazon deforestation gang leader,,worldnews
2022-02-11 01:18:05,Same country: 1) 2021 - indigenous protesting to protect their land from deforestation 2) 2022 - anti-vaxxers taking over the capital and closing borders,,ontario
2021-09-04 02:38:33,OP suggests war on Brazil to combat climate change through deforestation,,MurderedByWords
2017-04-08 13:29:22,European Parliament calls for strict rules for palm oil entering the EU market to tackle deforestation and unsustainable palm oil production,,worldnews
2024-11-09 03:35:06,"Spix’s Macaw, a Brazilian parrot declared extinct in the wild in 2024. Main causes of extinction: deforestation, invasive species and the pet trade. There an estimated 60-80 individuals left in captivity.",,parrots
2020-01-21 12:19:12,"The tyre giant Michelin and the green group WWF are criticised by researchers over a rubber plantation in Indonesia that was billed as protecting the environment, but which has caused deforestation, destroyed elephant habitat, resulted in land grabs and limited development opportunities.",,science
2018-10-05 09:53:46,Scientists say halting deforestation 'just as urgent' as reducing emissions: Protecting and restoring forests would reduce 18% of emissions by 2030 and help to avoid global temperature rise beyond 1.5C.,,worldnews
2020-05-02 10:18:25,"The Brazilian government is seeking to use coronavirus as cover to usher in laws which could lead to increased occupation of indigenous lands and deforestation in the Amazon, campaigners and experts allege, amid warnings that further environmental disruption may lead to new pandemics.",,worldnews
2019-05-06 12:42:22,Who says that deforestation isn’t a major problem?,,freefolk
2022-05-04 15:19:17,"Swapping 20% of beef for microbial protein, like Quorn, could halve deforestation and climate emissions, scientists estimate",,science
2018-09-27 17:50:19,"Demonstrating the consequences of deforestation, and the importance of trees",,interestingasfuck
2019-08-20 19:23:49,Peru has committed to ending palm oil-driven deforestation by 2021. The National Wildlife Federation named the move a “momentous win” for wildlife and sustainable agriculture. .,,Futurology
2019-06-11 12:51:29,"Brazil guts environmental agencies, clears way for unchecked deforestation",,worldnews
2023-10-17 22:03:33,"TIL Dutch sailors were responsible for the extinction of the dodo, They hunted the dodo for food and sport, introduced invasive predators like rats and cats that ate the dodo eggs and chicks, and destroyed the dodo’s habitat by deforestation and farming.",,todayilearned
2019-08-11 19:46:00,"Germany will suspend 35 million euros in Amazon preservation funds sent to Brazil citing increasing deforestation which surged 67% in the first seven months of the year, Brazilian media outlets reported on Saturday.",,worldnews
2021-06-13 09:46:57,From Aldi to Waitrose: UK food giants threaten to boycott Brazilian suppliers over deforestation,,worldnews
2018-11-06 14:24:47,"Deforestation in Malaysia has brought humans and mosquitoes closer together, making it ""ground zero for the next malaria menace""",,science
2021-05-01 19:25:54,When i deforest a word i create another to get more wood,,Terraria
2018-03-09 15:54:25,A horrifying look at deforestation,,Breath_of_the_Wild
2020-11-17 19:23:25,"Bolsonaro: Brazil to unveil list with illegal wood importers. ""We’ll be revealing the names of the countries that import this illegal wood from the Amazon, because then we’ll be showing these countries—some of them rather critical of us—that they’re partly to blame for this issue [deforestation]""",,worldnews
2021-11-24 18:04:37,"[Holder] Deforest Buckner, asked about Brady playing at 44... ""If I'm playing football at 44, it means I'm broke.""",,nfl
2019-05-28 03:45:15,"Amazon deforestation up 20% in past year, environmental watchdog says | CBC News",,worldnews
2022-08-19 14:11:20,"Rainforest Connection uses Swarm’s IoT satellite constellation network to connect simple acoustic sensors deployed in the Brazilian rainforest, the sensor hears a chainsaw, and then calls in the people that will stop the deforestation",,Futurology
2025-04-04 04:27:22,I wish similar outrage was shown during hasdeo deforestation done by BJP,"Image Source- [https://indianexpress.com/article/explained/hasdeo-arand-mining-issue-protest-9641436/](https://indianexpress.com/article/explained/hasdeo-arand-mining-issue-protest-9641436/)

Kudos to hyderabad students and social media that 400 acres of deforestation was stopped. I wish similar outrage was shown during hasdeo deforestation where BJP govt destroyed thousands of hectares of hasdeo forest for Adani mine",unitedstatesofindia
2016-05-26 13:11:01,TIL China has deforested most of its historically wooded areas. A law promulgated in 1981 requires that every school student over the age of 11 plants at least one tree per year.,,todayilearned
2019-03-14 15:48:17,The European Commission has concluded that palm oil cultivation results in excessive deforestation and its use in transport fuel should be phased out.,,worldnews
2022-10-19 00:48:11,"I present to you, the COMPLETE deforestation and gentrification of Cindersap Forest >:)",,StardewValley
2019-08-03 11:51:03,Brazil space research chief to leave job after Bolsonaro rejects data showing huge jump in Amazon deforestation: Preliminary data showed an 88 per cent jump in deforestation in the Amazon rainforest in June compared to the same month a year ago.,,worldnews
2021-02-23 12:33:50,"Colt’s GM Chris Ballard turned Indianapolis’ last three first-round picks into: DeForest Buckner, Quenton Nelson, Bradon Smith, Kemoko Turay, Rock Ya-Sin, Michael Pittman Jr., Marvell Tell III and Ben Banogu. That‘s A+.","Is there another GM, that picked so successfully or even better?",nfl
2021-06-13 18:25:20,Ghana plants 5 million trees in a single day to combat deforestation,,UpliftingNews
2019-07-07 00:34:25,"Huge rise in Amazon destruction under Bolsonaro, figures show - monthly deforestation up 88.4% compared with a year ago | Brazil is home to 60% of the Amazon, which is the world’s largest tropical rainforest and is seen as vital to the global fight against climate change",,worldnews
2020-01-17 01:23:23,"DeForest Buckner on Aaron Rodgers: “We used to call it the wrist flick from hell. He would get that kind of like avoiding rushers and just, you see that wrist flick, and you’re like, ‘Oh, Lord.’ Know what I mean? You know somebody is going to come down with it. Yeah, he’s just a special player.”",,nfl
2023-08-05 19:49:24,Amazon deforestation rate falls to lowest levels since 2017,,Futurology
2019-08-30 20:57:30,"Axeman, the father of deforestation",,Bossfight
2019-05-13 01:55:18,Deforestation differences between Belize and Guatemala create a straight line along their border visible from space,,MapPorn
2023-08-02 18:25:07,"Amazon deforestation falls over 60% compared with last July, says Brazilian minister",,UpliftingNews
2020-06-10 22:16:07,"Brazil deforested 10,000 square km of Amazon rainforest in 2019, up 34% on year",,worldnews
2025-04-02 07:20:05,"400 Acres Destroyed Inside University of Hyderabad! 80+ JCBs simultaneously deforesting as Telangana government wrecks the land. Act now, spread the news, we need media attention! We don’t deserve police thrashes—we deserve justice! SOS!","Please do something if you can. We are being beaten up and thrashed. Act—it’s for all of us. [OC]

",unitedstatesofindia
2024-06-08 19:17:28,"TIL about “The Slash”, a man-made 6.1m wide and 2,171km long track of deforestation that demarcates portions of the border between Canada and the U.S.",,todayilearned
2018-11-24 16:25:38,Brazil Says Deforestation In The Amazon Is At Its Worst Level In A Decade,,worldnews
2015-08-26 13:29:46,"Nearly a billion monarch butterflies have vanished. Now their haven in Mexico is also disappearing: More than 52 acres of a haven where the butterflies hibernate over winter has been degraded, mostly by deforestation from illegal logging, with drought helping the decline.",,worldnews
2019-07-04 11:15:13,Brazil deforestation exceeds 88% in June under Bolsonaro,,worldnews
2018-03-27 21:04:51,"Meat industry driving 'astounding' levels of deforestation, report finds",,worldnews
2021-08-16 06:12:27,Study links most Amazon deforestation to 128 slaughterhouses,,environment
2020-12-10 16:43:36,Side-by-side models demonstrate the negative effects of deforestation.,,interestingasfuck
2025-04-04 10:39:06,The deforested area can be seen from my home,,hyderabad
2019-01-16 13:11:54,Indian villagers hurl firebombs at elephant and calf 'for damaging their crops' - Deforestation has left elephants’ habitats smaller and more fractured,,worldnews
2023-10-24 03:20:47,‘‘Twas the night of deforestation…,,MinecraftMemes
2017-07-22 07:45:03,"Pepsico, Unilever and Nestlé accused of complicity in illegal rainforest destruction | Palm oil plantations on illegally deforested land in Sumatra – home to elephants, orangutans and tigers – have allegedly been used to supply scores of household brands, says new report",,worldnews
2019-07-26 12:35:25,"Brazil's Bolsonaro blamed as illegal deforestation pushes Amazon Rainforest to 'tipping Point,' Expert warns.",,worldnews
2025-02-13 10:56:42,Amazon deforestation declines to lowest level in a decade - TDY News,,UpliftingNews
2015-09-29 13:19:24,Deforestation in the Amazon has plummeted 80% since 2004,,UpliftingNews
2022-01-07 16:37:51,Proposal could redefine palm oil-driven deforestation as 'reforestation' in Indonesia,,worldnews
2018-02-08 18:46:39,TIL junk mail destroys 100 million trees a year. The equivalent of deforesting all of Rocky Mountain National Park every four months.,,todayilearned
2018-11-15 13:42:34,"France sets out plan to end 'imported deforestation' - France set out plans on Wednesday to tackle deforestation around the world, saying it would look to curb imports of products such as palm oil, soy and beef that contribute to the destruction of forest areas.",,worldnews
2019-10-15 22:23:25,Studies have shown that the main cause of deforestation is Link,,Breath_of_the_Wild
2021-08-16 10:23:51,"The Amazon is burning again. ""The federal government continues incentivizing organized crime in the Amazon that is responsible for the theft of timber, illegal deforestation and fires""",,worldnews
2022-10-31 05:14:27,"""Lula"" da Silva elected Brazil's President; pledges end to hunger and Amazon deforestation",,collapse
2018-12-05 13:32:15,"Norway to heavily restrict palm oils linked to devastating deforestation - The parliamentary decision, which is set to come into force from 2020, has been welcomed as a victory in the fight to save rainforests, prevent climate change and protect endangered orangutans.",,worldnews
2021-11-16 09:53:11,"Everyday up to 10,000 acres of forests are bulldozed for meat production, you can put an end to the deforestation, if you simply go vegan. If you vegan you will also save other forests around the world, up to 50,000 acres of forests are cleared a day for livestock production. So please go vegan!",,ZeroWaste
2023-01-07 15:04:43,Brazilian Amazon deforestation up 150% in Bolsonaro's last month,,worldnews
2020-06-19 10:41:04,When there's another post about deforestation of the Amazon on the front page,,vegan
2022-04-03 16:39:41,(Rant) So fed up with the gentrification and deforestation.,"Do we really need more ugly subdivisions and HOAs? More dead animals on the roads? Desperate coyotes snatching peoples pets? Hawks circling everywhere looking for non-existent prey? Manatees starving to death and headed towards extinction? 

I see construction everywhere I look. It makes me sick to my stomach. I love and respect Florida for what it is- wild. All these people move down and love it for what they can turn it into. They see Florida as a resource that they can drain and destroy for their own personal gain. I have lived here my whole life, and I keep getting pushed further and further away from my city. I can't stay here anymore. I can't afford it. I will miss it so much.",florida
2023-08-05 12:50:16,"Amazon deforestation continues to fall under Lula: Rate plunged sharply in July, continuing a downward trend since Lula took office at the beginning of the year",,worldnews
2021-11-19 15:22:32,Elon Musk's Starlink to help monitor illegal deforestation in the Amazon rainforest,,technology
2014-06-30 11:51:20,"Rate of deforestation in Indonesia overtakes Brazil, says study. Indonesia lost 840,000 hectares of forest in 2012 compared to 460,000 hectares in Brazil, despite its forest being a quarter the size of the Amazon rainforest",,science
2023-08-03 15:07:51,Deforestation in Brazil's Amazon fell 66% in July,,worldnews
2022-04-16 15:51:34,"The Amazon Rainforest Can’t Survive 4 More Years Of Brazil's Far-Right President. Jair Bolsonaro has presided over record deforestation of the Amazon. As his reelection campaign begins, the fate of a critical global ecosystem is on the ballot.",,environment
2024-12-25 23:06:44,Deforest Kelley getting his Hollywood star in 1991,,tos
2015-06-17 04:57:22,"Stop eating Nutella & save the forests, urges French ecology minister - Ségolène Royal says Nutella is made using palm oil, which is contributing to deforestation, & urges Ferrero to make the spread with ""other ingredients""",,worldnews
2025-03-26 02:20:14,Why are we still deforesting land to build suburban houses when our metro population has been shrinking for decades?,"I was looking at properties on Zillow recently and was a bit disgusted by how many of the suburban neighborhoods cutting into forested land around or even directly bordering Cuyahoga Valley Nation Park were built in the last few decades. Some were even built in the last few years. Pretty much everyone agrees deforestation is bad, so why are we still doing this in an area that has had a declining population for decades?",Cleveland
2025-01-06 16:26:53,"[Boyd] DeForest Buckner said this was the #Colts’ worst defense since he’s been here. The main reason? “Ego. There’s time where our ego gets in the way. And I feel like, especially in our business, playing in the NFL at a high level as a team, everybody needs to check their ego…”",,Colts
2019-08-28 07:55:05,A Top Financier of Trump and McConnell Is a Driving Force Behind Amazon Deforestation,,worldnews
2024-07-10 11:00:27,It is totally great against deforestation and ocean destruction you guys!! ,,ClimateShitposting
2017-05-31 09:21:33,"Smoking kills 7 million people a year, and it scars the planet through deforestation, pollution and littering, details of the environmental cost of tobacco are revealed in a study released Wednesday by the World Health Organization",,Futurology
2017-03-01 13:40:07,"Burger King animal feed sourced from deforested lands in Brazil and Bolivia: Campaign group Mighty Earth says aerial drones, satellite imaging and field research show farmers carried out forest-burning for fast food giant’s soy suppliers",,worldnews
2022-02-14 15:10:17,John Deere and Brazilian bank team up to equip farmers deforesting the Amazon: new details reveal that farmers in the program have outstanding fines for such environmental violations received $2.1 million in loans,,worldnews
2024-12-05 19:33:22,excuse me while I deforest your property ,,StardewValley
2019-10-27 03:04:54,Amazon Deforestation Is Fast Nearing Tipping Point When Rainforest Cannot Sustain Itself,,worldnews
2023-04-26 15:51:03,Obyn becomes a casualty of deforestation. Who will be voted off next?,,btd6
2020-08-05 08:55:40,"Tesco urged to ditch meat company over alleged links to Amazon deforestation - Responding to Greenpeace campaign to cut links to Brazilian meat giant JBS, supermarket calls on government to ensure all UK food is deforestation-free",,worldnews
2022-03-15 13:36:07,"Putin is planning a total deforestation of the occupied Ukrainian territories, according to the Defence Intelligence of Ukraine",,europe
2023-04-09 03:56:23,"Despite Lula's promises, deforestation still rampant in Brazil",,worldnews
2019-06-02 04:36:28,Norway bans biofuel from palm oil to fight deforestation,,worldnews
2022-07-24 11:14:42,"Industrial soy drives deforestation spike in southeastern Brazil, satellite images show",,environment
2019-07-29 12:42:49,"Deforestation in the Amazon is shooting up, but Brazil's president calls the data 'a lie'",,worldnews
2018-08-14 14:17:49,IAmA palm oil researcher exploring how companies’ commitments to ‘zero deforestation’ can be carried out better. AMA!,"I’m Joss Lyons-White, a PhD researcher at Imperial College London’s Grantham Institute for Climate Change and the Environment.

***My research is on the relationship between palm oil and deforestation and, in particular, the role played by voluntary commitments made by companies to achieving ‘zero deforestation’.***

I’ll be joined on this AMA by my co-researcher Dr Andrew Knight, senior lecturer at Imperial and a Partner Investigator at the Centre of Excellence in Environmental Decisions at The University of Queensland.

In May 2018 Andrew and I published research on the existing barriers stopping palm oil companies from implementing their zero-deforestation commitments: [https://www.sciencedirect.com/science/article/pii/S0959378017310117](https://www.sciencedirect.com/science/article/pii/S0959378017310117)

**Some background to our research**

Lots of palm oil companies – ranging from palm oil producers and traders to consumer goods manufacturers and retailers – have adopted commitments to “zero deforestation”, or “no deforestation, no peat, no exploitation” (NDPE).

This means companies have promised to eliminate any association between deforestation and their operations. Lots of these commitments (including a collective pledge made by the Consumer Goods Forum, which represents over 400 consumer goods companies) are supposed to be implemented by 2020. However, recent reports by NGOs including Greenpeace and Global Canopy have suggested that companies are failing to implement their commitments and the 2020 deadlines are set to be missed.

**About the study and next steps:**

In 2016, we conducted a study that asked what barriers exist that stop palm oil companies from implementing their zero-deforestation commitments. We found that complex supply chains; a lack of consensus over what “deforestation” means; inadequate support from governments; and persisting markets for unsustainably-produced palm oil in India and China are all major barriers to commitment implementation.

Through my (Joss) PhD I am now investigating how zero-deforestation commitments can be implemented more effectively, via a study of the perspectives and attitudes that characterise the debate over ‘zero deforestation’ definitions; a study of power and relationships in palm oil supply chains; and a study of the effectiveness of boycotts as a tool for forcing companies to improve their practices.

**Proof:**

* Joss Lyons-White: [https://www.imperial.ac.uk/people/joss.lyons-white15](https://www.imperial.ac.uk/people/joss.lyons-white15)
* Dr Andrew Knight: [https://www.imperial.ac.uk/people/andrew.knight1](https://www.imperial.ac.uk/people/andrew.knight1)

**Useful links:**

* Our study: [Palm oil supply chain complexity impedes implementation of corporate no-deforestation commitments](https://www.sciencedirect.com/science/article/pii/S0959378017310117) (published in *Global Environmental Change*); and [press coverage in The Independent](https://www.independent.co.uk/environment/palm-oil-food-supply-sustainable-deforestation-indonesia-malaysia-orangutans-imperial-a8380711.html)
* An overview of the role played by palm oil in tropical deforestation:  [Oil palm and biodiversity](https://portals.iucn.org/library/node/47753) (published by the *International Union for the Conservation of Nature*)
* A summary of the progress of implementation of zero-deforestation commitments in the lead-up to 2020: [Zero-Deforestation Commodity Supply Chains by 2020: Are we on Track? ](https://climatefocus.com/publications/zero-deforestation-commodity-supply-chains-2020-are-we-%20track)(Published by the Carbon Disclosure Project and Climate Focus)
* Other recent research on zero deforestation:  [Hybrid governance in agricultural commodity chains](https://www.sciencedirect.com/science/article/pii/S0959652618304372) (*Journal of Cleaner Production* ); [The role of supply-chain initiatives in reducing deforestation](https://www.nature.com/articles/s41558-017-0061-1) (*Nature Climate Change*)

***We'll be back at 11:00 EST / 16:00 GMT to answer your questions!***

\-----------------------------------------------------------------------------------------------

UPDATE \[11AM ET / 4PM BST\]: And we’re LIVE!

Here’s proof that we’re here in person to answer your questions: [https://twitter.com/imperialcollege/status/1029372018439979010](https://twitter.com/imperialcollege/status/1029372018439979010)

\-----------------------------------------------------------------------------------------------

UPDATE \[1PM ET / 6PM BST\]: Thanks very much for your great questions. We’re heading off for now but we’ll be checking back in, so please do submit any more questions you may have.

And a big thanks to r/IAmA for hosting this AMA! ",IAmA
2015-08-11 02:49:53,Devastating Effects of Deforestation,,funny
2024-07-16 12:09:17,Imagine financially supporting the leading cause of rainforest deforestation and still calling yourself an environmentalist ,,ClimateShitposting
2019-08-12 20:55:00,"Deforestation kills an estimated 6,000 orangutans a year. This orangutan was attempting to fight deforestation in Indonesia. Orangutans are cute, and r/awwducational material. This particular scene isn't great, but it absolutely warrants being learned about and I argue still fits this sub.",,Awwducational
2024-04-15 12:29:28,"[Schefter] Colts and three-time Pro-Bowl DT DeForest Buckner reached agreement today on a two-year, $46 million contract extension that ties him to Indianapolis through the 2026 season, per sources.",,nfl
2025-03-14 18:56:50,The deforestation post hurricane is insane,"Its like contractors gone wild out here. I dont think they'll stop until there are no more mature trees left and the whole area is just a giant open field, or until they stop getting paid.... whichever comes first. 

Its not even the hurricane doing the most damage to the canopy these days, its the contractors trying to get a check. All these beautiful oaks standing strong after a historic storm, now just stumps because some dude in a yellow vest and a chainsaw with no ties to the area wanted more hours. 

This is only going to make future weather events much much worse. ",asheville
2015-03-01 22:49:25,"NASA satellite imagery shows that rain forest deforestation is speeding up, not slowing down as previously thought",,science
2017-06-30 22:00:10,"Beef (and Burger King) still eating away at forests: Burger King has pledged to stop deforestation by 2030 - that's just greenwashing, environmental activists say. Suppliers for the fast food chain are still responsible for deforestation in South America.",,worldnews
2025-01-20 12:56:06,Remembering Jackson DeForest Kelley (B- 20 Jan 1920 D- 11 June 1999) 😇,,tos
2019-12-31 04:13:07,The Amazon lost the equivalent of 8.4 million soccer fields this decade due to deforestation,,worldnews
2021-11-19 01:06:23,"Amazon deforestation unexpectedly surges 22% to its highest level since 2006: 5,110 square miles of rainforest was cleared in the Brazilian Amazon between August 1, 2020 and July 31, 2021",,worldnews
2019-09-04 19:05:42,"The world’s biggest producers of meat, dairy and seafood are failing to tackle the enormous impact they are having on the planet through deforestation, the routine use of antibiotics and greenhouse gas emissions, a report warns.",,worldnews
2019-11-03 19:58:20,Anti-deforestation protests in Romania,,europe
2024-12-30 15:11:55,what's your take on gringos (mostly europeans) talking about deforestation in the Amazon rainforest?,"i spend a lot of time on subreddits about ecology, vegan, eco-friendly stuff, etc., and as a brazilian, it sometimes pisses me off the way europeans talk about the Amazon, they talk as if we enjoy burning forests for fun and that we're stupid and don't know how to protect the environment.

obviously, bolsonaro made a lot of mistakes during his presidency, and brazil’s recent policies haven’t been great for the amazon, that’s a fact. but they talk about it like they’ve done absolutely nothing wrong on this planet, like they’re 100% eco-friendly. it’s bizarre, like this fake environmentalism mixed with white savior complex. there are plenty of foreign mining companies in brazil destroying the environment, and so much trash from Europe ends up in the 'third world countries.' they’ve done a ton of damage, but they act all saintly, conscious, and clean-headed. oh god.",asklatinamerica
2021-07-16 15:22:01,My friend was shot dead yesterday. Her name was Joanna Stutchbury. She was murdered for defending the Kiambu forest against threats of deforestation. She was a fierce force in the world fighting the good fight. This earth is a darker place without her. Please help me spread outrage over her murder.,"Please if you have it in your heart to use your social medias for a good cause, please tweet and talk about this. I know it's an unusual request, but from me to you, I beg that you help spread the word, so that the forest may continue existing tomorrow. 

https://citizentv.co.ke/news/president-kenyatta-condemns-killing-of-environmentalist-joanna-stuchburry-12620851/?fbclid=IwAR3FqUYPHymiSElxwX2ou-1x8CRUUTHUOWhUqbzxA_WBuzDqmQzY6X69_ao

President Uhuru Kenyatta has condemned the killing of Kenyan environmentalist Joanna Stuchburry and ordered security agencies to track down the perpetrators of the heinous act.

Ms Stuchburry, renown for her relentless efforts to conserve Kiambu forest, was shot dead by unknown people on Thursday afternoon at her home.

In his message of condolence to the family, relatives and friends, President Kenyatta said his administration greatly appreciates the contribution of Ms Stuchburry in conserving the environment.

“It is very sad, unfortunate and regrettable that bad people have senselessly taken away the life of Joanna Stuchburry in such a senseless manner.

“For the longest time, Joanna has been a steadfast champion for the conservation of our environment and is remembered for her relentless efforts to protect Kiambu forest from encroachment,” the President mourned.

The Head of State promised Government action to track down and apprehend killers of Ms Stuchburry terming them cowardly enemies of the Kenyan nation.

“My Government will pursue and apprehend the criminals behind the killing of Joanna. We will not allow few misguided individuals to continue shedding blood of innocent people working hard to make Kenya a better place for all of us. Those are cowardly enemies of our country,” President Kenyatta said.

*Edit: thank you so much for your kind words and support.  Thank you also to the moderators for helping keep the comments clean. Your attention is so valuable and I cannot thank you enough for taking the time to read this.*

*Many have asked where to donate, and to be quite honest, I don't know, and would need to do some research before recommending an organisation.  If you'd like to help in another way you could share this to your followers to bring awareness to what happened to Jo and ensure that her forest remain preserved. I think planting a tree in her honour sounds lovely.*

*I'm trying to be as respectful to Jo's family right now, which is why I haven't been very active in the comments. I don't want to speak on their behalf, if that makes sense, as I don't know what it is they want said.*

*Much love to all of you and thank you again. Please remember this, remember Jo, and fight the apathy.*

Edit2: a go fund me for her children has been set up: https://gofund.me/16a83bb9",WitchesVsPatriarchy
2025-02-20 00:18:46,"Pinseekers, the top golf-style facility next to the interstate in Deforest has filed for bankruptcy","
https://www.bankruptcyobserver.com/bankruptcy-case/pinseekers-deforest-operations
",madisonwi
2022-12-29 20:34:23,Brazil´s President-elect Luiz Inácio Lula da Silva announced Thursday that Amazon activist Marina Silva will be the country´s next minister of environment. The announcement indicates the new administration will prioritize cracking down on illegal deforestation in the forest,,environment
2022-03-16 17:23:23,[Darius Leonard] Chandler Jones hear me out man! Last year you had 5 sacks against Tennessee 👀! We play them twice a year 😊! So if you got 5 sacks in one game imagine facing them twice a year 👀! Boy that would be amazing! DeForest Buckner help me out here 😂😂,,nfl
2025-03-20 02:13:07,How these guys survive in the wild is anyone's guess... 🐼,,BeAmazed
2020-03-03 02:26:30,More than 60 per cent of Myanmar’s mangroves have been deforested in the last 20 years,,science
2017-07-27 14:44:22,"TIL that DeForest Kelley (Dr. McCoy on 'Star Trek') had wanted to become a doctor, but could not afford medical school. He received many letters from fans who went into medicine because of his character: ""To influence the youth of the country ... is an award that is not handed out by the industry"".",,todayilearned
2024-06-24 18:13:17,🌳 Deforestation in the Amazon reaches lowest level since 2018,,UpliftingNews
2025-01-21 08:44:32,Isn't it funny that the left liberal media doesn't report the massive hill deforestation done by Kukis because it goes against their victim narrative? The fake environmentalist liberal media.,,manipur
2018-10-30 11:12:31,"Animal species becoming extinct in Haiti as deforestation nearly complete: Species of reptiles, amphibians and other vertebrates are becoming extinct in Haiti as deforestation has claimed more than 99% of the country's original wooded areas.",,worldnews
2019-08-21 12:59:02,Smoke From The Burning Amazon Rainforest Plunged Brazil's Largest City Into Darkness In The Middle Of The Day- A record number of wildfires have torched the Amazon rainforest this year as deforestation soars under Brazil’s far-right president.,,environment
2023-04-28 05:55:14,Deforestation speedrun,,MinecraftMemes
2013-11-10 19:02:39,Amazonian deforestation may lead to 50% reduction in Sierra Nevada snowpack and reduced rainfall in the Pacific NW - new modeling work out of Princeton and published in Journal of Climate this week,,science
2022-10-31 14:20:29,Norway to resume aid halted to Brazil over deforestation after Lula's victory in Brazil,,environment
2019-08-21 01:02:14,"The Brazilian president has fired the head of the country’s space agency over data that shows deforestation up 40% year-over-year. He called the report ""a lie"" even though it's based on high resolution satellite images that have a 95% accuracy rate.",,collapse
2023-05-12 13:21:39,Amazon Deforestation Down 40 Percent So Far This Year,,worldnews
2019-07-25 17:07:48,Amazon deforestation accelerating to unrecoverable 'tipping point',,worldnews
2022-11-16 14:45:56,Brazil’s Lula pledges ‘big fight’ against deforestation at COP27,,worldnews
2022-10-29 22:37:58,Companies’ ‘deforestation-free’ supply chain pledges have barely impacted forest clearance in the Amazon,,science
2018-08-25 22:18:26,WWF Deforestation Design [2560 × 1440],,DesignPorn
2025-03-31 12:54:25,Deforesting went crazy," 
I accidentally found a bug, and I learned how to recreate it successfully every time so I'm going to see if I can report it. 

Basically you could make the incorrect monsters spawn in the wrong biomes, and there were absolutely no small monsters spawning so it was eerily silent. I'll post a video of a funny incident while doing this with a mob of Rathians spawning and vanishing under my user lol",MonsterHunter
2025-03-17 16:33:51,"500KG’s don’t work on forest planets people, can’t stress this enough",Go for the strafing run instead ,Helldivers
2025-01-29 11:31:45,Deforestation in the Amazon has halved in the last few years,,dataisbeautiful
2025-04-08 03:36:55,World's largest deforestation: Indonesia to clear forests size of Belgium,,worldnews
2015-02-04 13:40:19,Farming Now Worse For Climate Than Deforestation. Recent climate-protecting gains in forests are being nearly canceled out by efforts to satisfy the world’s growing appetite — particularly its appetite for meat.,,science
2019-02-22 10:01:35,Norway to pay Indonesia for emission cuts after big drop in deforestation in 2017. The payments are part of a US$1 billion (S$1.35 billion) scheme Indonesia and Norway signed in 2010 that aims to reward Indonesia for efforts that reduce deforestation,,Futurology
2022-11-23 23:48:55,Deforestation in Brazil caught via Google Earth,,interesting
2020-06-22 16:35:46,"TIL A couple in Brazil planted 2 million trees over 20 years in order to bring back a rainforest that was destroyed due to deforestation. Now the area has status as a Private Natural Heritage Reserve and is home to 172 types of birds, 33 varieties of mammals, and 15 kinds of reptiles and amphibians.",,todayilearned
2020-07-27 11:20:49,Revealed: new evidence links Brazil meat giant JBS to Amazon deforestation - Photographs by employee appear to show company trucks being used to transport cattle from allegedly prohibited cattle farm,,worldnews
2019-11-08 05:23:10,Palm oil production effect on Animal and Plant Life - Deforestation in Sumatra! (2019): Forests aroud the world are disappearing and it's all for the palm oil!,,Documentaries
2021-03-19 05:17:18,Wales on the path to be the 'first deforestation-free nation' - Climate Change Blogger,,unitedkingdom
2020-08-18 00:26:03,"Brandishing bows and arrows, dozens of indigenous protesters blocked a main highway through the Brazilian Amazon Monday, demanding help against the new coronavirus and an end to illegal mining and deforestation",,worldnews
2024-09-18 10:09:11,"r/anticonsumption? Uh actually consoom as you wish, deforestation is the producers fault sweaty 💅 time for Argentinian steak 😋",,ClimateShitposting
2021-06-11 15:06:14,Brazil's Amazon deforestation surges 67% in May as Bolsonaro pledges fall flat,,worldnews
2018-12-09 13:35:35,"TIL that DeForest Kelley actually wanted to become a doctor, but could not afford medical school. He regularly received letters from fans who went into medicine because of Dr. McCoy and said ""to influence the youth of the country ... is an award that is not handed out by the industry""",,startrek
2016-12-18 05:10:13,"Amazon deforestation ticks tragically up: The rate of deforestation in the Amazon rainforest has increased again in 2016, for the fourth consecutive year - loss of rainforest this year has been the greatest since 2008.",,worldnews
2019-08-21 01:50:44,Peru has committed to ending palm oil-driven deforestation by 2021. The National Wildlife Federation named the move a “momentous win” for wildlife and sustainable agriculture.,,worldnews
2025-02-10 21:52:48,"Exclusive: Colombia deforestation in 2024 among lowest levels in 23 years, minister says",,UpliftingNews
2025-03-28 14:01:28,Drivers of Deforestation Globally,,collapse
2019-09-17 14:09:57,"UK supermarkets selling beef from firm linked to illegal destruction of Amazon rainforest | Co-Op, Iceland, Lidl, Morrisons, Sainsbury’s and Waitrose all stock corned beef from Brazilian company JBS – which has been fined millions of dollars for buying cattle raised on deforested land",,worldnews
2024-09-27 20:49:20,Fixit encourages industrial deforestation,,SatisfactoryGame
2015-04-27 06:48:55,China is building a Great Wall of Trees to fight climate change and the encroaching Gobi Desert - Reforestation efforts in China have helped offset about 85% of the loss in above-ground biomass carbon lost to tropical deforestation since 2003,,worldnews
2023-10-09 08:20:37,"Switching 50% of Global Meat and Dairy to Plant-Based Alternatives Could Slash Agricultural Emissions by 31% and Nearly Halt Deforestation by 2050, Offering a Massive Boost to Biodiversity and Climate Mitigation Efforts, New Study Finds",,environment
2025-02-28 14:56:50,Deforestation is ruining the Earth.. so why did producers of Star Trek hire DeForest Kelley to star in the show?,,SubSimGPT2Interactive
2025-03-04 23:00:02,I’m sick of emissions testing,"If my little car has to have it done, then everyone in the state should have it done. I hate that it’s only specific to certain counties. Like some dude’s pickup truck up north isn’t worse than my car? ",milwaukee
2025-03-22 17:35:25,Where do you get your emissions testing done?,What a hassle. ,milwaukee
2025-03-14 01:39:19,State Inspection/Emissions check,"Hey everybody! 

I’m new to the area and live within Dallas city limits. I’m trying to get my vehicle registered as soon as possible and I’m just a little confused. Is it still a complete vehicle inspection or just an emissions check? 

And also if you don’t mind, do walk in to register my vehicle or do you set appointments?

Thanks!",Dallas
2025-02-21 22:36:54,Who does Emissions testing nowadays?,Tia,milwaukee
2025-01-27 14:49:47,Registration emissions bs question,"So I have an electrical issue with that car that I don’t have the money to fix just yet (comes up as an O2 sensor failure but they are fine it’s literally just a wire rubbing something somewhere causing the fuse on that line to pop). Like it’s annoying to where my local mechanic gave up (after a trying a bunch of stuff and fixing other issues they thought was the problem but wasn’t) and recommended I see an electrical specialist. So with us still needing the emissions crap to renew the registration would this particular issue cause me a problem or will I be fine?

I literally just need to renew and save up for a few months to get it fixed but it’s my only car so I need it to get to work, fun catch 22 I’m stuck in. Thanks in advance y’all.",Austin
2025-01-14 15:33:08,"car registration, emissions testing?","My kid got a used car last fall, and the Travis County registration renewal is coming up next month. I though he would never have to take it to an inspection place (cos the state got rid of that mandate), but now I'm seeing that Travis Co. requires an emissions test. How does that work? Do I have to take a car to an inspection place like I always used to?",Austin
2024-12-30 15:20:20,Emissions for vehicle,Hi! Anybody know of a auto body shop today that could do an emissions? My tags are officially expired at the end of December. It seems like everybody I call either doesn't do them anymore or a swamped and can't get me in till next year.,StLouis
2024-04-11 08:58:41,How to do emissions test?,"Soooo, I need to register my new car. But I need an emissions test before I can register it.

How tf do I get the emissions test done without plates and registration? I bought it from a private owner so there’s no dealer plates.

",Utah
2021-03-05 22:06:24,How to get rid of a vehicle that doesn't pass emissions?,"I have a 2010 high mileage Jeep that doesn't pass emissions testing. The repair cost is too high (new catalytic converter). I would prefer to get rid of it, but it can't be legally sold from what I understand. Is junking it my only option?",Denver
2025-01-26 10:56:13,"TIL 10 US states have absolutely no vehicle inspection whatsoever (i.e no safety, emissions, or VIN inspections)",,todayilearned
2025-03-10 17:38:57,"University of Michigan study finds air drying clothes could save U.S. households over $2,100 and cut CO2 emissions by more than 3 tons per household over a dryer's lifetime. Researchers say small behavioral changes, like off-peak drying, can also reduce emissions by 8%.",,science
2024-11-19 17:04:43,China Has Overtaken Europe in All-Time Greenhouse Gas Emissions,,europe
2025-04-07 15:29:48,Disney’s Snow White had higher carbon emissions than the latest Fast & Furious film,,nottheonion
2025-01-31 19:30:49,My fully electric car got reported for emissions,,mildlyinteresting
2024-09-15 23:35:44,Feds Nail Another Diesel Shop With $10M in Fines for Deleting Emissions Equipment,,technology
2024-09-22 10:07:25,The rise of solar power and China's staggering EV growth may have pushed global emissions into decline,,technology
2025-01-26 14:53:15,Enormous Emissions,,MurderedByWords
2025-02-23 11:01:38,"Leak: EU sticks to 90% emissions cut, aims to be ‘world leader’ on circular economy",,technology
2024-06-08 11:31:42,"Basic income can double global GDP while reducing carbon emissions: Giving a regular cash payment to the entire world population has the potential to increase global gross domestic product (GDP) by 130%, according to a new analysis. Charging carbon emitters with an emission tax could help fund this.",,science
2024-03-21 10:45:23,Whaddya mean that closing zero-emissions power plants would increase carbon emissions?,,LeopardsAteMyFace
2024-07-12 16:37:49,"Toyota unveils its secret and surprises the world: New combustion engines, but zero emissions",,technology
2023-12-19 18:52:38,Taylor Swift produces 138 tons of CO2 emissions in 3 months to see 'soulmate' Travis Kelce,,entertainment
2023-09-18 22:23:11,People who work from home all the time ‘cut emissions by 54%’ against those in office,,technology
2024-12-02 13:31:13,"Just a regular Emission, nothing unusual here",,stalker
2024-05-16 06:06:18,Fuel-guzzling ‘Yank Tanks’ face a costly future in Australia after new vehicle emissions changes approved ,,australia
2024-09-14 14:46:22,Feds Nail Another Diesel Shop With $10M in Fines for Deleting Emissions Equipment,,cars
2022-09-16 15:19:20,Female emission at orgasm (squirting) confirmed in new study to release fluid from the bladder.,,science
2024-05-16 18:02:04,Microsoft's Emissions Spike 29% as AI Gobbles Up Resources,,Futurology
2023-05-23 15:07:17,France bans short-haul domestic flights in bid to reduce carbon emissions,,worldnews
2023-04-30 20:20:00,Faraday cage to reduce pesky RF emissions from your wifi router,,DiWHY
2024-11-19 13:30:40,China’s emissions have now caused more global warming than EU,,Futurology
2022-08-07 10:38:46,"Canada to Tax Private Jets, Cars, Yachts As Celebrities Catch Flak for Emissions",,worldnews
2022-09-15 14:16:16,[OC] Worst Celebrity Private Jet CO2 Emissions Offenders (2022),,dataisbeautiful
2022-11-06 16:13:38,"Electric cars won't just solve tailpipe emissions — they may even strengthen the US power grid, experts say",,Futurology
2024-05-29 22:02:40,Louisiana chemical plant threatens to shut down if EPA emissions deadline isn't relaxed,,news
2022-08-18 22:06:21,"If everyone bicycled like the Danes, we’d avoid a UK’s worth of emissions",,Futurology
2023-12-18 13:11:45,Canada to announce all new cars must be zero emissions by 2035,,canada
2022-06-30 19:47:18,Supreme Court severely limits the EPA’s ability to regulate carbon emissions,,Futurology
2022-01-14 05:40:03,"If Americans swapped one serving of beef per day for chicken, their diets’ greenhouse gas emissions would fall by average of 48% and water-use impact by 30%. Also, replacing a serving of shrimp with cod reduced greenhouse emissions by 34%; replacing dairy milk with soymilk resulted in 8% reduction.",,science
2025-03-22 13:32:08,"Carney keeping emissions cap on oil and gas, but focusing on investing in green tech",,canada
2024-03-05 14:09:24,[OC] Food's Emissions vs. Cost per Gram of Protein,,dataisbeautiful
2022-06-02 09:52:44,"EU overshoots 2020 climate target, records 34% drop in emissions",,technology
2024-12-16 11:27:56,"Trump transition team plans sweeping rollback of Biden EV, emissions policies",,technology
2022-01-28 12:53:00,China Jails Almost 50 Steel Executives for Faking Emissions Data,,worldnews
2022-04-29 21:58:56,Ocean life projected to die off in mass extinction if emissions remain high,,Futurology
2022-11-11 08:59:25,"Private jet emissions in the last 3 years of well-known individuals, computed using open ADS-B data",,dataisbeautiful
2025-01-31 19:34:52,My fully electric car got reported for emissions,"It's driven just fine ever since I got it, so I'm pretty sure the batteries haven't exploded yet",FUCKYOUINPARTICULAR
2021-09-25 12:11:33,"The world's biggest carbon-removal plant just opened. In a year, it'll negate just 3 seconds' worth of global emissions.",,technology
2023-05-24 08:08:40,"France bans domestic short-haul flights where train alternatives exist, in a bid to cut carbon emissions.",,Futurology
2022-08-20 17:50:25,"If everyone bicycled like the Danes, we’d avoid a UK’s worth of emissions",,science
2021-06-24 09:37:55,[OC] China's CO2 emissions almost surpass the G7,,dataisbeautiful
2022-07-28 19:31:18,Taylor Swift At the Top of Most Co2 Emissions This Year With Private Jet Usage,"This topic has been gaining a lot of traction lately with climate change being discussed a lot more in the media, as it should be. Kylie Jenner came under fire very recently due to her impractical usage (despite not coming in the top ten, although Travis Scott is noticeably 10, while Kim comes in at 7.)

I thought this list was very interesting, specifically due to Taylor Swift coming in at number one, which I didn’t expect whatsoever. Really seems so discouraging for those of us that care and are trying our best efforts to minimize our carbon footprint. Keep in mind this is just the top ten, as I’m sure there are an endless amount of celebrities/wealthy individuals who are guilty of this as well. Celebrities truly do live in a different world than us, with their own set of rules. Despite, having more opportunities and the means to do better than your average person on this Earth. 

1) Taylor Swift
2) Floyd Mayweather 
3) Jay Z
4) A-Rod
5) Blake Shelton
6) Steven Spielberg 
7) Kim Kardashian
8) Mark Wahlberg
9) Oprah
10) Travis Scott",Fauxmoi
2023-12-26 14:30:56,Global Warming: Contiguous U.S. Temperature Zones Predicted for 2070-2099 Under Different Emissions Scenarios [OC],,dataisbeautiful
2021-03-19 18:51:09,What makes you hopeful that we can reach net zero emissions by 2050?,,AskReddit
2022-07-29 06:30:15,Historic Senate Climate Deal Would Reduce Emissions 40% By 2030,,Futurology
2021-07-08 14:03:47,Volkswagen and BMW fined $1 billion for running emissions cartel,,news
2025-03-04 10:16:08,Half of new EU city buses were zero-emission in 2024,,europe
2024-01-11 16:08:25,Per capita CO2 emissions by country 2022 [OC],,europe
2023-03-21 01:50:53,Carbon dioxide (per capita) emission - World Map,,MapPorn
2025-01-01 19:50:45,What surviving like 5 emissions plus C-consciousness brainwashing does to a mf,,stalker
2022-12-10 09:01:11,There is no point in the general public stopping their individual pollution/emissions,"Just 100 companies are responsible for over 70% of global emissions. The top 10 biggest cargo ships contribute more emissions than all consumer vehicles in the world combined. The corporate world is doing a million times more damage to the earth than every single person in the general public and you taking the bus instead of driving to work will not slow down global warming, even if every single person on this earth did the same thing.",unpopularopinion
2021-07-25 20:45:40,Just 5% of the world’s power plants account for almost three-quarters of carbon emissions from electricity generation. A crackdown on a limited number of ‘hyper-emitting’ power plants could yield outsize cuts in the carbon emissions resulting from global electricity generation.,,science
2021-07-29 13:52:15,About 74 million lives could be saved this century if humans cut greenhouse gas emissions to zero by 2050,,science
2025-03-08 22:27:44,actor Tom Cruise drives electric cars to make emission impossible,,shittymoviedetails
2021-10-17 10:46:12,UK to put nuclear power at heart of net zero emissions strategy,,worldnews
2024-09-22 09:36:53,The rise of solar power and China's staggering EV growth may have pushed global emissions into decline,,UpliftingNews
2024-11-12 11:51:53,Shell wins appeal against order to cut emissions,,news
2023-06-22 10:05:14,Wind power seen growing ninefold as Canada cuts carbon emissions,,technology
2024-11-15 01:20:41,Diesel Tuners Indicted for Smuggling $33 Million in Emissions Defeat Devices Into US,,cars
2021-05-06 11:19:39,China’s Emissions Now Exceed All the Developed World’s Combined,,technology
2023-03-30 07:53:18,"Private jet flights tripled, CO2 emissions quadrupled since before pandemic",,worldnews
2021-05-24 11:55:01,[OC] Comparing Emissions Sources - How to Shrink your Carbon Footprint More Effectively,,dataisbeautiful
2023-01-01 14:23:43,"Defying Expectations, EU Carbon Emissions Drop To 30-Year Lows",,worldnews
2024-04-22 14:05:33,"States sue to block US rules curbing tailpipe emissions in cars, light trucks",,news
2021-05-26 13:48:19,Shell ordered to reduce emissions by 45% by 2030 in landmark ruling,,worldnews
2024-06-11 11:08:46,"Universal Basic Income Could Double Global GDP While Cutting Carbon Emissions | This plan promises to double global GDP and significantly cut carbon emissions, presenting a dual solution to economic inequality and environmental degradation.",,Futurology
2024-10-31 21:44:41,One hour of emissions from Australian billionaires’ equals what average Australian emits in entire year | Media Oxfam Australia,,australia
2023-12-26 11:47:37,UK becomes first G20 country to halve its carbon emissions,,unitedkingdom
2021-09-07 18:54:20,"Every year, the Taihang solar farm in China reduces 251,000 metric tons of CO2 emissions.",,interestingasfuck
2020-12-18 21:32:57,Australian 'super seaweed' supplement to reduce cattle gas emissions wins $1m international prize,,worldnews
2020-06-08 22:12:25,Four more years of Donald Trump could 'delay global emissions cuts by 10 years’,,science
2020-04-03 06:20:47,Coronavirus could trigger biggest fall in carbon emissions since World War Two,,worldnews
2022-05-06 12:20:52,Countries scaled by CO₂ emissions in 2020. [OC],,dataisbeautiful
2022-03-29 14:43:46,Exxon is mining bitcoin in North Dakota as part of its plan to slash emissions,,nottheonion
2022-11-15 14:40:21,National per capita CO2 emissions in 2021 [OC],,dataisbeautiful
2025-01-04 03:20:18,So my entire town of Yaniv died because they refused to take shelter from emission,"My last save was an hour ago, I am not reloading. Is this gonna be a ghost town now with no one in it?",stalker
2021-04-01 10:41:03,Two-thirds economists agree the costs of investing toward net-zero emissions by 2050 would be outweighed by the economic benefits,,Futurology
2023-11-20 14:37:36,"Richest 1% account for more carbon emissions than poorest 66%, report says | Greenhouse gas emissions",,news
2024-04-13 08:52:08,CO2 Emissions of Indian Subcontinent ,,MapPorn
2021-08-15 12:19:34,[OC] CO2 Emissions from the biggest economies from 1900 to 2019,,dataisbeautiful
2022-04-11 22:58:56,It's almost as if carbon emissions per Capita tell the exact opposite story. I facepalmed so hard,,confidentlyincorrect
2021-08-03 11:42:40,Two-thirds of economists agree the benefits of investing toward net-zero emissions by 2050 would exceed the costs,,Futurology
2022-06-23 09:18:04,'We are not pollution producers': Dutch farmers block roads in protest against emissions targets,,worldnews
2023-08-09 11:38:25,India succeeds in reducing emissions rate by 33% over 14 years,,UpliftingNews
2024-09-17 20:26:16,Feds Nail Another Diesel Shop With $10M in Fines for Deleting Emissions Equipment,"It was caught selling, installing, and manufacturing tuning devices that imitated another company’s products.",Diesel
2020-10-05 15:22:47,Exxon’s Plan for Surging Carbon Emissions Revealed in Leaked Documents - Exxon has been planning to increase annual carbon-dioxide emissions by as much as the output of the entire nation of Greece,,worldnews
2020-03-07 22:40:07,"Coronavirus outbreak causes decline in China greenhouse gas emissions. Experts say greenhouse gas emissions in China, the world’s largest current contributor to climate change, are down 25 per cent",,worldnews
2021-07-08 18:17:52,"CO2 emissions per capita in the US, the EU, China, and India 🇺🇸🇪🇺🇨🇳🇮🇳🗺️ [OC]",,dataisbeautiful
2020-09-23 17:30:21,Airbus Just Debuted 'Zero-Emission' Aircraft Concepts Using Hydrogen Fuel,,gadgets
2020-05-14 13:59:48,"Airlines must take steps to keep carbon emissions down when flights resume so that the lower levels recorded during the COVID-19 pandemic can be entrenched, PM Boris Johnson said: “Inadvertently, the planet this year will (have) greatly reduced its CO2 emissions ...we need to entrench those gains”",,worldnews
2023-01-16 13:59:05,Portuguese broadcaster ends emission too soon,,WatchPeopleDieInside
2024-12-12 21:10:38,Anyone else see how the emissions start?,,stalker
2021-05-06 14:24:26,"China’s greenhouse gas emissions exceed those of U.S. and developed countries combined, report says",,worldnews
2022-09-21 01:46:42,"Study: Plant-based Diets Have Potential to Reduce Diet-Related Land Use by 76%, Greenhouse Gas Emissions by 49%",,science
2021-11-09 14:29:50,CO2 emissions per capita in 2020 [OC],,dataisbeautiful
2022-08-22 21:58:29,Nearly all marine species face extinction if greenhouse emissions don’t drop,,science
2019-09-09 11:46:21,[OC] Which countries produce a greater proportion of global CO2 emissions than their proportion of the global population?,,dataisbeautiful
2024-10-01 18:48:32,China will likely have lower green house gas emissions than USA by 2035,,Futurology
2020-09-14 22:59:31,Mercedes-Benz fined $1.5 billion for emissions cheating,,news
2021-11-05 09:54:50,[OC] CO2 emission per capita since 1800,,dataisbeautiful
2023-12-11 16:19:41,"Detailed 2023 analysis finds plant diets lead to 75% less climate-heating emissions, water pollution and land use than meat-rich ones",,Futurology
2023-05-15 19:03:32,South Africa Beats Climate Goal as Blackouts Slash Emissions,,worldnews
2021-05-26 13:55:57,Dutch court rules oil giant Shell must cut carbon emissions by 45% by 2030 in landmark case,,Futurology
2021-07-28 14:05:12,US to return to aggressive mileage and emissions standard goals,,cars
2021-05-08 20:02:40,Report: China emissions exceed all developed nations combined,,news
2022-04-29 22:15:49,Ocean life projected to die off in mass extinction if emissions remain high,,worldnews
2024-05-23 14:17:22,Ridiculously simple idea cuts cargo ship emissions by 17.3% in first trials,,technology
2022-02-08 14:30:28,Four periods of equal sized global fossil fuel emissions. The first period was 222 years the last only 12. [OC],,dataisbeautiful
2022-11-25 10:02:13,NEW: Ultra-low emission zone will be expanded to cover the whole of London next August - Tom Edwards Twitter,,london
2020-01-30 09:26:10,Per capita CO2 emissions by country [OC],,dataisbeautiful
2019-11-06 08:08:23,"China meets ultra-low emissions in advance of the 2020 goal. China's annual power plant emissions of sulphur dioxide, nitrogen oxide and particulate matter dropped by 65%, 60% and 72% from 2.21, 3.11 and 0.52 million tons in 2014 to 0.77, 1.26 and 0.14 million tons in 2017, respectively.",,science
2025-04-01 13:14:18,"Dept of Agriculture now banning phrases such as “clean water,” “methane emissions,” & “solar energy” to name only a few","Just learned the dept of agriculture now has a lot of banned words and phrases such as:

- safe drinking water
- water pollution
- water treatment
- rural treatment 
- safe drinking water 
- microplastics 
- solar energy
- methane emissions ",Agriculture
2021-10-15 12:14:55,Plant-based jet fuel could reduce emissions by 68%,,Futurology
2019-06-20 02:15:23,"Study shows that Trump’s new “Affordable Clean Energy” rule will lead to more CO2 emissions, not fewer. The Trump administration rolled back Obama-era climate change rules in an effort to save coal-fired electric power plants in the US. “Key takeaway is that ACE is a free pass for carbon emissions”.",,science
2021-02-26 11:47:04,Percentage of all fossil fuel emissions that have occurred in my lifetime [OC],,dataisbeautiful
2021-08-16 10:53:20,"To Put the Brakes on Global Warming, Slash Methane Emissions First",,technology
2025-03-22 11:50:19,Countries by carbon emissions (% of global total),,MapPorn
2018-07-12 18:29:32,California has hit its 2020 greenhouse gas emissions goal years ahead of schedule,,news
2024-12-19 11:09:26,Biden declares tougher 2035 emissions targets weeks before Trump return,,energy
2021-09-15 11:33:42,A fundamentally new way to freeze foods could cut carbon emissions equal to 1 million cars,,science
2025-01-09 14:58:41,"""$52 Billion Cost Would Rank LA Fires Among Worst US Disasters"" I guess this was cheaper than reducing emissions.",,LeopardsAteMyFace
2020-11-02 07:49:47,Airbus Hopes to Be Flying Hydrogen-Powered Jetliners With Zero Carbon Emissions by 2035,,Futurology
2022-08-04 23:37:50,A new hyperloop-style vacuum-tube train can reach 621 mph and reduce emissions,,tech
2020-12-18 13:03:10,Global Warming Breakthrough: Australian 'super seaweed' supplement to reduce cattle gas emissions wins $1m international prize,,news
2023-03-10 13:09:17,BP CEO pay more than doubles to $12 million; emissions unchanged,,news
2021-12-20 16:31:26,"FedEx Receives First All-Electric, Zero-Tailpipe Emissions Delivery Vans",,Futurology
2020-02-02 14:32:51,Prince Charles criticised for flying 125 miles to give speech on reducing aircraft emissions,,worldnews
2022-08-06 15:24:39,Radiation emission risk: Russian troops seriously damage nitrogen-oxygen unit at Zaporizhzhia Nuclear Power Plant – Energoatom,,worldnews
2024-03-17 13:43:12,Serie's mana emission must be collosal ,,Frieren
2021-08-04 20:51:31,Senate Democrats to introduce legislation that would tax energy companies responsible for major greenhouse gas emissions,,technology
2019-05-07 12:12:16,Porsche fined $598M for diesel emissions cheating,,news
2019-12-04 07:40:32,We need to halve emissions by 2030. They rose again in 2019.,,Futurology
2021-01-24 14:28:45,"Biden administration to unveil more climate policies, urges China to toughen emissions target",,worldnews
2018-11-03 01:32:32,Carbon emissions are acidifying the ocean so quickly that the seafloor is disintegrating.,,worldnews
2019-04-12 09:15:29,Top 4 Countries with Highest CO2 Emissions Per Capita are Middle-Eastern [OC],,dataisbeautiful
2020-06-04 13:04:04,Nokia cuts 5G tower energy consumption by 30% and CO2 emissions by 80% using liquid cooling tech.,,Futurology
2019-04-23 16:15:08,UPS will start using Toyota's zero-emission hydrogen semi trucks,,technology
2023-03-06 22:42:48,"100 fossil fuel companies: *responsible for 71% of global carbon emissions* ; the media: ""you selfish asthmatics""",,LateStageCapitalism
2022-09-09 17:15:10,"Swapping meat for seafood could improve nutrition and reduce emissions, new study finds",,science
2020-09-14 23:04:15,Mercedes-Benz fined $1.5 billion for emissions cheating,,worldnews
2020-02-19 13:35:38,"Coronavirus outbreak slashes China carbon emissions: study | China's carbon emissions have dropped by least 100 million metric tonnes over the past two weeks, according to a study - That is nearly six percent of global emissions during the same period last year",,worldnews
2023-10-27 16:52:05,"Shifts in Bitcoin prices lead to shifts in carbon emissions – ""A $1 increase in Bitcoin price leads to $3.11–$6.79 in external damages from carbon emissions alone, well exceeding cryptomining’s value added (using a $190 social cost of carbon, but ignoring increased local air pollution).""",,science
2020-11-24 19:24:11,"Ivanka Trump called out for boasting about drop in greenhouse emissions: ""This is largely because of the pandemic""",,politics
2017-07-10 08:13:21,"Just 100 companies responsible for 71% of global emissions, study says | Guardian",,worldnews
2023-12-26 15:19:30,UK becomes first G20 country to halve its carbon emissions,,europe
2022-07-25 12:57:54,"[OC] CO2 emissions by region each year, per capita, since 1750",,dataisbeautiful
2023-11-17 04:23:45,"mother doesn’t need sleep, mother needs 🌈✨🥰CARBON EMISSIONS 🌈✨🥰",,popheadscirclejerk
2019-09-17 12:27:52,Real time speed of global fossil fuel CO₂ emissions (each box is 10 tonnes of CO₂) [OC],,dataisbeautiful
2023-06-20 07:11:26,the Germans have messed up their energy transition so bad that they have to censor the website to see the CO2/KWh emissions,,2westerneurope4u
2018-11-17 03:47:48,Colorado adopts California emissions standards,,UpliftingNews
2025-03-11 15:46:07,"Crying soyjak: ""nooooo lower emission food is evil""",,ClimateShitposting
2019-08-24 16:20:46,Where Do Greenhouse Gas Emissions Come From? [OC],,dataisbeautiful
2024-02-28 11:37:21,Apparently iPhones will reduce charging rates when there’s high carbon emissions in your area.,,iphone
2024-04-25 19:47:08,Emissions stopper ,,Funnymemes
2023-12-04 04:35:29,Taylor’s jet Co2 emissions actually kinda shocked me.,"People have been talking about Taylor’s extensive use of her jet for a while now, but I never paid it enough attention. I was in the camp of, well she can’t fly commercial so whatcha gonna do. There has been so much news of her being everywhere, so I actually looked up her jet emissions for the first time and I was like… oh…

Here is the Co2 emissions breakdown for the week of 11/26 to 12/3 for her jets (she and her team seem to use at least 2):

Jet 1 - Nashville to Tampa 5 tons
Jet 2 - São Paulo to Tampa 34 tons
Jet 2 - Tampa to Kansas City 10 tons
Jet 1 - Tampa to Nashville 6 tons 
Jet 2 - Kansas City to London 33 tons 
Jet 2 - London to Bangor 25 tons 
Jet 2 - Bangor to Kansas City n/a 
Jet 2 - Kansas City to Green Bay n/a 

Taylor Swift’s jets emitted OVER 113 tons of Co2 in ONE week. For comparison the average persons emits 4.7 tons of co2 PER YEAR. You need 6 MATURE trees to absorb 1 ton of co2 a year. So if Taylor planted 678 trees today in like 20 years they would offset just part of this week’s emissions. 

And the real kicker is the number that got her in the headlines last year was 8,294 co2 emissions in 200 days. She’d need to plant almost 50,000 trees (and wait a couple decades). 

As a lay person, I guess this is just shocking me because I had absolutely no concept of the environmental impact of flying private. I knew it wasn’t great, but these numbers really floored me. Private jets emit 10x more pollutants than commercial per passenger. 

I’m a huge Taylor Swift fan, but these numbers make me really uncomfortable. Plus the use of two jets simultaneously is sorta... It seems the party traveling back from Brazil split in Miami with one group going to KC and one to Nashville. I don’t understand why the group that went to the city without Taylor needed to fly private. Like we swifties could spot her parents or publicist, but the general public couldn’t, and there are Private First Class lounges and business flights with their own lounges that are separate from the general public. 

I used to never even think of looking at her jet usage because why would anyone track someone’s vehicle location, but now I’m like, we should track every single wealthy person’s jets and emissions constantly. And the locations also give a fuller pictures than just the numbers (aka multiple jets). Sure jet use doesn’t stack up to like Exxon Mobile’s emission’s (100 companies are responsible for 71% of emissions — yikes), but private jet use is certainly causing irreversible harm to our environment. 

Taylor isn’t the only person using private (the private jet fleet has doubled in the last 20 years and 1 in 6 flights handled by the FAA is private), but she is one of the top private jet users. I’m writing this post, that I fear may be really unpopular lol, because as a swiftie I don’t want to brush this under the rug or laugh it off with memes. We the fans in large part fuel (pun intended) Taylor Swift’s “need” and ability to excessively fly private, so I think it’s something we should at least continue to think about. She is a person with enormous impact and that includes on our environment.

Edit: Just a reminder, when the 2022 Yard report found her to have the highest celebrity private jet co2 emissions she was NOT on tour. ",TrueSwifties
2018-04-03 00:33:15,Trump’s EPA officially starts the fight to lower vehicle emissions standards,,technology
2024-10-02 01:57:27,Vance on carbon emissions and climate change: ‘Let’s just say that’s true’,,politics
2020-11-02 21:41:20,"Shell Oil Asked What People Are Willing to Do to Reduce Emissions. 'I'm Willing to Hold You Accountable,"" Said Ocasio-Cortez",,politics
2023-04-27 15:50:19,"How shading crops with solar panels can improve farming, lower food costs and reduce emissions",,technology
2024-05-04 14:27:55,Climate emissions from air travel 50 per cent higher than reported,,technology
2021-05-26 06:22:00,Airships for city hops could cut flying’s CO2 emissions by 90%,,Futurology
2019-12-11 18:10:16,Study Finds That Top Fossil Fuel Companies’ Emissions Responsible for More Than Half of Ocean Acidification Since 1880. More than one-fifth of that increased acidity from 1880 could be traced to the emissions from the 20 largest investor-owned companies since 1965,,science
2020-08-18 14:31:32,Opinion: Canada needs to go Nuclear to reach our emissions target,,canada
2024-07-15 21:41:41,China’s emissions of two potent greenhouse gases rise 78% in decade,,worldnews
2021-04-23 20:04:13,Biden announces US will aim to cut carbon emissions by as much as 52% by 2030 at virtual climate summit of world leaders,,Futurology
2024-10-20 17:40:50,Cumulative carbon emissions per capita from 1850-2021. ,,sustainability
2018-07-16 13:42:51,California Beat Its 2020 Emissions Target Four Years Early,,Futurology
2023-08-31 12:15:28,London's ultra low emissions zone (ULEZ) working exactly as it should,,fuckcars
2024-11-09 17:29:30,Analysis: Trump election win could add 4bn tonnes to US emissions by 2030,,energy
2022-08-04 13:24:29,Mercedes announce 50%+ reduction in CO2 emissions and significant increase in female and ethnic minority workforce,,formula1
2019-09-12 12:17:33,[OC] Which countries contribute a greater proportion of global CO2 emissions than they contribute to global GDP?,,dataisbeautiful
2024-12-16 11:46:56,"Exclusive: Trump transition team to roll back Biden EV, emissions policies",,electricvehicles
2021-07-29 01:48:28,Just 5% of Electric Plants Responsible for 73% of Power Sector Emissions,,technology
2023-10-01 01:47:44,"Ebay Could Owe $1.9 Billion in Fines for Allowing Sale of 343,000 Emissions Defeat Devices [The Drive]",,cars
2020-03-03 18:54:01,"UK carbon emissions have fallen 28 per cent over the past decade, further cementing the UK's position as the industrialised economy with the most impressive emissions reduction track record.",,Futurology
2024-03-17 15:57:02,"Change in Annual CO2 Emissions by Nation, 1980-2022",,MapPorn
2019-09-08 14:17:22,"Trump admin threatens California, automakers over emissions deal",,technology
2022-03-29 17:52:21,People over 60 are greenhouse gas emission 'bad guys',,Futurology
2018-11-08 15:58:46,YSK that eating chicken or pork instead of beef saves about 80% as much in carbon emissions as going vegetarian.,"Beef is probably the most delicious of meats.  I really like beef.  I cook a mean steak.  I've made beef wellington, red wine braised short ribs, korean BBQ beef, dry-aged steaks, 1/2lb pub burgers, (perfectly medium rare in the middle), surf & turf, 24-hour slow-smoked brisket (sweet jesus it was good)... you name it.  Beef was always my go-to.  Beef is the best meat. But I recently had to face up to the fact that it's the worst meat for the environment.  Cows create the most climate-change-causing emissions of any common farm animal.

[https://www.washingtonpost.com/lifestyle/food/heres-how-much-giving-up-beef-helps--or-doesnt-help--the-planet/2017/07/20/03bb5ba2-6d60-11e7-b9e2-2056e768a7e5\_story.html?utm\_term=.ad62ffade048](https://www.washingtonpost.com/lifestyle/food/heres-how-much-giving-up-beef-helps--or-doesnt-help--the-planet/2017/07/20/03bb5ba2-6d60-11e7-b9e2-2056e768a7e5_story.html?utm_term=.ad62ffade048)

According to this study, if you ate rice instead of beef once a week for a year, you would save 326 kilos of carbon. Chicken / Pork save 266 and 270 respectively - a large fraction of that 320.  This is also taking into account methane for its effect on climate change and counting it as an equivalent amount of carbon.  Cows release a lot of methane (lol yes farts) and it's enough to severely impact the climate.

You don't need to radically change your life to start steering in the right direction. Make chicken or pork your default option when picking out your protein, or get the veggie option once in a while.  Yes, there are bigger and better changes we could (and will probably need to) make to save the planet.  But all you need to do to get started is ask for chicken instead of steak at Chipotle.  I for one can live with that.   From now on beef is only for special occasions, and I'll try and get beef that was raised by grazing.",YouShouldKnow
2019-07-07 10:10:51,[OC] Global carbon emissions compared to IPCC recommended pathway to 1.5 degree warming,,dataisbeautiful
2019-05-16 14:27:49,Carbon Dioxide Emissions by country. [OC],,dataisbeautiful
2020-11-21 10:22:23,[OC] Animation of NO2 emissions across Europe during second wave of lockdowns,,dataisbeautiful
2022-07-24 14:14:03,[OC] World CO2 emission by region since 1750 (% share),,dataisbeautiful
2017-08-29 13:39:18,Electric car emissions slashed by two thirds as electricity generation goes green,,Futurology
2015-10-09 08:35:39,"Mercedes-Benz, Honda, Mazda and Mitsubishi have been found to be part of the diesel emission scandal.",,worldnews
2022-10-13 22:09:59,Miners are cutting CO2 emissions in half by switching to electric vehicles for extracting critical minerals,,Futurology
2020-11-17 22:27:50,Britain to ban new petrol cars and vans by 2030 on road to net zero emissions,,worldnews
2025-03-23 17:45:20,"Tesla's Avoided Emissions Are Up to 49% Overstated, A Study Claims",,electricvehicles
2017-10-12 20:06:17,Toyota’s hydrogen fuel cell trucks are now moving goods around the Port of LA. The only emission is water vapor.,,technology
2020-03-28 04:14:08,"Coal mines emit more methane than oil-and-gas sector, study finds, with emissions set to grow considerably in the coming years.",,science
2023-08-28 19:18:58,Another Diesel Tuner Nailed With $1M Fine for Emissions Tampering,,cars
2021-03-18 15:50:49,"Feeding cows seaweed could cut their methane emissions by 82%, scientists say",,news
2019-05-20 05:12:25,"If you're older than 27 you've lived through 50% of humanity's fossil fuel emissions, of all time",,dataisbeautiful
2025-01-03 11:13:22,China has reduced sulphur dioxide emissions by more than two-thirds in the last 15 years,,UpliftingNews
2018-07-09 08:48:51,Nissan admits emissions data falsified at plants in Japan,,technology
2021-05-04 22:51:44,"Efficient manufacturing could slash cement-based greenhouse gas emissions - Brazil's cement industry can halve its CO2 emissions in next 30 years while saving $700 million, according to new analysis. The production of cement is one of the largest sources of greenhouse gases on the planet.",,science
2023-04-12 09:11:32,"U.S. proposes 56% vehicle emissions cut by 2032, requiring big EV jump",,Economics
2017-12-13 13:05:24,Carbon emissions from the California fires have spread across the West Coast [OC],,dataisbeautiful
2023-11-20 21:13:18,"Richest 1% account for more carbon emissions than poorest 66%, report says | Greenhouse gas emissions",,Futurology
2025-02-23 11:00:12,"Leak: EU sticks to 90% emissions cut, aims to be ‘world leader’ on circular economy",,europe
2019-01-31 16:27:07,Countries scaled by total CO2 emissions 1971 to 2014 [OC],,dataisbeautiful
2016-07-31 13:41:29,"E-cigarettes emit harmful chemicals, research suggests: Researchers found as e-cigarettes get hotter the more toxic emissions they give off",,science
2018-02-03 20:57:33,"All-electric ferry cuts emission by 95% and costs by 80%, brings in 53 additional orders",,Futurology
2023-04-22 19:02:41,EPA proposal would nearly eliminate power plant emissions by 2040,,Futurology
2024-01-04 12:57:35,New cars bought in the UK must be zero emission by 2035 – it's the law,,technology
2021-12-25 11:26:33,Electric car supply chain carbon emissions lower than ICE vehicles. The total indirect emissions from electric vehicles pale in comparison to the indirect emissions from fossil fuel-powered vehicles,,science
2025-01-10 04:05:35,World’s richest use up their fair share of 2025 carbon budget in 10 days | Greenhouse gas emissions,,worldnews
2020-05-05 06:14:00,‘Near-unlivable’ heat for one-third of humans within 50 years if greenhouse gas emissions are not cut.,,worldnews
2021-11-07 07:31:41,A map relating to when counties will achieve net zero emissions,,MapPorn
2024-03-21 09:40:22,"Ontario had almost eliminated electricity emissions. Since Doug Ford came to power, gas plant use has tripled",,ontario
2015-09-29 14:31:01,Elon Musk Says Climate Change Refugees Will Dwarf Current Crisis. Tesla's CEO says the Volkswagen scandal is minor compared with carbon dioxide emissions.,,worldnews
2018-07-29 08:55:04,NO2 emissions from 1997 to 2011 in North America and East Asia [OC],,dataisbeautiful
2021-05-02 17:18:14,13 U.S. refineries exceeded emissions limits for cancer-causing benzene in 2020 -report,,technology
2018-05-06 00:08:29,CO2 emissions per GWh of energy produced [OC],,dataisbeautiful
2023-10-19 12:37:39,"What exactly is this button on the left, I know it’s emissions related. 21 f550 powerstroke",,Diesel
2019-05-23 09:09:33,Running total of global fossil fuel CO₂ emissions showing 4 time periods of equal emissions [OC],,dataisbeautiful
2023-06-06 16:05:38,"How shading crops with solar panels can improve farming, lower food costs and reduce emissions",,tech
2015-05-17 02:52:30,It Only Took Four Months For China To Achieve A Jaw-Dropping Reduction In Carbon Emissions: ...a reduction in emissions that’s approximately equal to the total CO2 emissions of the U.K. over the same period,,worldnews
2022-11-15 02:13:39,Herschel Walker Praises 'Gas-Guzzling Cars' That Release 'Good Emissions',,politics
2015-09-28 10:41:58,Audi says 2.1 million cars have 'cheat' emissions software,,worldnews
2022-02-12 09:42:26,Drones as Big as 747s Will Fly Cargo Around the World With Low Emissions,,Futurology
2017-01-14 13:27:52,If CO2 Emissions were visible.,,interestingasfuck
2025-03-23 16:34:14,EVs have lower lifetime emissions than gas cars: study,,electricvehicles
2022-07-07 18:43:56,"9,000-lb Hummer EV is So Inefficient That its Upstream Emissions Eclipse an ICE Sedan's",,cars
